icd,kw
B43.9,"bệnh nhiễm nấm sâu chromomycois ( nấm hạt màu ) , không xác định"
B44,bệnh nhiễm nấm aspergillus
B44.0,bệnh nhiễm nấm aspergillus ở phổi xâm lấn
B44.1,bệnh nhiễm nấm aspergillus ở phổi khác
B44.2,bệnh nhiễm nấm aspergillus ở amiđan
C10.1,u ác của mặt trước của nắp thanh môn
C10.2,u ác của thành bên họng miệng
C09.1,u ác của trụ amiđan ( trước ) ( sau )
C03.9,"u ác của lợi , không đặc hiệu"
C04,u ác của sàn miệng
C04.0,u ác của sàn trước miệng
C09.8,u ác với tổn thương chồng lấn của amiđan
C10.3,u ác của thành sau họng miệng
C10,u ác của hầu miệng
C10.0,u ác của nắp thanh quản
C09.9,u ác của amiđan không đặc hiệu
C09.0,u ác của hố amiđan
C10.4,"u ác của hầu miệng , khe mang"
C10.8,u ác với tổn thương chồng lấn của họng miệng
C43.3,u hắc tố ác của phần khác và không xác định của mặt
C43.4,u hắc tố ác tính của đầu và cổ
C26.8,u ác với tổn thương chồng lấn của hệ tiêu hóa
C26.9,u ác ở vị trí không rõ ràng trong hệ tiêu hóa
C43.1,"u hắc tố ác của mi mắt , bao gồm khóe mắt"
C43.2,u hắc tố ác của tai và ống tai ngoài
C43.8,u hắc tố ác tính lan rộng của da
C43.9,"u hắc tố ác của da , không đặc hiệu"
C44,u ác khác của da
C43.7,"u hắc tố ác của chi dưới , bao gồm cả hông"
C41.1,u ác của xương hàm dưới
C41.2,u ác của cột sống
C41.0,u ác của xương sọ và xương mặt
C43.5,u hắc tố ác của thân mình
C43.6,"u hắc tố ác của chi trên , bao gồm vai"
C41.3,"u ác của xương sườn , xương ức và xương đòn"
C41.4,"u ác của xương chậu , xương cùng và xương cụt"
C41.8,u ác với tổn thương chồng lấn của xương và sụn khớp
C41.9,u ác của xương và sụn khớp không đặc hiệu
C43,u hắc tố ác của da
C43.0,u hắc tố ác của môi
C30,u ác của khoang mũi và tai giữa
C37,u ác tuyến ức
C38,"u ác của tim , trung thất và màng phổi"
C34.0,u ác của phế quản chính
C34.1,"u ác của thùy trên , phế quản hoặc phổi"
C32.2,u ác vùng dưới thanh môn
C32.3,u ác của sụn thanh quản
C34,u ác của phế quản và phổi
C34.8,u ác với tổn thương chồng lấn của phế quản và phổi
C34.9,"u ác của phế quản hoặc phổi , không đặc hiệu"
C32.8,u ác với tổn thương chồng lấn của thanh quản
C32.9,"u ác của thanh quản , không đặc hiệu"
C33,u ác khí quản
C34.2,"u ác của thùy giữa , phế quản hoặc phổi"
C34.3,"u ác của thùy dưới , phế quản hoặc phổi"
C32.0,u ác của thanh môn
C32.1,u ác vùng trên thanh môn
C31.9,"u ác của xoang phụ , không đặc hiệu"
C32,u ác thanh quản
C21.8,"u ác với tổn thương chồng lấn của đại tràng , hậu môn và ống hậu môn"
C22,u ác của gan và đường mật trong gan
C15.3,u ác của phần ba trên thực quản
C15.4,u ác của phần ba giữa thực quản
C30.1,u ác của tai giữa
C31,u ác của các xoang phụ
C31.0,u ác của xoang hàm
C13.8,u ác với tổn thương chồng lấn của hạ hầu
C13.9,u ác của hạ hầu không đặc hiệu
C14,"u ác vị trí khác và không rõ ràng của môi , khoang miệng và hầu"
C17.3,u ác của túi thừa meckel
C17.8,u ác với tổn thương chồng lấn của ruột non
C17.9,"u ác của ruột non , không đặc hiệu"
C18,u ác đại tràng
C14.0,"u ác của hầu , không đặc hiệu"
C14.2,u ác của vòng bạch huyết waldeyer
C14.8,"u ác với tổn thương chồng lấn của môi , khoang miệng và hầu họng"
C26.0,"u ác của đường ruột , phần không xác định"
C26.1,u ác ở lách
C31.1,u ác của xoang sàng
C31.2,u ác của xoang trán
C30.0,u ác của khoang mũi
C31.3,u ác của xoang bướm
C31.8,u ác với tổn thương chồng lấn của xoang phụ
B37.0,bệnh viêm miệng do nấm candida
B37.1,bệnh do nhiễm nấm candida ở phổi
B37.2,bệnh do nhiễm nấm candida ở da và móng
B37.3†,bệnh do nhiễm nấm candida ở âm hộ và âm đạo ( n77 . 1 * )
C04.8,u ác với tổn thương chồng lấn của sàn miệng
C04.9,"u ác của sàn miệng , không đặc hiệu"
C05,u ác của khẩu cái
C06.9,"u ác của miệng , không đặc hiệu"
C07,u ác tuyến mang tai
C08,u ác của các tuyến nước bọt chính khác và không xác định
C06.0,u ác của niêm mạc má
C06.1,u ác của tiền đình của miệng
C05.9,"u ác của khẩu cái , không đặc hiệu"
C06,u ác của phần khác và không xác định của miệng
C06.2,u ác vùng hậu hàm
C06.8,u ác với tổn thương chồng lấn của phần khác và không xác định của miệng
C08.0,u ác tính tuyến nước bọt dưới hàm
C08.1,u ác của tuyến nước bọt dưới lưỡi
C08.8,u ác với tổn thương chồng lấn của tuyến nước bọt chính
C05.1,u ác của khẩu cái mềm
C05.2,u ác của lưỡi gà
C05.8,u ác với tổn thương chồng lấn của khẩu cái
C04.1,u ác của sàn miệng bên
C05.0,u ác của khẩu cái cứng
C16.0,u ác của tâm vị
C16.1,u ác của đáy vị
C15.9,"u ác của thực quản , không đặc hiệu"
C16,u ác của dạ dày
C18.0,u ác của manh tràng
C18.1,u ác của ruột thừa
C18.8,u ác với tổn thương chồng lấn của đại tràng
C18.9,u ác của đại tràng không đặc hiệu
C19,u ác của đoạn nối trực tràng - đại tràng sigma
C16.2,u ác của thân vị
C16.3,u ác của hang môn vị
C13.1,"u ác của nếp sụn phễu - nắp thanh quản ( nếp phễu nắp ) , mặt hạ hầu"
C13.2,u ác của vách sau của hạ hầu
C18.5,u ác của đại tràng góc lách
C18.6,u ác của đại tràng xuống
C20,u ác trực tràng
C21,u ác của hậu môn và ống hậu môn
C18.7,u ác của đại tràng xích ma
C21.0,"u ác của hậu môn , không đặc hiệu"
C21.1,u ác của ống hậu môn
C21.2,u ác của vùng có nguồn gốc từ ổ nhớp
C10.9,"u ác của họng miệng , không đặc hiệu"
C11,u ác của hầu - mũi
C18.2,u ác của đại tràng lên
C18.3,u ác của đại tràng góc gan
C18.4,u ác của đại tràng ngang
C25.3,u ác của ống tụy
C25.4,u ác của tụy nội tiết
C25.7,u ác phần khác của tụy
C24.0,u ác của đường mật ngoài gan
C24.1,u ác của bóng vater
C24.8,u ác với tổn thương chồng lấn của đường mật
C22.0,ung thư biểu mô tế bào gan
C22.1,ung thư biểu mô đường mật trong gan
C22.2,u nguyên bào gan
C24.9,"u ác của đường mật , không đặc hiệu"
C25,u ác tụy
C25.0,u ác của đầu tụy
C25.1,u ác của thân tụy
C25.2,u ác của đuôi tụy
C25.8,u ác với tổn thương chồng lấn của tụy
C25.9,"u ác của tụy , không đặc hiệu"
C22.3,ung thư mô liên kết mạch máu của gan
C22.4,ung thư mô liên kết khác của gan
C22.7,ung thư biểu mô xác định khác của gan
C11.9,u ác của mũi hầu không đặc hiệu
C12,u ác của xoang lê
C13,u ác của hạ hầu
C11.3,u ác của vách trước của mũi hầu
C11.8,u ác với tổn thương chồng lấn của mũi hầu
C11.0,u ác của vách trên của mũi hầu
C13.0,u ác của vùng sau sụn nhẫn
C17,u ác ruột non
C17.0,u ác của tá tràng
C17.1,u ác của hỗng tràng
C17.2,u ác của hồi tràng
C16.6,"u ác của bờ cong lớn dạ dày , không đặc hiệu"
C16.8,u ác với tổn thương chồng lấn của dạ dày
C16.9,u ác của dạ dày không đặc hiệu
C15.5,u ác của phần ba dưới thực quản
C15.8,u ác với tổn thương chồng lấn của thực quản
C15,u ác thực quản
C15.0,u ác của thực quản phần cổ
C15.1,u ác của thực quản phần ngực
C15.2,u ác của thực quản phần bụng
C16.4,u ác của môn vị
C16.5,"u ác của bờ cong nhỏ dạ dày , không đặc hiệu"
C39,u ác ở những vị trí khác và không rõ ràng của hệ hô hấp và cơ quan trong lồng ngực
C47.2,"u ác của thần kinh ngoại biên của chi dưới , bao gồm hông"
C47.3,u ác của thần kinh ngoại biên của lồng ngực
B34.4,"nhiễm virus papova , vị trí không xác định"
B34.8,nhiễm virus khác ở vị trí không xác định
B34.9,"nhiễm virus , không xác định"
B35,bệnh nấm ở da
B35.0,bệnh nấm ở cằm và nấm da đầu ( chốc đầu )
B94.9,di chứng của bệnh nhiễm trùng và ký sinh trùng không xác định
B94.8,di chứng của bệnh nhiễm trùng và ký sinh trùng xác định khác
B94.0,di chứng của bệnh mắt hột
B94.1,di chứng của bệnh viêm não do virus
B94.2,di chứng của bệnh viêm gan virus
B99,các bệnh nhiễm trùng khác và không xác định
C00,u ác của môi
B96.6,bacillus fragilis ( b . fragilis ) là nguyên nhân gây bệnh phân loại ở chương khác
B96.7,clostridium perfringens ( c . perfringens ) là nguyên nhân gây bệnh phân loại ở chương khác
B96.8,vi khuẩn xác định khác gây bệnh phân loại ở chương khác
B97,tác nhân virus gây các bệnh phân loại ở chương khác
B97.0,adenovirus là nguyên nhân gây bệnh phân loại ở chương khác
B97.1,enterovirus là nguyên nhân gây bệnh phân loại ở chương khác
B97.2,coronavirus là nguyên nhân gây bệnh phân loại ở chương khác
B95.8,tụ cầu không xác định là nguyên nhân gây bệnh phân loại ở chương khác
B96,tác nhân vi khuẩn xác định khác là nguyên nhân gây bệnh phân loại ở chương khác
B96.0,mycoplasma pneumoniae ( m . pneumoniae ) là nguyên nhân gây bệnh phân loại ở chương khác
B96.1,klebsiella pneumoniae ( k . pneumoniae ) là nguyên nhân gây bệnh phân loại ở chương khác
B96.2,escherichia coli ( e . coli ) là nguyên nhân gây bệnh phân loại ở chương khác
B96.3,haemophilus influenzae ( h . influenzae ) là nguyên nhân gây bệnh phân loại ở chương khác
B96.4,proteus ( mirabilis ) ( morganii ) là nguyên nhân gây bệnh phân loại ở chương khác
B96.5,pseudomonas ( aeruginosa ) là nguyên nhân gây bệnh phân loại ở chương khác
B92,di chứng của bệnh phong
B94,di chứng của bệnh nhiễm trùng và ký sinh trùng khác và không xác định
B95,"liên cầu và tụ cầu là nguyên nhân gây bệnh , được phân loại ở các chương khác"
B95.0,"liên cầu , nhóm a , là nguyên nhân gây bệnh phân loại ở chương khác"
B95.1,"liên cầu , nhóm b , là nguyên nhân gây bệnh phân loại ở chương khác"
B95.2,"liên cầu , nhóm d , là nguyên nhân gây bệnh phân loại ở chương khác"
B95.3,phế cầu là nguyên nhân gây bệnh phân loại ở chương khác
B95.4,liên cầu khác là nguyên nhân gây bệnh phân loại ở chương khác
B95.5,liên cầu không xác định là nguyên nhân gây bệnh phân loại ở chương khác
B95.6,tụ cầu vàng là nguyên nhân gây bệnh phân loại ở chương khác
B95.7,tụ cầu khác là nguyên nhân gây bệnh phân loại ở chương khác
B97.3,retrovirus là nguyên nhân gây bệnh phân loại ở chương khác
B97.4,virus hợp bào đường hô hấp là nguyên nhân gây bệnh phân loại ở chương khác
B97.5,reovirus là nguyên nhân gây bệnh phân loại ở chương khác
B97.6,parvovirus là nguyên nhân gây bệnh phân loại ở chương khác
B97.7,papillomavirus là nguyên nhân gây bệnh phân loại ở chương khác
B97.8,các virus gây bệnh phân loại ở chương khác
B98,tác nhân nhiễm trùng xác định khác gây các bệnh phân loại ở chương khác
B98.0,helicobacter pylori ( h . pylori ) gây bệnh phân loại ở chương khác
B98.1,vibrio vulnificus là nguyên nhân gây bệnh phân loại ở chương khác
B90.8,di chứng do lao cơ quan khác
B90.9,di chứng do lao hô hấp và bệnh lao không xác định
B91,di chứng của bệnh bại liệt
C03.0,u ác của lợi hàm trên
C03.1,u ác của lợi hàm dưới
C02.0,u ác mặt lưng của lưỡi
C02.1,u ác bờ của lưỡi
C02.2,u ác mặt bụng của lưỡi
C02.3,"u ác hai phần ba trước của lưỡi , phần không xác định"
C00.6,u ác của mép môi
C00.8,u ác với tổn thương chồng lấn của môi
C00.9,"u ác của môi , không xác định"
C01,u ác của đáy lưỡi
C02,u ác của phần khác và không xác định của lưỡi
C00.0,"u ác của môi , phần ngoài môi trên"
C00.1,"u ác của môi , phần ngoài môi dưới"
C00.2,"u ác của môi , phần ngoài môi , không xác định trên hay dưới"
C00.3,"u ác của môi , môi trên , mặt trong"
C00.4,"u ác của môi , môi dưới , mặt trong"
C00.5,"u ác , mặt trong môi , không xác định trên hay dưới"
C02.8,u ác với tổn thương chồng lấn của lưỡi
C02.9,u ác của lưỡi không đặc hiệu
C03,u ác của lợi răng
C02.4,u ác của amiđan lưỡi
B45.9,"bệnh nhiễm nấm cryptococcus , không xác định"
B46,bệnh nhiễm nấm đen zygomycota
B46.0,bệnh nhiễm nấm mucor ở phổi
B46.1,bệnh nhiễm nấm mucor ở mũi - não
B46.2,bệnh nhiễm nấm mucor ở đường tiêu hóa
B55.9,"bệnh do leishmania , không đặc hiệu"
B56,bệnh do nhiễm trypanosoma châu phi
B56.0,bệnh do nhiễm trypanosoma gambiense
B56.1,bệnh do nhiễm trypanosoma rhodesiense
B56.9,"bệnh do nhiễm trypanosoma châu phi ( bệnh ngủ châu phi ) , không xác định"
B57,bệnh chagas
B57.0†,"bệnh chagas cấp ảnh hưởng đến tim ( i41 . 2 * , i98 . 1 * )"
B57.1,bệnh chagas cấp không ảnh hưởng đến tim
B57.2,bệnh chagas ( mạn tính ) ảnh hưởng đến tim
B68,bệnh sán dây
B68.0,bệnh sán dây taenia solium
B68.1,bệnh sán dây taenia saginata
B66.3,bệnh nhiễm sán lá gan lớn ( fasciola hepatica )
B66.4,bệnh nhiễm sán paragonimus
B66.5,bệnh do nhiễm fasciolopsis
B66.8,bệnh nhiễm sán lá xác định khác
B66.9,"bệnh nhiễm sán lá , không đặc hiệu"
B67,bệnh do echinococcus
B67.0,nhiễm echinococcus granulosus ở gan
B67.3,"nhiễm echinococcus granulosus , vị trí khác và nhiều vị trí"
B67.4,"nhiễm echinococcus granulosus , không đặc hiệu"
B67.5,nhiễm echinococcus multilocularis ở gan
B66.0,bệnh nhiễm sán lá gan opisthorchis
B66.1,bệnh nhiễm sán lá gan nhỏ
B66.2,bệnh nhiễm sán dicrocoelium
B65.1,bệnh sán máng do schistosoma mansoni ( bệnh sán máng đường ruột )
B65.2,bệnh sán máng do schistosoma japonicum
B65.3,viêm da do ấu trùng
B65.8,bệnh sán máng khác
B65.9,"bệnh sán máng , không đặc hiệu"
B66,bệnh nhiễm sán lá khác
B58.8,bệnh do toxoplasma có ảnh hưởng đến cơ quan khác
B58.9,"bệnh do toxoplasma , không đặc hiệu"
B60,"bệnh do ký sinh trùng đơn bào khác , không phân loại nơi khác"
B60.0,bệnh do babesia
B60.1,bệnh do acanthamoeba
B60.2,bệnh do naegleria
B60.8,"bệnh do ký sinh trùng đơn bào , xác định khác"
B64,bệnh do ký sinh trùng đơn bào không xác định
B65,bệnh sán máng ( bilharziasis )
B65.0,bệnh sán máng do schistosoma haematobium ( bệnh sán máng đường tiết niệu )
B67.1,nhiễm echinococcus granulosus ở phổi
B67.2,nhiễm echinococcus granulosus ở xương
B48.5†,bệnh nhiễm nấm pneumocystis carinii ( j17 . 2 * )
B48.7,bệnh nhiễm nấm cơ hội
B48.8,bệnh nhiễm nấm xác định khác
B49,nhiễm nấm không xác định
B50,bệnh sốt rét do plasmodium falciparum
B50.0,bệnh sốt rét do plasmodium falciparum kèm biến chứng não
B50.8,bệnh sốt rét do plasmodium falciparum thể nặng và biến chứng khác
B50.9,"bệnh sốt rét do plasmodium falciparum , không xác định"
B51,bệnh sốt rét do plasmodium vivax
B53,bệnh sốt rét khác được khẳng định về ký sinh trùng học
B53.0,bệnh sốt rét do plasmodium ovale
B53.1,bệnh sốt rét do plasmodia ở khỉ
B53.8,"bệnh sốt rét được khẳng định bằng ký sinh trùng học khác , không phân loại nơi khác"
B54,bệnh sốt rét không đặc hiệu
B55,bệnh do leishmania
B55.0,bệnh do leishmania nội tạng
B55.1,bệnh do leishmania da
B55.2,bệnh do leishmania da niêm mạc
B36.2,bệnh trứng tóc trắng
B36.3,bệnh trứng tóc đen
B36.8,bệnh nấm nông xác định khác
B36.9,"bệnh nấm nông , không xác định"
B37,bệnh do nấm candida
B51.0,bệnh sốt rét do plasmodium vivax với vỡ lách
B51.8,bệnh sốt rét do plasmodium vivax với biến chứng khác
B51.9,bệnh sốt rét do plasmodium vivax không biến chứng
B52,bệnh sốt rét do plasmodium malariae
B35.9,"bệnh nấm da , không xác định"
B36,các bệnh nhiễm nấm nông ở da khác
B36.0,bệnh lang ben
B36.1,bệnh nấm da có tổn thương màu đen
B52.0,bệnh sốt rét do plasmodium malariae kèm bệnh lý thận
B52.8,bệnh sốt rét do plasmodium malariae kèm biến chứng khác
B52.9,bệnh sốt rét do plasmodium malariae không kèm theo biến chứng
B57.3,bệnh chagas ( mạn tính ) ảnh hưởng đến hệ tiêu hóa
B57.4,bệnh chagas ( mạn tính ) ảnh hưởng đến hệ thần kinh
B57.5,bệnh chagas ( mạn tính ) ảnh hưởng đến cơ quan khác
B58,bệnh do nhiễm toxoplasma
B58.0†,bệnh lý mắt do toxoplasma
B58.1†,viêm gan do toxoplasma ( k77 . 0 * )
B58.2†,viêm não màng não do toxoplasma ( g05 . 2 * )
B58.3†,bệnh do toxoplasma ở phổi ( j17 . 3 * )
B67.6,nhiễm echinococcus multilocularis vị trí khác và nhiều vị trí
B67.7,nhiễm echinococcus multilocularis không đặc hiệu
B67.8,"bệnh do sán echinococcus ở gan , không đặc hiệu"
B67.9,"nhiễm ấu trùng sán echinococcus , khác và không xác định"
B81.2,bệnh giun trichostrongylus
B81.3,bệnh giun angiostrongylus đường ruột
B81.4,bệnh nhiễm giun sán phối hợp
B81.8,bệnh giun sán đường ruột xác định khác
B82,bệnh ký sinh trùng đường ruột không xác định
B82.0,"bệnh giun sán đường ruột , không đặc hiệu"
B82.9,nhiễm ký sinh trùng đường ruột không đặc hiệu
B83,bệnh giun sán khác
B83.0,ấu trùng di chuyển trong nội tạng
B83.1,nhiễm giun đầu gai ( gnathostoma )
B83.2,bệnh giun angiostrongylus do parastrongylus cantonensis
B83.3,nhiễm giun syngamia
B87.1,bệnh giòi trên vết thương
B87.2,bệnh giòi ở mắt ( ocular myiasis )
B87.3,bệnh giòi ở mũi họng
B80,bệnh giun kim
B81,"nhiễm giun đường ruột khác , chưa phân loại"
B81.0,bệnh giun anisakis
B81.1,bệnh giun capillaria đường ruột
B88.8,nhiễm ký sinh trùng xác định khác
B88.9,"nhiễm ký sinh trùng , không đặc hiệu"
B89,bệnh do ký sinh trùng không xác định
B90,di chứng do lao
B90.0,di chứng do lao hệ thần kinh trung ương
B90.1,di chứng do lao tiết niệu - sinh dục
B90.2,di chứng do lao xương và khớp
B83.4,bệnh đỉa nội tạng
B83.8,bệnh giun sán xác định khác
B83.9,"bệnh giun sán , không đặc hiệu"
B85,bệnh chấy rận
B85.0,bệnh chấy rận do pediculus humanus capitis
B85.1,bệnh chấy rận do pediculus humanus corporis
B85.2,"bệnh chấy rận , không đặc hiệu"
B85.3,bệnh chấy rận
B85.4,bệnh chấy rận phối hợp
B86,bệnh ghẻ
B87,bệnh giòi
B87.0,bệnh giòi ở da
B87.4,bệnh giòi ở tai
B87.8,bệnh giòi ở vị trí khác
B87.9,bệnh giòi không đặc hiệu
B88,nhiễm ký sinh trùng khác
B88.0,bệnh do ve khác
B88.1,nhiễm do bọ tunga ( nhiễm do bọ chét cái )
B88.2,nhiễm ký sinh trùng do tiết túc khác
B88.3,bệnh do đỉa ngoại ký sinh
B69.9,"bệnh ấu trùng sán lợn , không đặc hiệu"
B70,bệnh nhiễm sán dây cá diphyllobothrium và bệnh ấu trùng sán nhái sparganum
B70.0,bệnh nhiễm sán dây cá diphyllobothrium .
B68.9,"bệnh sán dây taenia , không đặc hiệu"
B69,bệnh ấu trùng sán lợn
B69.0,bệnh ấu trùng sán lợn ở hệ thần kinh trung ương
B76.1,bệnh giun necator
B76.8,bệnh giun móc khác
B76.9,"bệnh giun móc , không đặc hiệu"
B77,bệnh giun đũa
B77.0,bệnh giun đũa với biến chứng đường ruột
B70.1,bệnh nhiễm ấu trùng sán nhái sparganum
B71,nhiễm sán dây khác
B71.0,bệnh sán dây nhỏ hymenolepis
B71.1,bệnh sán dipylium
B74.1,bệnh giun chỉ do brugia malayi
B74.2,bệnh giun chỉ do brugia timori
B74.3,bệnh giun chỉ loa loa
B74.4,nhiễm giun chỉ mansonella
B71.8,nhiễm sán dây xác định khác
B71.9,nhiễm sán dây không đặc hiệu
B72,bệnh giun dracunculus
B73,bệnh giun chỉ
B74,bệnh giun chỉ
B74.0,bệnh giun chỉ do wuchereria bancrofti
B74.8,bệnh giun chỉ khác
B74.9,"bệnh giun chỉ , không đặc hiệu"
B75,bệnh giun xoắn trichinella
B76,bệnh giun móc
B76.0,bệnh giun ancylostoma
B78.1,bệnh giun lươn ở da
B78.7,bệnh giun lan tỏa
B78.9,"bệnh giun lươn , không đặc hiệu"
B79,bệnh giun tóc
B69.1,nhiễm ấu trùng sán lợn ở mắt
B69.8,bệnh ấu trùng sán lợn ở vị trí khác
B77.8,bệnh giun đũa với biến chứng khác
B77.9,"bệnh giun đũa , không đặc hiệu"
B78,bệnh giun lươn
B78.0,bệnh giun lươn đường ruột
B45.1,bệnh nhiễm nấm cryptococcus ở não
B45.2,bệnh nhiễm nấm cryptococcus ở da
B45.3,bệnh nhiễm nấm cryptococcus ở xương
B45.7,bệnh nhiễm nấm cryptococcus lan tỏa
B45.8,dạng khác của bệnh nhiễm nấm cryptococcus
B26.8,bệnh quai bị với biến chứng khác
B26.9,bệnh quai bị không biến chứng
B27,bệnh tăng bạch cầu đơn nhân nhiễm trùng
B27.0,bệnh tăng bạch cầu đơn nhân do virus herpes gamma
B27.1,bệnh tăng bạch cầu đơn nhân do virus đại bào ( cytomegalovirus )
B27.8,bệnh tăng bạch cầu đơn nhân nhiễm trùng khác
B27.9,"bệnh tăng bạch cầu đơn nhân nhiễm trùng , không đặc hiệu"
B30,viêm kết mạc do virus
B40.8,dạng khác của bệnh do nhiễm nấm blastomyces
B40.9,"bệnh do nhiễm nấm blastomyces , không xác định"
B41,bệnh do nhiễm nấm paracoccidioides
B41.0,bệnh do nhiễm nấm paracoccidioides ở phổi
B41.7,bệnh do nhiễm nấm paracoccidioides lan tỏa
B41.8,dạng khác của bệnh do nhiễm nấm paracoccidioides
B41.9,"bệnh do nhiễm nấm paracoccidioides , không xác định"
B42,bệnh do nhiễm nấm sporotrichum
B42.0†,bệnh do nhiễm nấm sporotrichum ở phổi ( j99 . 8 * )
B38.1,bệnh nhiễm nấm coccidioides ở phổi mạn tính
B38.2,"bệnh nhiễm nấm coccidioides ở phổi , không xác định ( cấp tính hoặc mạn tính )"
B38.3,bệnh nhiễm nấm coccidioides ở da
B38.4†,viêm màng não do nhiễm nấm coccidioides ( g02 . 1 * )
B38.7,bệnh nhiễm nấm coccidioides lan tỏa
B38.8,các dạng khác của bệnh nhiễm nấm coccidioides
B38.9,"bệnh nhiễm nấm coccidioides , không xác định"
B39,bệnh nhiễm nấm histoplasma
B30.8†,viêm kết mạc do virus khác ( h13 . 1 * )
B30.9,"viêm kết mạc do virus , không đặc hiệu"
B33,"bệnh nhiễm virus khác , chưa phân loại"
B33.0,bệnh đau cơ gây dịch
B33.1,bệnh ross river
B33.2,viêm tim do virus
B47.9,"bệnh u nấm , không xác định"
B48,"bệnh nhiễm nấm khác , không phân loại nơi khác"
B48.0,bệnh nhiễm nấm lobo
B48.1,bệnh nhiễm nấm rhinosporidium
B48.2,bệnh nhiễm nấm allesscheria
B48.3,bệnh nhiễm nấm geotrichum
B48.4,bệnh nhiễm nấm penicillium
B46.3,bệnh nhiễm nấm mucor ở da
B46.4,bệnh nhiễm nấm mucor lan tỏa
B46.5,"bệnh nhiễm nấm mucor , không xác định"
B46.8,bệnh nhiễm nấm zygomycetes khác
B46.9,"bệnh nhiễm nấm zygomycetes , không xác định"
B47,bệnh u nấm
B47.0,bệnh u nấm do eumycetes
B47.1,bệnh u nấm do actinomyces
B43.1,áp xe não do phaeomyces
B43.2,nang và áp xe dưới da do phaeomyces
B43.8,dạng khác của bệnh nhiễm nấm sâu chromomycosis ( nấm hạt màu )
B44.7,bệnh nhiễm nấm aspergillus lan tỏa
B44.8,dạng khác của bệnh nhiễm nấm aspergillus
B44.9,"bệnh nhiễm nấm aspergillus , không xác định"
B45,bệnh nhiễm nấm cryptococcus
B45.0,bệnh nhiễm nấm cryptococcus ở phổi
B42.1,bệnh do nhiễm nấm sporotrichum da - bạch huyết
B42.7,bệnh do nhiễm nấm sporotrichum lan tỏa
B42.8,dạng khác của bệnh do nhiễm nấm sporotrichum
B42.9,"bệnh do nhiễm nấm sporotrichum , không xác định"
B43,bệnh do nhiễm nấm chromoblastomycosa ( nấm màu ) và áp xe do phaeomyces
B43.0,bệnh do nhiễm nấm chromoblastomycosa ở da
B39.0,bệnh nhiễm nấm histoplasma capsulatum ở phổi cấp tính
B39.1,bệnh nhiễm nấm histoplasma capsulatum ở phổi mạn tính
B39.2,"bệnh nhiễm nấm histoplasma capsulatum ở phổi , không xác định ( cấp tính hoặc mạn tính )"
B39.3,bệnh nhiễm nấm histoplasma capsulatum lan tỏa
B39.4,"bệnh nhiễm nấm histoplasma capsulatum , không xác định ( ở phổi hoặc lan tỏa )"
B39.5,bệnh nhiễm nấm histoplasma duboisii
B39.9,"bệnh nhiễm nấm histoplasma , không xác định"
B40,bệnh do nhiễm nấm blastomyces
B40.0,bệnh do nhiễm nấm blastomyces ở phổi cấp tính
B40.1,bệnh do nhiễm nấm blastomyces ở phổi mạn tính
B40.2,"bệnh do nhiễm nấm blastomyces ở phổi , không xác định ( cấp tính hoặc mạn tính )"
B40.3,bệnh do nhiễm nấm blastomyces ở da
B40.7,bệnh do nhiễm nấm blastomyces lan tỏa
B26.0†,viêm tinh hoàn do quai bị ( n51 . 1 * )
B26.1†,viêm màng não do quai bị ( g02 . 0 * )
B26.2†,viêm não do quai bị ( g05 . 1 * )
B26.3†,viêm tụy do quai bị ( k87 . 1 * )
B20.0,bệnh hiv dẫn đến nhiễm mycobacterium
B20.1,bệnh hiv dẫn đến các bệnh nhiễm trùng khác
B20.2,bệnh hiv dẫn đến bệnh nhiễm cytomegalovirus
B20.3,bệnh hiv dẫn đến các bệnh nhiễm virus khác
B20.4,bệnh hiv dẫn đến nhiễm nấm candida
B20.5,bệnh hiv dẫn đến nhiễm nấm khác
B20.6,bệnh hiv dẫn đến viêm phổi do pneumocystis jirovecci
B35.4,bệnh nấm da thân
B35.5,bệnh nấm da vảy xếp lớp
B35.6,bệnh nấm da đùi ( nấm bẹn )
B35.8,bệnh nấm da khác
B33.3,nhiễm retrovirus không phân loại nơi khác
B33.4†,hội chứng tim - phổi do hanta virus ( hps ) ( hcps ) ( j17 . 1 * )
B33.8,bệnh do virus xác định khác
B34,nhiễm virus ở vị trí không xác định
B34.0,"nhiễm adenovirus , vị trí không xác định"
B34.1,"nhiễm enterovirus , vị trí không xác định"
B34.2,"nhiễm coronavirus , vị trí không xác định"
B34.3,"nhiễm virus parvo , vị trí không xác định"
B21.3,"bệnh hiv dẫn đến các khối u ác tính khác của mô bạch huyết , cơ quan tạo máu và tổ chức liên quan"
B21.7,bệnh hiv dẫn đến đa u ác tính
B21.8,bệnh hiv dẫn đến u ác tính khác
B21.9,bệnh hiv dẫn đến u ác tính không xác định
B22,bệnh hiv dẫn đến các bệnh xác định khác
B22.0,bệnh lý não do hiv
B22.1,viêm phổi mô kẽ lympho bào do hiv
B22.2,hội chứng suy kiệt do hiv
B22.7,đa bệnh lý phân loại nơi khác do hiv
B37.4,bệnh do nhiễm nấm candida ở các vị trí niệu sinh dục khác
B37.5†,bệnh viêm màng não do nhiễm nấm candida ( g02 . 1 * )
B37.6†,bệnh viêm nội tâm mạc do nhiễm nấm candida ( i39 . 8 * )
B37.7,nhiễm trùng huyết do candida
B37.8,bệnh do nhiễm nấm candida ở các vị trí khác
B37.9,"bệnh do nhiễm nấm candida , không xác định"
B38,bệnh nhiễm nấm coccidioides
B38.0,bệnh nhiễm nấm coccidioides ở phổi cấp tính
B35.1,bệnh nấm móng tay
B35.2,bệnh nấm da bàn tay
B35.3,bệnh nấm da chân
B20.7,bệnh hiv dẫn đến đa nhiễm trùng
B20.8,bệnh hiv dẫn đến các bệnh nhiễm trùng và ký sinh trùng khác
B20.9,bệnh hiv dẫn đến bệnh nhiễm trùng và ký sinh trùng không đặc hiệu
B21,bệnh do virus gây suy giảm miễn dịch ở người ( hiv ) dẫn đến các u ác tính
B21.0,bệnh hiv dẫn đến ung thư kaposi
B21.1,bệnh hiv dẫn đến u lympho burkitt
B21.2,bệnh hiv dẫn đến các loại u lympho không hodgkin
C08.9,"u ác của tuyến nước bọt chính , không đặc hiệu"
C09,u ác của amiđan
C11.1,u ác của vách sau của mũi hầu
C11.2,u ác của vách bên của mũi hầu
D74.0,methemoglobin huyết bẩm sinh
D74.8,methemoglobin huyết khác
D74.9,"methaemoglobin huyết , không đặc hiệu"
D75,các bệnh máu và cơ quan tạo máu khác
D75.0,tăng hồng cầu gia đình
D75.1,bệnh tăng hồng cầu thứ phát
D75.8,bệnh đặc hiệu khác của máu và cơ quan tạo máu
E06.9,viêm giáp không đặc hiệu
E07,các rối loạn khác của tuyến giáp
E07.0,tăng tiết calcitonin
E46,suy dinh dưỡng do thiếu protein năng lượng không xác định
E50,thiếu vitamin a
E50.0,khô kết mạc do thiếu vitamin a
E50.1,vết bitot và khô kết mạc do thiếu vitamin a
E34.3,"vóc dáng lùn , không phân loại nơi khác"
E34.4,thể tạng cao
E34.5,hội chứng không nhạy cảm androgen
E34.8,rối loạn nội tiết xác định khác
E34.9,"rối loạn nội tiết , không đặc hiệu"
E35*,rối loạn tuyến nội tiết trong các bệnh phân loại nơi khác
E35.0*,rối loạn tuyến giáp trong các bệnh không phân loại nơi khác
E35.1*,rối loạn tuyến thượng thận trong các bệnh phân loại nơi khác
E35.8*,rối loạn của các tuyến nội tiết khác trong các bệnh phân loại nơi khác
E40,kwashiorkor
E29.8,rối loạn chức năng tinh hoàn khác
E29.9,"rối loạn chức năng tinh hoàn , không đặc hiệu"
E30,"rối loạn lúc dậy thì , không phân loại nơi khác"
E30.0,phát triển đặc tính sinh dục muộn
E30.1,dậy thì sớm
E30.8,rối loạn dậy thì khác
E30.9,"rối loạn dậy thì , không đặc hiệu"
E31,rối loạn chức năng đa tuyến
E44.0,suy dinh dưỡng vừa do thiếu protein năng lượng
E44.1,suy dinh dưỡng nhẹ do thiếu protein năng lượng
E45,chậm phát triển sau suy dinh dưỡng do thiếu protein năng lượng
E43,"suy dinh dưỡng nặng do thiếu protein - năng lượng , không đặc hiệu"
E44,suy dinh dưỡng vừa và nhẹ do thiếu protein - năng lượng
E32.1,áp xe tuyến ức
E32.8,bệnh tuyến ức khác
E32.9,bệnh tuyến ức không đặc hiệu
E34,rối loạn nội tiết khác
E34.0,hội chứng carcinoid
E34.1,tăng tiết khác của hormon ruột
E34.2,"tiết hormon lạc chỗ , không phân loại nơi khác"
E41,suy dinh dưỡng thể marasmus
E42,thể hỗn hợp kwashiorkor - marasmus
E31.0,suy đa tuyến tự miễn
E31.1,bệnh đa u tuyến nội tiết
E31.8,rối loạn chức năng đa tuyến khác
E31.9,"rối loạn chức năng đa tuyến , không đặc hiệu"
E32,bệnh tuyến ức
E32.0,tăng sản tuyến ức kéo dài
D57.0,thiếu máu hồng cầu hình liềm có cơn tan máu
D57.1,thiếu máu hồng cầu hình liềm không có cơn tan máu
D57.2,di hợp tử kép hồng cầu hình liềm với các hb bất thường khác
D57.3,hồng cầu hình liềm thể nhẹ
E20.9,"suy tuyến cận giáp , không đặc hiệu"
E21,cường cận giáp và các rối loạn khác của tuyến cận giáp
E21.0,cường cận giáp nguyên phát
E21.1,cường cận giáp thứ phát không phân loại nơi khác
E21.2,cường cận giáp cấp 3
E21.3,"cường cận giáp , không đặc hiệu"
E21.4,rối loạn xác định khác của tuyến cận giáp
E16.0,"hạ đường máu do thuốc , không hôn mê"
E16.1,hạ đường máu khác
E16.2,hạ đường máu không đặc hiệu
E16.3,tăng tiết glucagon
E16.4,tiết gastrin bất thường
E16.8,rối loạn xác định khác của - bài tiết của tuyến tụy nội tiết
E21.5,"rối loạn tuyến cận giáp , không đặc hiệu"
E22,cường tuyến yên
E22.0,bệnh to đầu chi và chứng khổng lồ do tuyến yên ( m14 . 5 * )
E22.1,tăng prolactin máu
E22.2,hội chứng tiết hormon kháng bài niệu ( adh ) không thích hợp
E22.8,cường năng khác của tuyến yên
E13.4†,"bệnh đái tháo đường xác định khác , có biến chứng thần kinh"
E13.5,"bệnh đái tháo đường xác định khác , có biến chứng mạch máu ngoại biên"
E13.6,"bệnh đái tháo đường xác định khác , có biến chứng xác định khác"
E13.7,"bệnh đái tháo đường xác định khác , có đa biến chứng"
E14.9,"đái tháo đường không đặc hiệu , chưa có biến chứng"
E15,hôn mê hạ đường huyết không do đái tháo đường
E16,rối loạn khác của tuyến tụy nội tiết
E14.5,"đái tháo đường không đặc hiệu , có biến chứng mạch máu ngoại biên"
E14.6,"đái tháo đường không đặc hiệu , có biến chứng xác định khác"
E14.7,"đái tháo đường không đặc hiệu , có đa biến chứng"
E14.8,"đái tháo đường không đặc hiệu , có biến chứng không xác định"
E13.8,"bệnh đái tháo đường xác định khác , có biến chứng không xác định"
E13.9,"bệnh đái tháo đường xác định khác , chưa có biến chứng"
E14,các thể loại đái tháo đường không xác định
E14.0,"đái tháo đường không đặc hiệu , có hôn mê"
E14.1,"đái tháo đường không đặc hiệu , có nhiễm toan ceton"
E14.2†,"đái tháo đường không đặc hiệu , có biến chứng thận"
E14.3†,"đái tháo đường không đặc hiệu , có biến chứng mắt"
E14.4†,"đái tháo đường không đặc hiệu , có biến chứng thần kinh"
E16.9,"rối loạn bài tiết của tuyến tụy nội tiết , không xác định"
E20,suy tuyến cận giáp
E20.0,suy tuyến cận giáp không rõ nguyên nhân
E20.1,giả suy tuyến cận giáp
E20.8,suy tuyến cận giáp khác
D55.0,thiếu máu do thiếu men glucose - 6 - phosphate dehydrogenase
D55.1,thiếu máu do các rối loạn chuyển hóa glutathione khác
D55.2,thiếu máu do rối loạn các men phân giải glucose
D55.3,thiếu máu do rối loạn chuyển hóa nucleotide
D71,rối loạn chức năng bạch cầu hạt trung tính
D72,các rối loạn khác của bạch cầu
D72.0,bất thường di truyền của bạch cầu
D72.1,tình trạng tăng bạch cầu ưa acid
D72.8,rối loạn đặc hiệu khác của bạch cầu
D55.8,thiếu máu khác do rối loạn men
D55.9,"thiếu máu do rối loạn men , không đặc hiệu"
D56,bệnh thalassemia
D56.0,bệnh alpha thalassemia
E10.4†,"bệnh đái tháo đường type 1 , có biến chứng thần kinh"
E10.5,"bệnh đái tháo đường type 1 , có biến chứng mạch máu ngoại biên"
E10.6,"bệnh đái tháo đường type 1 , có biến chứng xác định khác"
E05.8,nhiễm độc giáp khác
E05.9,"nhiễm độc giáp , không đặc hiệu"
E06,viêm giáp
E06.0,viêm giáp cấp
E06.1,viêm giáp bán cấp
E06.2,viêm giáp mạn với nhiễm độc giáp thoáng qua
E06.3,viêm giáp tự miễn
E06.4,viêm giáp do thuốc
E06.5,viêm giáp mạn tính khác
E05.2,nhiễm độc giáp với bướu giáp đa nhân độc
E05.3,nhiễm độc giáp từ mô giáp lạc chỗ
E05.4,nhiễm độc giáp do thuốc
E05.5,cơn cường giáp cấp hay cơn bão giáp
E07.1,bướu giáp do rối loạn sinh hormon
E07.8,rối loạn được xác định khác của tuyến giáp
E07.9,"rối loạn tuyến giáp , không đặc hiệu"
E10,bệnh đái tháo đường type 1
E10.0,"bệnh đái tháo đường type 1 , có hôn mê"
E10.7,bệnh đái tháo đường type 1 ( đa biến chứng )
E10.8,"bệnh đái tháo đường type 1 , có biến chứng không xác định"
E10.1,"bệnh đái tháo đường type 1 , có nhiễm toan ceton"
E10.2†,"bệnh đái tháo đường type 1 , có biến chứng thận"
E10.3†,"bệnh đái tháo đường type 1 , có biến chứng mắt"
E24.4,hội chứng cushing giả do rượu
E24.8,hội chứng cushing khác
E24.9,"hội chứng cushing , không đặc hiệu"
E25,rối loạn thượng thận sinh dục
E25.0,rối loạn thượng thận - sinh dục bẩm sinh kết hợp với thiếu enzym
E27.9,"rối loạn tuyến thượng thận , không đặc hiệu"
E28,rối loạn chức năng buồng trứng
E28.0,thừa estrogen
E28.1,thừa androgen
E28.2,hội chứng buồng trứng đa nang
E28.3,suy buồng trứng nguyên phát
E23.2,đái tháo nhạt
E23.3,"rối loạn chức năng vùng dưới đồi , không phân loại nơi khác"
E23.6,rối loạn khác của tuyến yên
E23.7,"rối loạn tuyến yên , không đặc hiệu"
E24,hội chứng cushing
E24.0,bệnh cushing phụ thuộc tuyến yên
E22.9,"cường năng tuyến yên , không đặc hiệu"
E23,suy chức năng và rối loạn khác của tuyến yên
E23.0,suy tuyến yên
E23.1,suy tuyến yên do thuốc
E28.8,rối loạn chức năng buồng trứng khác
E28.9,"rối loạn chức năng buồng trứng , không đặc hiệu"
E29,rối loạn chức năng tinh hoàn
E29.0,cường năng tinh hoàn
E29.1,thiểu năng tinh hoàn
E25.8,rối loạn khác của thượng thận - sinh dục
E25.9,"rối loạn thượng thận - sinh dục , không đặc hiệu"
E26,cường aldosterone
E26.0,cường aldosterone nguyên phát
E26.1,cường aldosterone thứ phát
E26.8,cường aldosterone khác
E26.9,"cường aldosterone , không đặc hiệu"
E27,các rối loạn khác của tuyến thượng thận
E27.0,tăng hoạt động vỏ thượng thận khác
E27.1,thiểu năng vỏ thượng thận nguyên phát
E27.2,cơn addison
E27.3,thiểu năng vỏ thượng thận do thuốc
E27.4,thiểu năng vỏ thượng thận khác và không đặc hiệu
E27.5,cường năng tủy thượng thận
E27.8,rối loạn xác định khác của tuyến thượng thận
E24.1,hội chứng nelson
E24.2,hội chứng cushing do thuốc
E24.3,hội chứng acth lạc chỗ
D82.3,suy giảm miễn dịch sau đáp ứng bị khuyết thiếu với virus epstein - barr mang tính di truyền
D82.4,hội chứng tăng immunoglobulin e ( ige )
D82.8,suy giảm miễn dịch liên quan với các bất thường lớn đặc hiệu khác
D82.9,"suy giảm miễn dịch khiếm khuyết chủ yếu , không đặc hiệu"
D83,một số các biến thể khác của suy giảm miễn dịch
D83.0,suy giảm miễn dịch một số biến thể do bất thường về số lượng và chức năng lympho b
E11.3†,"bệnh đái tháo đường type 2 , có biến chứng mắt"
E11.4†,"bệnh đái tháo đường type 2 , có biến chứng thần kinh"
E11.5,"bệnh đái tháo đường type 2 , có biến chứng mạch máu ngoại biên"
E12.2†,"bệnh đái tháo đường liên quan đến suy dinh dưỡng , có biến chứng thận"
E12.3†,"bệnh đái tháo đường liên quan đến suy dinh dưỡng , có biến chứng mắt"
E12.4†,"bệnh đái tháo đường liên quan đến suy dinh dưỡng , có biến chứng thần kinh"
E11.6,"bệnh đái tháo đường type 2 , có biến chứng xác định khác"
E11.7,"bệnh đái tháo đường type 2 , có đa biến chứng"
E11.8,"bệnh đái tháo đường type 2 , có biến chứng không xác định"
E11.9,"bệnh đái tháo đường type 2 , chưa có biến chứng"
E12,bệnh đái tháo đường liên quan đến suy dinh dưỡng
E12.0,"bệnh đái tháo đường liên quan đến suy dinh dưỡng , có hôn mê"
E12.1,"bệnh đái tháo đường liên quan đến suy dinh dưỡng , có nhiễm toan ceton"
E12.5,"bệnh đái tháo đường liên quan đến suy dinh dưỡng , có biến chứng mạch máu ngoại biên"
E12.6,"bệnh đái tháo đường liên quan đến suy dinh dưỡng , có biến chứng xác định khác"
E12.7,"bệnh đái tháo đường liên quan đến suy dinh dưỡng , có đa biến chứng"
E10.9,"bệnh đái tháo đường type 1 , chưa có biến chứng"
E11,bệnh đái tháo đường type 2
E13.1,"bệnh đái tháo đường xác định khác , có nhiễm toan ceton"
E13.2†,"bệnh đái tháo đường xác định khác , có biến chứng thận"
E13.3†,"bệnh đái tháo đường xác định khác , có biến chứng mắt"
E11.0,"bệnh đái tháo đường type 2 , có hôn mê"
E11.1,"bệnh đái tháo đường type 2 , có nhiễm toan ceton"
E11.2†,"bệnh đái tháo đường type 2 , có biến chứng thận"
E12.8,"bệnh đái tháo đường liên quan đến suy dinh dưỡng , có biến chứng không xác định"
E12.9,"bệnh đái tháo đường liên quan đến suy dinh dưỡng , chưa có biến chứng"
E13,bệnh đái tháo đường xác định khác
E13.0,"bệnh đái tháo đường xác định khác , có hôn mê"
D60,suy tủy xương một dòng hồng cầu mắc phải ( giảm nguyên hồng cầu )
D60.0,suy tủy xương một dòng hồng cầu mắc phải mạn tính
D60.1,suy tủy xương một dòng hồng cầu mắc phải thoáng qua
D60.8,suy tủy xương một dòng hồng cầu mắc phải khác
D60.9,suy tủy xương một dòng hồng cầu mắc phải không đặc hiệu
D61,các thể suy tủy xương khác
D61.0,suy tủy xương bẩm sinh
D61.1,suy tủy xương do thuốc
E00.0,"hội chứng thiếu iod bẩm sinh , thể thần kinh"
E00.1,"hội chứng thiếu iod bẩm sinh , thể phù niêm"
E00.2,"hội chứng thiếu iod bẩm sinh , thể phối hợp"
E00.9,"hội chứng thiếu iod bẩm sinh , không đặc hiệu"
E01,rối loạn tuyến giáp liên quan đến thiếu iod và bệnh phối hợp
E01.0,bướu giáp lan tỏa ( địa phương ) - liên quan đến thiếu iod
E01.1,bướu giáp đa nhân ( địa phương ) do thiếu iod
E01.2,"bướu giáp ( địa phương ) do thiếu iod , không đặc hiệu"
E01.8,suy giáp mắc phải do thiếu iod không xác định
E02,suy giáp cận lâm sàng do thiếu iod
E03,suy giáp khác
E03.0,suy giáp bẩm sinh với bướu lan tỏa
E03.1,suy giáp bẩm sinh không có bướu
E03.2,suy giáp do thuốc và chất ngoại sinh khác
E03.3,suy giáp sau nhiễm trùng
E03.4,teo tuyến giáp ( mắc phải )
E03.5,hôn mê phù niêm
D89.0,tăng gammaglobulin máu đa dòng
D89.1,bệnh kháng thể ( tăng globulin ) ngưng kết lạnh
D89.2,tăng gammaglobulin máu không đặc hiệu
D89.3,hội chứng tái tạo miễn dịch
D89.8,"rối loạn xác định khác liên quan đến cơ chế miễn dịch , không phân loại nơi khác"
D89.9,"rối loạn liên quan đến cơ chế miễn dịch , không đặc hiệu"
E00,hội chứng thiếu iod bẩm sinh
E04.9,"bướu giáp không độc , không đặc hiệu"
E05,nhiễm độc giáp ( cường giáp )
E05.0,nhiễm độc giáp với bướu lan tỏa
E05.1,nhiễm độc giáp với bướu giáp đơn nhân độc
E03.8,suy giáp xác định khác
E03.9,"suy giáp , không đặc hiệu"
E04,bướu giáp không độc khác
E04.0,bướu giáp lan tỏa không độc
D86.2,bệnh sarcoid phổi và hạch bạch huyết
D86.3,bệnh sarcoid da
D86.8,bệnh sarcoid hỗn hợp và tại các khu vực khác
D86.9,bệnh sarcoid không đặc hiệu
D89,"rối loạn liên quan đến cơ chế miễn dịch , không phân loại nơi khác"
E04.1,bướu giáp đơn nhân không độc
E04.2,bướu giáp đa nhân không độc
E04.8,bướu giáp không độc đặc hiệu khác
D58.8,các thiếu máu tan máu di truyền đặc hiệu khác
D58.9,thiếu máu tan máu di truyền không đặc hiệu
D59,thiếu máu tan máu mắc phải
D59.0,thiếu máu tan máu tự miễn dịch do thuốc
D56.1,bệnh beta thalassemia
D56.2,bệnh thalassemia thể delta - beta
D56.3,bệnh thalassemia thể nhẹ
D73.3,áp xe lách
D73.4,nang lách
D73.5,nhồi máu lách
D73.8,bệnh khác của lách
D73.9,bệnh lách không đặc hiệu
D74,methemoglobin huyết
D81.0,thiếu hụt miễn dịch kết hợp nghiêm trọng ( scid ) với loạn sinh liên võng
D81.1,thiếu hụt miễn dịch kết hợp nghiêm trọng ( scid ) với giảm số lượng lympho t và b
D81.2,thiếu hụt miễn dịch kết hợp nghiêm trọng ( scid ) với số lượng lympho b thấp hoặc bình thường
D81.3,thiếu hụt enzym adenosine deaminase ( ada )
D81.4,hội chứng nezelof
D81.5,thiếu hụt emzim purine nucleoside phosphorylase ( pnp )
D75.9,bệnh của máu và cơ quan tạo máu không đặc hiệu
D76,các bệnh của tổ chức lympho - liên võng và ( tổ chức bào ) mô bào - liên võng xác định khác
D76.1,hội chứng thực bào máu ( hlh )
D76.2,hội chứng thực bào máu liên quan đến nhiễm trùng
D80.3,thiếu hụt phân nhóm immunoglobulin g igg chọn lọc
D80.4,thiếu hụt immunoglobulin m ( igm ) chọn lọc
D80.5,suy giảm miễn dịch có tăng immunoglobulin m ( igm )
D80.6,thiếu hụt kháng thể với hàm lượng các immunoglobulin giảm ít hoặc tăng immunoglobulin máu
D80.7,giảm gammaglobulin máu thoáng qua ở trẻ nhỏ
D80.8,suy giảm miễn dịch khác do thiếu kháng thể là chủ yếu
D80.9,"thiếu hụt miễn dịch do thiếu kháng thể là chủ yếu , không đặc hiệu"
D81,suy giảm miễn dịch kết hợp
D83.1,suy giảm miễn dịch biến thể chủ yếu do rối loạn điều hòa miễn dịch của lympho t
D83.2,suy giảm miễn dịch biến thể phổ biến với tự kháng thể chống lympho b hoặc t
D83.8,suy giảm miễn dịch biến thiên phổ biến khác
D83.9,suy giảm miễn dịch biến thiên phổ biến không đặc hiệu
D84,các suy giảm miễn dịch khác
D84.0,bất thường kháng nguyên chức năng 1 của lymphocyte ( lfa - 1 )
D84.1,bất thường của hệ thống bổ thể
D81.6,thiếu hụt phức hợp hòa hợp tổ chức lớp i ( mhc i )
D81.7,thiếu hụt phức hợp hòa hợp tổ chức lớp ii ( mhc ii )
D81.8,suy giảm miễn dịch kết hợp khác
D81.9,suy giảm miễn dịch hỗn hợp không đặc hiệu
D82,suy giảm miễn dịch liên quan đến các bất thường nặng khác
D82.0,hội chứng wiskott - aldrich
D82.1,hội chứng di george
D82.2,suy giảm miễn dịch kèm chứng ngắn chi
D76.3,hội chứng mô bào khác
D77*,rối loạn khác của máu và cơ quan tạo máu trong các bệnh phân loại nơi khác
D80,thiếu hụt miễn dịch chủ yếu do bất thường kháng thể
D80.0,giảm gammaglobulin máu di truyền
D80.1,giảm gammaglobulin máu không có yếu tố gia đình
D80.2,thiếu hụt immunoglobulin a iga chọn lọc
D84.8,suy giảm miễn dịch đặc hiệu khác
D84.9,suy giảm miễn dịch không đặc hiệu
D86,bệnh sarcoid
D86.0,bệnh sarcoid phổi
D86.1,bệnh sarcoid hạch bạch huyết
D68.3,xuất huyết do có kháng đông lưu hành
D68.4,thiếu hụt yếu tố đông máu mắc phải
D68.5,bệnh tăng đông máu nguyên phát
D68.6,bệnh tăng đông máu khác
D68.8,rối loạn đông máu đặc hiệu khác
D68.9,rối loạn đông máu không đặc hiệu
D69,ban xuất huyết và các tình trạng xuất huyết khác
D69.0,ban xuất huyết dị ứng
D69.1,bất thường chất lượng tiểu cầu
D57.8,rối loạn hồng cầu hình liềm khác
D58,các thiếu máu tan máu di truyền khác
D58.0,hồng cầu hình cầu di truyền
D58.1,hồng cầu hình elip di truyền
D58.2,các bệnh huyết sắc tố khác
D61.2,suy tủy xương do các nguyên nhân ngoại sinh khác
D61.3,suy tủy xương vô căn
D61.8,suy tủy xương đặc hiệu khác
D61.9,suy tủy xương không đặc hiệu khác
D62,thiếu máu sau xuất huyết cấp tính
D63*,thiếu máu trong các bệnh mạn tính phân loại nơi khác
D63.0*,thiếu máu trong bệnh ác tính ( c00 - d48 † )
D63.8*,thiếu máu trong bệnh mạn tính phân loại nơi khác
D59.4,các thiếu máu tan máu không phải tự miễn dịch khác
D59.5,đái huyết sắc tố kịch phát ban đêm ( hội chứng marchifava - micheli )
D59.6,đái huyết sắc tố do tan máu từ những nguyên nhân ngoại sinh khác
D59.8,các thiếu máu tan máu mắc phải khác
D59.9,thiếu máu tan máu mắc phải không đặc hiệu
D72.9,rối loạn bạch cầu không đặc hiệu
D73,bệnh lý lách
D73.0,thiểu năng lách
D73.1,cường lách
D73.2,lách to sung huyết mạn tính
D69.2,ban xuất huyết không giảm tiểu cầu khác
D69.3,giảm tiểu cầu miễn dịch nguyên phát
D69.4,giảm tiểu cầu tiên phát khác
D69.5,giảm tiểu cầu thứ phát
D69.6,giảm tiểu cầu không đặc hiệu
D69.8,tình trạng xuất huyết đặc hiệu khác
D69.9,tình trạng xuất huyết không đặc hiệu
D70,tình trạng mất bạch cầu hạt
D64.8,thiếu máu đặc hiệu khác
D64.9,thiếu máu không đặc hiệu
D65,đông máu nội mạch rải rác ( hội chứng tiêu fibrin )
D66,thiếu yếu tố viii di truyền
D67,thiếu yếu tố ix di truyền
D68,các bất thường đông máu khác
D68.0,bệnh von willebrand
D68.1,thiếu yếu tố xi di truyền
D68.2,thiếu các yếu tố đông máu khác do di truyền
D59.1,các thiếu máu tan máu tự miễn dịch khác
D59.2,thiếu máu tan máu do thuốc không phải tự miễn dịch
D59.3,hội chứng tan máu tăng urê máu
D64,các thiếu máu khác
D64.0,thiếu máu nguyên hồng cầu sắt di truyền
D64.1,thiếu máu nguyên hồng cầu sắt thứ phát do bệnh lý
D64.2,thiếu máu nguyên hồng cầu sắt thứ phát do thuốc và độc chất
D64.3,các thiếu máu nguyên hồng cầu sắt khác
D64.4,thiếu máu rối loạn sinh sản dòng hồng cầu bẩm sinh
E59,thiếu selen do chế độ ăn
E60,thiếu kẽm do chế độ ăn
E61,thiếu các yếu tố dinh dưỡng khác
E61.0,thiếu đồng
E61.1,thiếu sắt
E61.2,thiếu magie
E61.3,thiếu mangan
E63,thiếu dinh dưỡng khác
E63.0,thiếu acid béo cần thiết ( efa )
E63.1,mất cân đối trong thành phần thức ăn
E63.8,thiếu dinh dưỡng đặc hiệu khác
E63.9,"thiếu dinh dưỡng , không đặc hiệu"
E64,di chứng của suy dinh dưỡng và bệnh thiếu dinh dưỡng khác
F45.3,loạn chức năng thần kinh tự trị dạng cơ thể
F45.4,rối loạn đau dạng cơ thể dai dẳng
F45.8,rối loạn dạng cơ thể khác
F45.9,"rối loạn dạng cơ thể , không biệt định"
F48,các rối loạn tâm căn khác
F48.0,bệnh suy nhược thần kinh
F51.9,"rối loạn giấc ngủ không thực tổn , không biệt định"
F52,"loạn chức năng tình dục , không do rối loạn hoặc bệnh thực tổn"
F52.0,thiếu hoặc mất ham muốn tình dục
F52.1,ghét sợ tình dục và thiếu thích thú tình dục
F80.3,vong ngôn mắc phải với động kinh ( landau - kleffner )
F80.8,rối loạn phát triển về lời nói và ngôn ngữ khác
F80.9,rối loạn phát triển về lời nói và ngôn ngữ không đặc hiệu
F81,rối loạn đặc hiệu về phát triển các kỹ năng ở trường
F63.3,tật nhổ tóc
F63.8,rối loạn thói quen và xung động khác
F63.9,rối loạn thói quen và xung động không biệt định
F64,các rối loạn phân định giới tính
F64.0,loạn dục chuyển giới
F64.1,"loạn dục cải trang , vai trò kép"
F80.0,rối loạn đặc hiệu trong sự kết âm
F80.1,rối loạn ngôn ngữ diễn đạt
F80.2,rối loạn ngôn ngữ tiếp nhận
F73,chậm phát triển tâm thần nghiêm trọng
F73.0,"chậm phát triển tâm thần nghiêm trọng , không có biểu hiện , hoặc biểu hiện tối thiểu suy giảm hành vi"
F73.1,"chậm phát triển tâm thần nghiêm trọng , suy giảm đáng kể hành vi cần theo dõi hoặc điều trị"
F73.8,"chậm phát triển tâm thần nghiêm trọng , other impairments of behaviour"
F73.9,"chậm phát triển tâm thần nghiêm trọng , không đề cập đến biểu hiện suy giảm hành vi"
F78,chậm phát triển tâm thần khác
F78.0,"chậm phát triển tâm thần khác , không có biểu hiện , hoặc biểu hiện tối thiểu suy giảm hành vi"
F78.1,"chậm phát triển tâm thần khác , suy giảm đáng kể hành vi cần theo dõi hoặc điều trị"
F78.8,"chậm phát triển tâm thần khác , có khiếm khuyết hành vi khác"
F78.9,"chậm phát triển tâm thần khác , không đề cập đến biểu hiện suy giảm hành vi"
F79,chậm phát triển tâm thần không biệt định
F79.0,"chậm phát triển tâm thần không biệt định , không có biểu hiện , hoặc biểu hiện tối thiểu suy giảm hành vi"
F79.1,"chậm phát triển tâm thần không biệt định , suy giảm hành vi đáng kể cần theo dõi hoặc điều trị"
F79.8,"chậm phát triển tâm thần không biệt định , có khiếm khuyết hành vi khác"
F80,các rối loạn đặc hiệu về phát triển lời nói và ngôn ngữ
F70,chậm phát triển tâm thần nhẹ
F70.0,"chậm phát triển tâm thần nhẹ , không có biểu hiện , hoặc biểu hiện tối thiểu suy giảm hành vi"
F70.1,"chậm phát triển tâm thần nhẹ , suy giảm đáng kể hành vi cần theo dõi hoặc điều trị"
F70.8,"chậm phát triển tâm thần nhẹ , có khiếm khuyết hành vi khác"
F70.9,"chậm phát triển tâm thần nhẹ , không đề cập đến biểu hiện suy giảm hành vi"
F71,chậm phát triển tâm thần trung bình
F71.0,"chậm phát triển tâm thần trung bình , không có biểu hiện , hoặc biểu hiện tối thiểu suy giảm hành vi"
F71.1,"chậm phát triển tâm thần trung bình , suy giảm đáng kể hành vi cần theo dõi hoặc điều trị"
F71.8,"chậm phát triển tâm thần trung bình , có khiếm khuyết hành vi khác"
F71.9,"chậm phát triển tâm thần trung bình , without mention of impairment of behaviour"
F72,chậm phát triển tâm thần nặng
F72.0,"chậm phát triển tâm thần nặng , không có biểu hiện , hoặc biểu hiện tối thiểu suy giảm hành vi"
F72.1,"chậm phát triển tâm thần nặng , suy giảm đáng kể hành vi cần theo dõi hoặc điều trị"
F72.8,"chậm phát triển tâm thần nặng , có khiếm khuyết hành vi khác"
F72.9,"chậm phát triển tâm thần nặng , không đề cập đến biểu hiện suy giảm hành vi"
F95.2,rối loạn kết hợp tic lời nói với tic vận động nhiều loại ( hội chứng tourette )
F95.8,rối loạn tic khác
F95.9,"rối loạn tic , không biệt định"
F98,các rối loạn tác phong và cảm xúc khác thường khởi phát ở lứa tuổi trẻ em và thanh thiếu niên
F91.2,rối loạn cư xử xã hội hóa
F91.3,rối loạn hành vi ở những người còn thích ứng xã hội
F91.8,rối loạn hành vi khác
F91.9,"rối loạn hành vi , không biệt định"
F92,các rối loạn hỗn hợp về hành vi và cảm xúc
F93.8,rối loạn cảm xúc khác ở trẻ em
F93.9,"rối loạn cảm xúc ở tuổi trẻ em , không biệt định"
F94,các rối loạn hoạt động xã hội khởi phát đặc biệt ở tuổi trẻ em và thanh thiếu niên
F94.2,rối loạn sự gắn bó giải ức chế của trẻ em
F94.8,rối loạn khác ở trẻ em về hoạt động xã hội
F94.9,rối loạn hoạt động xã hội ở trẻ em không biệt định
G01*,bệnh viêm màng não trong bệnh nhiễm khuẩn phân loại nơi khác
G02*,viêm màng não trong bệnh nhiễm trùng và ký sinh trùng phân loại nơi khác
G02.0*,viêm màng não trong bệnh virus phân loại nơi khác
G02.1*,viêm màng não trong bệnh nấm
G02.8*,viêm màng não trong bệnh nhiễm trùng và ký sinh trùng xác định phân loại nơi khác
G03,viêm màng não do nguyên nhân khác và không xác định
G03.0,viêm màng não không sinh mủ
F94.0,không nói chọn lọc
F94.1,rối loạn phản ứng trong sự gắn bó ở tuổi trẻ em
F98.0,đái dầm không thực tổn
F98.1,ỉa bậy không do thực tổn
F98.2,rối loạn ăn uống ở trẻ dưới một năm và trẻ em
F98.3,chứng ăn chất không dinh dưỡng ở trẻ dưới một năm và trẻ em
F98.4,rối loạn động tác định hình
F98.5,nói lắp
F98.6,nói lúng búng
F98.8,"rối loạn hành vi cảm xúc biệt định khác , thường khởi phát trong tuổi trẻ em và thanh thiếu niên"
F98.9,"rối loạn hành vi và cảm xúc biệt không biệt định , thường khởi phát trong tuổi trẻ em và thanh thiếu niên"
F95,các rối loạn tic
F95.0,rối loạn tic nhất thời
F95.1,rối loạn tic vận động hoặc lời nói mạn tính
F99,rối loạn tâm thần không biệt định khác
G00,"bệnh viêm màng não vi khuẩn , không phân loại nơi khác"
G00.0,viêm màng não do haemophilus
G00.1,viêm màng não do phế cầu
G00.2,viêm màng não do liên cầu
G00.3,viêm màng não do tụ cầu
G00.8,viêm màng não do vi khuẩn khác
G00.9,"viêm màng não vi khuẩn , không đặc hiệu"
F81.0,rối loạn đặc hiệu về đọc
F81.1,rối loạn đặc hiệu về chính tả
F81.2,rối loạn đặc hiệu về kỹ năng tính toán
F81.3,rối loạn hỗn hợp các kỹ năng ở nhà trường
G05.0*,"viêm não , viêm tủy và viêm não - tủy trong bệnh nhiễm khuẩn phân loại nơi khác"
G05.1*,"viêm não , viêm tủy và viêm não - tủy trong bệnh virus phân loại nơi khác"
G05.2*,"viêm não , viêm tủy và viêm não - tủy trong bệnh nhiễm trùng , ký sinh trùng phân loại nơi khác"
G05.8*,"viêm não , viêm tủy và viêm não - tủy trong bệnh phân loại nơi khác"
G06,"áp xe nội sọ và u hạt nội sọ , áp xe nội tủy và u hạt nội tủy"
G11.3,thất điều tiểu não với rối loạn sửa chữa dna
G11.4,liệt cứng hai chân di truyền
G11.8,thất điều di truyền khác
G11.9,"thất điều di truyền , không đặc hiệu"
G12,teo cơ do tổn thương tủy sống và hội chứng liên quan
G12.0,"teo cơ do tủy trẻ em , loại i ( werdnig - hofman )"
G12.1,teo cơ do tủy sống di truyền khác
G12.2,bệnh tế bào thần kinh vận động
G12.8,teo cơ tủy khác và hội chứng liên quan
G10,bệnh hungtington
G11,thất điều di truyền
G11.0,thất điều bẩm sinh không tiến triển
G11.1,thất điều tiểu não khởi phát sớm
G11.2,thất điều tiểu não khởi phát muộn
G03.1,viêm màng não mạn tính
G03.2,viêm màng não tái diễn lành tính ( mollaret )
G03.8,viêm màng não do nguyên nhân biệt định khác
G03.9,"viêm màng não , không xác định"
G04,"viêm não , viêm tủy và viêm não - tủy"
G04.0,viêm não rải rác cấp tính
G12.9,"teo cơ tủy sống , không đặc hiệu"
G13*,bệnh teo hệ thống ảnh hưởng chủ yếu tới hệ thần kinh trung ương trong bệnh phân loại nơi khác
G13.0*,bệnh thần kinh cơ và bệnh thần kinh cận u
G13.1*,"bệnh teo hệ thống ảnh hưởng chủ yếu tới hệ thần kinh trung ương khác , trong u"
G13.2*,"bệnh teo hệ thống ảnh hưởng chủ yếu tới hệ thần kinh trung ương trong bệnh phù niêm ( e00 . 1 † , e03 . - † )"
G13.8*,bệnh teo hệ thống ảnh hưởng chủ yếu tới hệ thần kinh trung ương trong các bệnh phân loại nơi khác
G06.0,áp xe não và u hạt nội sọ
G06.1,áp xe tủy và u hạt nội tủy
G06.2,"áp xe ngoài màng cứng và áp xe dưới màng cứng , không đặc hiệu"
G07*,"áp xe nội sọ và u hạt nội sọ , áp xe nội tủy và u hạt nội tủy trong bệnh phân loại nơi khác"
G04.1,bệnh lý tủy do virus t - lymphotropic gây bệnh ở người
G04.2,"viêm não - màng não và viêm tủy - màng tủy do vi khuẩn , không phân loại nơi khác"
G04.8,"viêm não , viêm tủy và viêm não - tủy khác"
G04.9,"viêm não , viêm tủy và viêm não - tủy , không đặc hiệu"
G05*,"viêm não , viêm tủy và viêm não - tủy trong bệnh phân loại nơi khác"
G08,viêm tĩnh mạch và viêm tắc tĩnh mạch nội sọ và nội tủy
G09,di chứng của bệnh viêm hệ thần kinh trung ương
F68.0,hình thành các triệu chứng cơ thể vì lý do tâm lý
F68.1,dụng ý đưa ra hay giả tạo các triệu chứng hoặc rối loạn hoạt năng cơ thể hoặc tâm lý ( rối loạn giả tạo )
F68.8,rối loạn biệt định khác về nhân cách và hành vi ở người trưởng thành
F69,rối loạn không biệt định về nhân cách và hành vi ở người trưởng thành
F91,rối loạn hành vi
F91.0,rối loạn hành vi khu trú trong môi trường gia đình
F91.1,rối loạn hành vi ở những người kém thích ứng xã hội
F90.0,rối loạn của hoạt động và chú ý
F90.1,rối loạn hành vi tăng động
F90.8,rối loạn tăng động khác
F90.9,"rối loạn tăng động , không biệt định"
F84.3,rối loạn phân rã khác của trẻ em
F84.4,rối loạn tăng hoạt động kết hợp với chậm phát triển tâm thần và các động tác định hình
F84.5,hội chứng asperger
F84.8,rối loạn lan tỏa khác của sự phát triển
F82,rối loạn đặc hiệu sự phát triển chức năng vận động
F83,các rối loạn đặc hiệu hỗn hợp của sự phát triển
F84,rối loạn lan tỏa sự phát triển
F84.0,tự kỷ tuổi ấu thơ
F84.1,tự kỷ không điển hình
F84.2,hội chứng rett
F92.0,rối loạn hành vi trầm cảm
F92.8,rối loạn hỗn hợp của hành vi và cảm xúc khác
F92.9,rối loạn hỗn hợp của hành vi và cảm xúc không biệt định
F93,rối loạn cảm xúc với sự khởi phát đặc biệt ở trẻ em
F81.8,rối loạn khác về sự phát triển các kỹ năng ở trường
F81.9,"rối loạn phát triển của kỹ năng ở trường , không biệt định"
F84.9,rối loạn phát triển lan tỏa không biệt định
F88,các rối loạn khác của phát triển tâm lý
F89,rối loạn không biệt định của phát triển tâm lý
F90,các rối loạn tăng động
F93.0,rối loạn lo âu chia ly ở trẻ em
F93.1,rối loạn ám ảnh sợ ở trẻ em
F93.2,rối loạn lo âu xã hội ở trẻ em
F93.3,rối loạn ganh tỵ đối với anh chị em ruột
F42.0,những ý tưởng hoặc nghiền ngẫm ám ảnh chiếm ưu thế
F42.1,các hành vi cưỡng chế chiếm ưu thế ( các ám ảnh cưỡng chế )
F42.2,ý tưởng và các hành vi ám ảnh hỗn hợp
F42.8,rối loạn ám ảnh cưỡng chế khác
F42.9,"rối loạn ám ảnh cưỡng chế , không biệt định"
F43,phản ứng với stress trầm trọng và rối loạn sự thích ứng
F51,rối loạn giấc ngủ không thực tổn
F51.0,mất ngủ không thực tổn
F51.1,ngủ nhiều không thực tổn
F51.2,rối loạn nhịp thức ngủ không thực tổn
F44.5,co giật phân ly
F44.6,tê và mất cảm giác phân ly
F44.7,rối loạn phân ly ( chuyển di ) hỗn hợp
F55,lạm dụng các chất không gây nghiện
F59,các hội chứng hành vi ứng xử không biệt định kết hợp với rối loạn sinh lý và yếu tố thể chất
F60,rối loạn nhân cách đặc hiệu
F60.0,rối loạn nhân cách paranoid
F65.6,đa rối loạn ưa chuộng tình dục
F65.8,rối loạn ưa chuộng tình dục khác
F65.9,"rối loạn ưa chuộng tình dục , không biệt định"
F66,những rối loạn tâm lý và hành vi kết hợp với sự phát triển và định hướng tình dục
F66.0,rối loạn về sự trưởng thành tình dục
F66.1,định hướng tình dục loạn trương lực bản thân
F66.2,rối loạn quan hệ tình dục
F65.0,loạn dục đồ vật
F65.1,loạn dục cải trang đồ vật
F65.2,loạn dục phô bày
F65.3,loạn dục nhìn trộm
F65.4,loạn dục với trẻ em
F65.5,loạn dục gây đau chủ động và bị động
F66.8,những rối loạn phát triển tâm lý tình dục khác
F66.9,"rối loạn phát triển tâm lý tình dục , không biệt định"
F68,rối loạn khác về hành vi và nhân cách ở người trưởng thành
F62,"biến đổi nhân cách kéo dài , không thể quy cho một tổn thương hay bệnh não"
F62.0,thay đổi nhân cách kéo dài sau một sự kiện thảm hoạ
F62.1,thay đổi nhân cách kéo dài sau bệnh tâm thần
F62.8,thay đổi nhân cách kéo dài khác
F62.9,thay đổi nhân cách kéo dài không biệt định
F64.2,rối loạn xác định giới tính ở trẻ em
F64.8,rối loạn xác định giới tính khác
F64.9,rối loạn phân định giới tính không biệt định
F65,rối loạn trong ưa chuộng tình dục
F63,rối loạn thói quen và xung động
F63.0,đánh bạc bệnh lý
F63.1,gây cháy bệnh lý
F63.2,trộm cắp bệnh lý
F50.1,chán ăn tâm thần không điển hình
F50.2,ăn vô độ tâm thần
F50.3,ăn vô độ tâm thần không điển hình
F50.4,chứng ăn nhiều kết hợp với các rối loạn tâm lý khác
F50.5,nôn kết hợp với các rối loạn tâm lý khác
F50.8,rối loạn ăn uống khác
F50.9,"rối loạn ăn uống , không biệt định"
F44.0,quên phân ly
F44.1,trốn nhà phân ly
F44.2,sững sờ phân ly
F44.3,rối loạn lên đồng và bị xâm nhập
F44.4,rối loạn vận động phân ly
F44.8,rối loạn phân ly ( chuyển di ) khác
F44.9,"rối loạn phân ly ( chuyển di ) , không biệt định"
F45,rối loạn dạng cơ thể
F45.0,rối loạn cơ thể hóa
F45.1,rối loạn dạng cơ thể không biệt định
F45.2,rối loạn nghi bệnh
F30.2,hưng cảm với các triệu chứng loạn thần
F30.8,giai đoạn hưng cảm khác
F30.9,giai đoạn hưng cảm không đặc hiệu
F31,rối loạn cảm xúc lưỡng cực
F31.0,"rối loạn cảm xúc lưỡng cực , hiện tại giai đoạn hưng cảm nhẹ"
F31.1,"rối loạn cảm xúc lưỡng cực , hiện tại giai đoạn hưng cảm không có các triệu chứng loạn thần"
F31.2,"rối loạn cảm xúc lưỡng cực , hiện tại giai đoạn hưng cảm có các triệu chứng loạn thần"
F52.2,thất bại trong đáp ứng tình dục
F52.3,loạn chức năng cực khoái
F60.1,rối loạn nhân cách dạng phân liệt
F60.2,rối loạn nhân cách chống đối xã hội
F60.3,rối loạn nhân cách cảm xúc không ổn định
F60.4,rối loạn nhân cách kịch tính
F60.5,rối loạn nhân cách ám ảnh nghi thức
F51.3,chứng miên hành
F51.4,hoảng sợ khi ngủ ( hoảng sợ ban đêm )
F51.5,ác mộng
F51.8,rối loạn giấc ngủ không thực tổn khác
F52.8,"loạn chức năng tình dục khác , không do bệnh lý hoặc rối loạn thực tổn"
F52.9,"loạn chức năng tình dục không biệt định khác , không do bệnh lý hoặc rối loạn thực tổn"
F53,"rối loạn hành vi và tâm thần kết hợp với thời kì sinh đẻ , không phân loại nơi khác"
F53.0,"rối loạn hành vi và tâm thần nhẹ kết hợp với thời kì sinh đẻ , không phân loại nơi khác"
F53.1,"rối loạn hành vi và tâm thần nặng kết hợp với thời kì sinh đẻ , không phân loại nơi khác"
F53.8,"rối loạn hành vi và tâm thần khác kết hợp với thời kỳ sinh đẻ , không phân loại nơi khác"
F53.9,"rối loạn tâm thần kết hợp với thời kì sinh đẻ , không biệt định"
F54,các nhân tố tâm lý và hành vi kết hợp với rối loạn hoặc các bệnh phân loại nơi khác
F52.4,phóng tinh sớm
F52.5,co thắt âm đạo không do nguyên nhân thực thể
F52.6,đau khi giao hợp không thực tổn
F52.7,xu hướng tình dục quá độ
F60.6,rối loạn nhân cách lo âu ( tránh né )
F60.7,rối loạn nhân cách phụ thuộc
F60.8,rối loạn nhân cách đặc hiệu khác
F60.9,"rối loạn nhân cách , không biệt định"
F61,rối loạn nhân cách khác và hỗn hợp
F32.3,giai đoạn trầm cảm nặng với các triệu chứng loạn thần
F32.8,giai đoạn trầm cảm khác
F32.9,giai đoạn trầm cảm không đặc hiệu
F33,rối loạn trầm cảm tái diễn
F33.0,"rối loạn trầm cảm tái diễn , hiện tại giai đoạn nhẹ"
F33.1,"rối loạn trầm cảm tái diễn , hiện tại giai đoạn vừa"
F40.1,ám ảnh sợ xã hội
F40.2,ám ảnh sợ đặc hiệu ( riêng lẻ )
F40.8,rối loạn lo âu ám ảnh sợ khác
F40.9,"rối loạn lo âu ám ảnh sợ , không biệt định"
F41,các rối loạn lo âu khác
F41.0,rối loạn hoảng sợ ( lo âu kịch phát từng giai đoạn )
F41.3,rối loạn lo âu hỗn hợp khác
F41.8,rối loạn lo âu biệt định khác
F41.9,"rối loạn lo âu , không biệt định"
F42,rối loạn ám ảnh nghi thức
F43.0,phản ứng stress cấp
F43.1,rối loạn stress sau sang chấn
F43.2,rối loạn sự thích ứng
F43.8,phản ứng khác với stress trầm trọng
F43.9,"phản ứng với stress trầm trọng , không đặc hiệu"
F44,các rối loạn phân ly ( chuyển di )
F48.1,hội chứng giải thể nhân cách - tri giác sai thực tại
F48.8,rối loạn tâm căn biệt định khác
F48.9,"rối loạn tâm căn , không biệt định"
F50,các rối loạn ăn uống
F50.0,chán ăn tâm thần
F34,rối loạn khí sắc ( cảm xúc ) dai dẳng
F34.0,khí sắc chu kỳ
F34.1,loạn khí sắc
F34.8,rối loạn khí sắc ( cảm xúc ) dai dẳng khác
F34.9,rối loạn khí sắc ( cảm xúc ) dai dẳng không đặc hiệu
F38,rối loạn khí sắc ( cảm xúc ) khác
F32,giai đoạn trầm cảm
F32.0,giai đoạn trầm cảm nhẹ
F32.1,giai đoạn trầm cảm vừa
F32.2,giai đoạn trầm cảm nặng không có các triệu chứng loạn thần
F33.2,"rối loạn trầm cảm tái diễn , hiện tại giai đoạn nặng không có triệu chứng loạn thần"
F33.3,"rối loạn trầm cảm tái diễn , hiện tại giai đoạn nặng với các triệu chứng loạn thần"
F33.4,"rối loạn trầm cảm tái diễn , hiện đang thuyên giảm"
F33.8,rối loạn trầm cảm tái diễn khác
F33.9,"rối loạn trầm cảm tái diễn , không biệt định"
F41.1,rối loạn lo âu lan tỏa
F41.2,rối loạn hỗn hợp lo âu và trầm cảm
F25,rối loạn phân liệt cảm xúc
F25.0,"rối loạn phân liệt cảm xúc , loại hưng cảm"
F25.1,"rối loạn phân liệt cảm xúc , loại trầm cảm"
F25.2,"rối loạn phân liệt cảm xúc , loại hỗn hợp"
F25.8,rối loạn phân liệt cảm xúc khác
G25.3,giật cơ
G25.4,múa giật do thuốc
G25.5,múa giật khác
G25.6,rối loạn tic do thuốc và các rối loạn tic khác do nguyên nhân thực thể
G21.0,hội chứng an thần kinh ác tính
G21.1,hội chứng parkinson thứ phát khác do thuốc
G21.2,hội chứng parkinson thứ phát do nguyên nhân ngoại sinh khác
G21.3,hội chứng parkinson sau viêm não
G24.1,loạn trương lực cơ vô căn có tính chất gia đình
G24.2,loạn trương lực cơ vô căn không có tính chất gia đình
G24.3,vẹo cổ do co thắt
B00.0,bệnh chàm do nhiễm virus herpes ( herpes simplex )
B00.1,bệnh viêm da rộp nước do nhiễm virus herpes ( herpes simplex )
B00.2,bệnh viêm miệng - lợi và viêm amydan - hầu do nhiễm virus herpes ( herpes simplex )
B01,thủy đậu
B01.0†,viêm màng não do thủy đậu ( g02 . 0 * )
B01.1†,viêm não do thủy đậu ( g05 . 1 * )
B05.2†,sởi biến chứng viêm phổi ( j17 . 1 * )
B05.3†,sởi biến chứng viêm tai giữa ( h67 . 1 * )
B05.4,sởi với biến chứng ở ruột
B04,đậu mùa khỉ
B05,sởi
B05.0†,sởi biến chứng viêm não ( g05 . 1 * )
B05.1†,sởi biến chứng viêm màng não ( g02 . 0 * )
B01.2†,bệnh viêm phổi do thủy đậu ( j17 . 1 * )
B01.8,bệnh thủy đậu với biến chứng khác
B01.9,bệnh thủy đậu không biến chứng
B02,bệnh do herpes zoster
B00.3†,bệnh viêm màng não do nhiễm virus herpes ( herpes simplex ) ( g02 . 0 * )
B00.4†,bệnh viêm não do nhiễm virus herpes ( herpes simplex ) ( g05 . 1 * )
B00.5,bệnh mắt do nhiễm virus herpes ( herpes simplex )
B02.7,bệnh zoster lan tỏa
B02.8,bệnh zoster với các biến chứng
B02.9,bệnh zoster không biến chứng
B03,đậu mùa
B05.8,sởi với biến chứng khác
B05.9,sởi không biến chứng
B06,bệnh rubella ( sởi đức )
B06.0†,bệnh rubella với biến chứng thần kinh
B00.7,bệnh do nhiễm virus herpes ( herpes simplex ) lan tỏa
B00.8,dạng khác của nhiễm virus herpes ( herpes simplex )
B00.9,"bệnh do nhiễm virus herpes ( herpes simplex ) , không xác định"
B02.0†,viêm não do zoster ( g05 . 1 * )
B02.1†,viêm màng não do zoster ( g02 . 0 * )
B02.2†,tổn thương hệ thần kinh khác do zoster
B02.3,bệnh mắt do zona
B18.0,bệnh viêm gan virus b mạn tính có kèm viêm gan virus d
B18.1,"viêm gan virus b mạn tính , không đồng nhiễm viêm gan virus d"
B18.2,viêm gan virus c mạn tính
B16.2,bệnh viêm gan virus b cấp tính không có tác nhân delta có kèm hôn mê gan
B16.9,bệnh viêm gan virus b cấp tính không có tác nhân delta và không kèm hôn mê gan
B17,bệnh viêm gan virus cấp tính khác
B15,bệnh viêm gan virus a cấp tính
B15.0,viêm gan a có hôn mê gan
B15.9,bệnh viêm gan virus a không kèm hôn mê gan
B18.8,viêm gan virus mạn tính khác
B18.9,"viêm gan virus mạn tính , không đặc hiệu"
B19,viêm gan virus không xác định
B16,bệnh viêm gan virus b cấp tính
B16.0,bệnh viêm gan virus b cấp tính có tác nhân delta ( đồng nhiễm ) kèm hôn mê gan
B16.1,bệnh viêm gan virus b cấp tính có có tác nhân delta ( đồng nhiễm ) không kèm hôn mê gan
B08.3,ban đỏ truyền nhiễm ( bệnh thứ năm )
B08.4,viêm họng có phỏng nước do enterovirus có phát ban ( bệnh tay chân miệng )
B08.5,viêm họng có phỏng nước do enterovirus
B08.8,nhiễm virus xác định khác có biểu hiện tổn thương tại da và niêm mạc
B09,"nhiễm virus không xác định , có biểu hiện tổn thương tại da và niêm mạc"
B19.0,bệnh viêm gan virus không xác định kèm hôn mê gan
B19.9,bệnh viêm gan virus không xác định không kèm hôn mê gan
B20,bệnh do virus gây suy giảm miễn dịch ở người ( hiv ) dẫn đến các bệnh nhiễm trùng và ký sinh trùng
B06.8,bệnh rubella với biến chứng khác
B06.9,bệnh rubella không có biến chứng
B07,bệnh mụn cóc do virus
B08,"nhiễm virus khác có biểu hiện tổn thương tại da và niêm mạc , không phân loại nơi khác"
B08.0,nhiễm virus orthopox khác
B08.1,u mềm lây
B08.2,phát ban đột ngột ( bệnh thứ sáu )
B17.0,viêm gan d cấp tính bội nhiễm trên người viêm gan b mạn tính
B17.1,bệnh viêm gan virus c cấp tính
B17.2,bệnh viêm gan virus e cấp tính
B17.8,bệnh viêm gan virus cấp tính xác định khác
B17.9,"bệnh viêm gan virus cấp tính , không xác định"
B18,viêm gan virus mạn tính
A86,viêm não virus không đặc hiệu
A87,viêm màng não do virus
A87.0†,viêm màng não do enterovirus ( g02 . 0 * )
A87.1†,bệnh viêm màng não do virus adeno ( g02 . 0 * )
A83.0,bệnh viêm não nhật bản
A83.1,bệnh viêm não ngựa miền tây
A83.2,bệnh viêm não ngựa miền đông
A83.3,bệnh viêm não st . louis
A84.1,viêm não trung âu do bọ ve truyền
A84.8,viêm não virus khác do bọ ve truyền
A84.9,"viêm não virus do bọ ve truyền , không xác định"
A85,"viêm não virus khác , không phân loại nơi khác"
A83.8,bệnh viêm não virus khác do muỗi truyền
A83.9,"bệnh viêm não virus do muỗi truyền , không xác định"
A84,bệnh viêm não virus do bọ ve truyền
A84.0,viêm não viễn đông do bọ ve truyền ( viêm não xuân hè nga )
A92.2,sốt ngựa venezuela
A92.3,bệnh virus vùng tây sông nil
A92.4,sốt thung lũng rift
A92.5,bệnh nhiễm virus zika
A92.8,bệnh sốt virus do muỗi truyền xác định khác
A88.0,sốt phát ban do enterovirus ( phát ban boston )
A88.1,chóng mặt gây dịch
A88.8,nhiễm virus xác định khác của hệ thần kinh trung ương
A89,nhiễm virus không xác định của hệ thần kinh trung ương
A85.0†,viêm não do enterovirus ( g05 . 1 * )
A85.1†,viêm não do virus adeno ( g05 . 1 * )
A85.2,"bệnh viêm não virus do tiết túc truyền , không xác định"
A85.8,viêm não virus xác định khác
A87.2,viêm màng não - đám rối mạch mạc tăng lympho bào
A87.8,viêm màng não do virus khác
A87.9,"viêm màng não do virus , không đặc hiệu"
A88,"nhiễm virus khác của hệ thần kinh trung ương , không phân loại nơi khác"
A83.4,bệnh viêm não châu úc
A83.5,bệnh viêm não california
A83.6,bệnh do virus rocio
A92,bệnh sốt virus do muỗi truyền khác
A92.0,bệnh do nhiễm virus chikungunya
A92.1,bệnh sốt do virus o nyong nyong
A98.5,bệnh sốt xuất huyết kèm theo hội chứng thận
A98.8,bệnh sốt xuất huyết do virus xác định khác
A99,bệnh sốt xuất huyết do virus không xác định
B00,bệnh do nhiễm virus herpes ( herpes simplex )
A81.0,bệnh bò điên ( creutzfeldt - jakob )
A81.1,viêm toàn não xơ hóa bán cấp
A81.2,bệnh lý não chất trắng đa ổ tiến triển
A81.8,nhiễm virus không điển hình khác của hệ thần kinh trung ương
A81.9,"nhiễm virus không điển hình của hệ thần kinh trung ương , không đặc hiệu"
A82,bệnh dại ở người
A97.2,bệnh sốt xuất huyết dengue nặng
A97.9,"bệnh sốt xuất huyết dengue , không xác định"
R87.0,"các phát hiện bất thường trong bệnh phẩm của cơ quan sinh dục nữ , nồng độ bất thường của men"
A98,"bệnh sốt xuất huyết do virus khác , không phân loại nơi khác"
A98.0,bệnh sốt xuất huyết crimean - congo
A98.1,bệnh sốt xuất huyết omsk
A98.2,bệnh sốt xuất huyết rừng kyasanur
A98.3,bệnh sốt xuất huyết do virus marburg
A98.4,bệnh sốt xuất huyết do virus ebola
A92.9,"sốt virus do muỗi truyền , không xác định"
A93,"sốt virus khác do tiết túc truyền , không phân loại nơi khác"
A93.0,bệnh do virus oropouche
A93.1,sốt muỗi cát
A93.2,sốt do bọ ve colorado
A93.8,sốt virus xác định khác do tiết túc truyền
A94,sốt virus do tiết túc truyền không xác định
A95,sốt vàng
A95.0,sốt vàng ở rừng
A95.1,sốt vàng thành thị
A95.9,"sốt vàng , không đặc hiệu"
A96,bệnh sốt xuất huyết do virus arena
A96.8,bệnh sốt xuất huyết do virus arena khác
A96.9,"sốt xuất huyết do arenavirus , không đặc hiệu"
A97,sốt xuất huyết dengue
A97.0,bệnh sốt xuất huyết dengue không có dấu hiệu cảnh báo
A97.1,bệnh sốt xuất huyết dengue có dấu hiệu cảnh báo
A96.0,bệnh sốt xuất huyết do virus junin
A96.1,bệnh sốt xuất huyết do virus machupo
A96.2,bệnh sốt xuất huyết do virus lassa
A82.0,bệnh dại vùng rừng núi
A82.1,bệnh dại thành thị
A82.9,"bệnh dại , không đặc hiệu"
A83,bệnh viêm não virus do muỗi truyền
A41.0,nhiễm khuẩn huyết do tụ cầu vàng
A41.1,nhiễm khuẩn huyết do tụ cầu xác định khác
A41.2,nhiễm khuẩn huyết do tụ cầu không đặc hiệu
A41.3,nhiễm khuẩn huyết do haemophilus influenzae
A48,"bệnh nhiễm khuẩn khác , không phân loại nơi khác"
A48.0,bệnh hoại thư sinh hơi
A48.1,bệnh do legionnaire
A48.2,bệnh legionnaire không ở phổi ( sốt pontiac )
A74.0†,viêm kết mạc do chlamydia ( h13 . 1 * )
A74.8,bệnh do chlamydia khác
A74.9,"bệnh do chlamydia , không xác định"
A75,bệnh sốt phát ban
A75.0,sốt phát ban dịch tễ ( do chấy rận truyền ) do rickettsia prowazekii
A75.1,sốt phát ban tái phát ( bệnh brill )
A75.2,sốt phát ban do rickettsia typhi
A70,bệnh do chlamydia psittaci
A71,bệnh mắt hột
A71.0,giai đoạn đầu của mắt hột
A71.1,giai đoạn hoạt động của mắt hột
A71.9,"mắt hột , không đặc hiệu"
A74,bệnh khác do chlamydia
A77.2,sốt phát ban dạng đốm do rickettsia siberica
A77.3,sốt phát ban dạng đốm do rickettsia australis
A77.8,sốt phát ban dạng đốm khác
A77.9,"sốt phát ban dạng đốm , không xác định"
A78,sốt q
A79,các bệnh rickettsia khác
A79.0,sốt chiến hào
A79.1,mụn rickettsia do rickettsia akari
A79.8,bệnh rickettsia xác định khác
A79.9,"nhiễm rickettsia , không đặc hiệu"
A80,bệnh bại liệt cấp
A80.0,"bệnh bại liệt cấp , thể liệt , liên quan đến vắc xin"
A80.1,"bệnh bại liệt cấp thể liệt , do virus hoang dã , ngoại lai"
A80.2,"bệnh bại liệt cấp , thể liệt , do virus hoang dã , bản địa"
A80.3,"bệnh bại liệt cấp , thể liệt khác và không xác định"
A80.4,"bệnh bại liệt cấp , không liệt"
A80.9,"bệnh bại liệt cấp , không xác định"
A81,bệnh do virus không điển hình ở hệ thần kinh trung ương
A67.2,tổn thương muộn của pinta
A67.3,tổn thương hỗn hợp của pinta
A67.9,"pinta , không đặc hiệu"
A68,bệnh sốt hồi quy
A68.0,sốt hồi quy do chấy rận
A68.1,sốt hồi quy do ve truyền
A75.3,sốt phát ban do rickettsia tsutsugamushi ( bệnh sốt mò )
A75.9,"sốt phát ban , không đặc hiệu"
A77,sốt phát ban dạng đốm ( bệnh rickettsia do bọ ve truyền )
A77.0,sốt phát ban dạng đốm do rickettsia rikettsii
A77.1,sốt phát ban dạng đốm do rickettsia conoril
A68.9,"sốt tái phát , không xác đinh"
A69,bệnh do xoắn trùng khác
A69.0,viêm loét hoại tử ở miệng
A69.1,nhiễm trùng do kiểu vincent khác
A69.2,bệnh lyme
A69.8,nhiễm xoắn khuẩn xác định khác
A69.9,"nhiễm xoắn khuẩn , không đặc hiệu"
A41.4,nhiễm khuẩn huyết do vi khuẩn kỵ khí
A41.5,nhiễm khuẩn huyết do vi khuẩn gram âm khác
A41.8,nhiễm khuẩn huyết đặc hiệu khác
A41.9,"nhiễm khuẩn huyết , không đặc hiệu"
A40.3,nhiễm khuẩn huyết do phế cầu
A40.8,nhiễm khuẩn huyết do liên cầu khác
A40.9,"nhiễm khuẩn huyết do liên cầu , không đặc hiệu"
A41,nhiễm khuẩn huyết khác
A42,bệnh do nhiễm nấm actinomyces
A42.0,bệnh do nhiễm nấm actinomyces ở phổi
A42.1,bệnh do nhiễm nấm actinomyces ở bụng
A42.2,bệnh do nhiễm nấm actinomyces ở mặt - cổ
A42.7,nhiễm trùng huyết do nhiễm nấm actinomyces
A49.3,"nhiễm mycoplasma , vị trí không xác định"
A49.8,"nhiễm khuẩn khác , vị trí không xác định"
A49.9,"nhiễm khuẩn , không đặc hiệu"
A50,giang mai bẩm sinh
A50.0,"giang mai bẩm sinh , có triệu chứng"
A50.1,"giang mai bẩm sinh , thể ẩn"
A50.2,"giang mai bẩm sinh , không xác định"
A50.3,"giang mai bẩm sinh muộn , có biến chứng mắt"
A43.9,"bệnh do nocardia , không đặc hiệu"
A44,bệnh do bartonella
A44.0,bệnh do bartonella toàn thân
A44.1,bệnh do bartonella ở da và niêm mạc
A44.8,thể khác của bệnh do bartonella
A44.9,"bệnh do bartonella , không đặc hiệu"
A46,viêm quầng
A36,bệnh bạch hầu
A36.0,bệnh bạch hầu họng
A36.1,bệnh bạch hầu thể mũi họng
A36.2,bệnh bạch hầu thanh quản
A32.0,bệnh do listeria ở da
A32.1†,viêm màng não và viêm não màng não do listeria
A32.7,nhiễm khuẩn huyết do listeria
A32.8,thể khác của nhiễm trùng listeria
A32.9,"bệnh do listeria , không đặc hiệu"
A40.1,"nhiễm khuẩn huyết do liên cầu , nhóm b"
A40.2,"nhiễm khuẩn huyết do liên cầu , nhóm d và enterococcus"
A42.8,thể khác của nhiễm nấm actinomyces
A42.9,"bệnh do nhiễm nấm actinomyces , không đặc hiệu"
A43,bệnh do nocardia
A43.0,bệnh do nocardia ở phổi
A43.1,bệnh do nocardia ở da
A43.8,thể khác của bệnh nocardia
A48.3,hội chứng sốc nhiễm độc
A48.4,sốt ban xuất huyết brasil
A48.8,bệnh nhiễm khuẩn xác định khác
A49,tình trạng nhiễm khuẩn ở các vị trí không xác định
A49.0,"nhiễm trùng tụ cầu , vị trí không xác định"
A49.1,"nhiễm trùng liên cầu , vị trí không xác định"
A49.2,"nhiễm haemophilus influenzae , vị trí không xác định"
A54.3,nhiễm lậu cầu ở mắt
A54.4†,nhiễm lậu cầu ở hệ cơ xương khớp
A54.5,viêm họng do lậu
A54.6,nhiễm lậu cầu ở hậu môn và trực tràng
A66.7,biểu hiện khác của ghẻ cóc
A66.8,ghẻ cóc tiềm ẩn
A66.9,"ghẻ cóc , không đặc hiệu"
A67,bệnh pinta ( bệnh do treponema carateum )
A67.0,tổn thương tiên phát của pinta
A67.1,tổn thương trung gian của pinta
A54.8,nhiễm lậu cầu khác
A54.9,"nhiễm lậu cầu , không đặc hiệu"
A55,viêm hạch lympho do chlamydia ( bệnh hột xoài )
A56,bệnh khác do chlamydia lây truyền qua đường tình dục
A56.0,bệnh do chlamydia ở đường niệu - sinh dục dưới
A56.1,viêm phúc mạc tiểu khung và các cơ quan niệu - sinh dục khác do chlamydia
A56.2,"bệnh do chlamydia ở đường niệu - sinh dục , không đặc hiệu"
A56.3,bệnh do chlamydia ở hậu môn và trực tràng
A51.3,giang mai thứ phát ở da và niêm mạc
A51.4,giang mai thứ phát khác
A51.5,"giang mai sớm , tiềm ẩn"
A51.9,"giang mai sớm , không đặc hiệu"
A52,giang mai muộn
A52.0†,giang mai có biểu hiện tổn thương hệ tim mạch
A52.1,bệnh giang mai có biểu hiện tổn thương thương hệ thần kinh
A52.2,bệnh giang mai có tổn thương hệ thần kinh dạng tiềm ẩn
A50.4,"giang mai bẩm sinh muộn , có biến chứng thần kinh"
A50.5,"giang mai bẩm sinh muộn khác , có triệu chứng"
A50.6,"giang mai bẩm sinh muộn , thể ẩn"
A50.7,"giang mai bẩm sinh muộn , không đặc hiệu"
A50.9,"giang mai bẩm sinh , không đặc hiệu"
A51,giang mai sớm
A51.0,giang mai sinh dục nguyên phát
A51.1,giang mai hậu môn nguyên phát
A51.2,giang mai nguyên phát ở vị trí khác
A60,bệnh do virus herpes ( herpes simplex ) ở da quanh hậu môn và trực tràng
A60.0,bệnh do virus herpes ở đường sinh dục và niệu - sinh dục
A60.1,bệnh do virus herpes ( herpes simplex ) ở da quanh hậu môn và trực tràng
A60.9,"nhiễm virus herpes ( herpes simplex ) ở hậu môn - sinh dục , không xác định"
A63,"bệnh lây khác chủ yếu qua đường tình dục , không phân loại nơi khác"
A56.4,bệnh do chlamydia ở họng
A56.8,bệnh do chlamydia lây truyền qua đường tình dục có vị trí khác
A57,bệnh hạ cam
A58,u hạt ở bẹn
A59,u hạt ở bẹn
A59.0,bệnh do trichomonas đường niệu - sinh dục
A59.8,bệnh do trichomonas ở vị trí khác
A59.9,"bệnh do trichomonas , không đặc hiệu"
A63.0,sùi mào gà
A63.8,bệnh lây truyền chủ yếu qua đường tình dục xác định khác
A64,bệnh lây truyền qua đường tình dục không xác định
A65,giang mai không lây qua đường tình dục
A66,ghẻ cóc ( do nhiễm treponema pertenue )
A66.0,tổn thương ban đầu của ghẻ cóc
A66.1,ghẻ cóc đa u nhú và ghẻ cóc dạng u
A66.2,tổn thương da sớm khác của ghẻ cóc
A66.3,quá sản sừng của ghẻ cóc
A66.4,gôm và loét của ghẻ cóc
A66.5,bệnh gangosa ( bệnh loét quanh mũi )
A66.6,tổn thương xương và khớp của ghẻ cóc
A52.3,"giang mai thần kinh , không đặc hiệu"
A52.7,giang mai muộn có triệu chứng khác
A52.8,"giang mai muộn , tiềm ẩn"
A52.9,"giang mai muộn , không đặc hiệu"
A53,giang mai khác và không xác định
A53.0,"giang mai thể ẩn , không xác định là sớm hoặc muộn"
A53.9,"giang mai , không xác định"
A54,bệnh lậu
A54.0,nhiễm lậu cầu ở đường niệu - sinh dục dưới không có áp xe quanh niệu đạo hoặc các tuyến
A54.1,viêm lậu cầu vùng sinh dục ngoài
A54.2,"bệnh lậu vùng tiểu khung , phúc mạc , tiết niệu - sinh dục khác"
B25.1†,viêm gan do cytomegalovirus ( k77 . 0 * )
B25.2†,viêm tụy do cytomegalovirus ( k87 . 1 * )
B25.8,bệnh khác do cytomegalovirus
B25.9,"bệnh do cytomegalovirus , không đặc hiệu"
B26,bệnh quai bị
B23,bệnh hiv dẫn đến bệnh lý khác
B23.0,hội chứng nhiễm hiv cấp
B23.1,bệnh lý hạch lympho toàn thể do hiv
B23.2,"bất thường về huyết học và miễn dịch , không phân loại nơi khác do hiv"
B23.8,các bệnh lý khác do hiv
B24,bệnh do virus gây suy giảm miễn dịch ở người ( hiv ) không đặc hiệu
B25,nhiễm virus đại bào
B25.0†,viêm phổi do cytomegalovirus ( j17 . 1 * )
B30.0†,viêm kết - giác mạc do virus adeno ( h19 . 2 * )
B30.1†,viêm kết mạc do vírut adeno ( h13 . 1 * )
B30.2,bệnh viêm họng - kết mạc do virus
B30.3†,bệnh viêm kết mạc xuất huyết cấp tính do dịch ( do enterovirus ) ( h13 . 1 * )
G63.5*,bệnh đa dây thần kinh trong bệnh hệ thống mô liên kết ( m30 - m35 † )
G63.6*,"bệnh đa dây thần kinh trong bệnh cơ xương khác ( m00 - m25 † , m40 - m96 † )"
G46.6*,hội chứng ổ khuyết cảm giác đơn thuần ( i60 - i67 † )
G46.7*,hội chứng ổ khuyết khác ( i60 - i67 † )
G46.8*,hội chứng mạch máu não khác trong bệnh mạch máu não ( i60 - i67 † )
G53*,bệnh thần kinh sọ trong bệnh phân loại nơi khác
G53.0*,đau thần kinh sau zona ( b02 . 2 † )
G53.1*,liệt nhiều dây thần kinh sọ trong bệnh nhiễm trùng và ký sinh trùng phân loại nơi khác ( a00 - b99 † )
G58.7,viêm đơn dây thần kinh nhiều ổ
G58.8,bệnh đơn dây thần kinh xác định khác
G58.9,"bệnh đơn dây thần kinh , không đặc hiệu"
G59*,bệnh đơn dây thần kinh phân loại nơi khác
G59.0*,viêm đơn dây thần kinh do đái tháo đường ( e10 - e14 † ) với ký tự thứ tư là . 4 †
G60.3,bệnh dây thần kinh tiến triển vô căn
G60.8,bệnh dây thần kinh nguyên phát và di truyền khác
G60.9,"bệnh dây thần kinh di truyền nguyên phát , không đặc hiệu khác"
G61,viêm đa dây thần kinh
G61.0,hội chứng guillain - bárre
G59.8*,bệnh đơn dây thần kinh khác trong bệnh phân loại nơi khác
G60,bệnh dây thần kinh di truyền và nguyên phát
G60.0,bệnh dây thần kinh cảm giác và vận động di truyền
G60.1,bệnh refsum
G60.2,bệnh dây thần kinh kết hợp với thất điều di truyền
G63*,bệnh đa dây thần kinh trong các bệnh phân loại nơi khác
G63.0*,bệnh đa dây thần kinh trong các bệnh nhiễm trùng và ký sinh trùng phân loại nơi khác
G63.1*,bệnh đa dây thần kinh trong u ( c00 - d48 † )
G63.2*,viêm đa dây thần kinh do đái tháo đường ( e10 - e14 với ký tự thứ tư là . 4 † )
G63.3*,"bệnh đa dây thần kinh trong các bệnh nội tiết và chuyển hóa khác ( e00 - e07 † , e15 - e16 † , e20 - e34 † , e70 - e89 † )"
G63.4*,bệnh đa dây thần kinh trong thiểu dinh dưỡng ( e40 - e64 † )
G62.0,bệnh đa dây thần kinh do thuốc
G62.1,bệnh đa dây thần kinh do rượu
G62.2,bệnh đa dây thần kinh do độc tố khác
G62.8,bệnh đa dây thần kinh xác định khác
G62.9,"bệnh đa dây thần kinh , không đặc hiệu"
G61.1,bệnh dây thần kinh do huyết thanh
G61.8,bệnh viêm đa dây thần kinh khác
G61.9,"bệnh viêm đa dây thần kinh , không đặc hiệu"
G62,bệnh đa dây thần kinh khác
G63.8*,"bệnh đa dây thần kinh trong bệnh khác , phân loại nơi khác"
G64,bệnh khác của hệ thần kinh ngoại vi
G70,nhược cơ và bệnh thần kinh - cơ khác
G55.2*,chèn ép rễ và đám rối thần kinh trong thoái hóa đốt sống ( m47 . - † )
G55.3*,"chèn ép rễ và đám rối thần kinh trong bệnh khác vùng lưng ( m45 - m46 † , m48 . - † , m53 - m54 † )"
G51.0,liệt bell
G51.1,đau dây thần kinh thể gối
G51.2,hội chứng melkersson
G51.3,co thắt và giật nửa mặt
G56.3,tổn thương thần kinh quay
G56.8,bệnh đơn dây thần kinh khác của chi trên
G56.9,bệnh đơn dây thần kinh của chi trên không đặc hiệu
G57,bệnh đơn dây thần kinh chi dưới
G56.0,hội chứng ống cổ tay
G56.1,tổn thương khác của dây thần kinh giữa
G56.2,tổn thương thần kinh trụ
G57.2,tổn thương dây thần kinh đùi
G57.3,tổn thương dây thần kinh khoeo ngoài
G57.4,tổn thương dây thần kinh khoeo trong
G55.8*,chèn ép rễ và đám rối thần kinh trong bệnh phân loại nơi khác
G56,bệnh đơn dây thần kinh chi trên
G55.0*,chèn ép rễ thần kinh và đám rối trong u ( c00 - d48 † )
G55.1*,chèn ép rễ và đám rối thần kinh trong bệnh đĩa đệm cột sống ( m50 - m51 † )
G57.0,tổn thương dây thần kinh hông to ( dây thần kinh tọa )
G57.1,đau đùi dị cảm
G57.9,bệnh đơn dây thần kinh ở chi dưới không đặc hiệu
G58,bệnh đơn dây thần kinh khác
G58.0,bệnh dây thần kinh liên sườn
G57.5,hội chứng ống cổ chân
G57.6,tổn thương dây thần kinh gan bàn chân
G57.8,bệnh đơn dây thần kinh khác ở chi dưới
G52.7,bệnh của đa thần kinh sọ
G52.8,bệnh của thần kinh sọ xác định khác
G52.9,"bệnh của thần kinh sọ , không đặc hiệu"
G52,bệnh các dây thần kinh sọ khác
G52.0,bệnh thần kinh khứu giác
G52.1,bệnh của thần kinh lưỡi hầu ( thiệt hầu )
G32.0*,thoái hóa phối hợp bán cấp tủy sống trong bệnh phân loại nơi khác
G32.8*,bệnh thoái hóa xác định khác của hệ thần kinh trong bệnh phân loại nơi khác
G35,"đa xơ cứng , xơ cứng rải rác"
G36,thoái hóa myelin rải rác cấp tính khác
G36.0,viêm tủy thị thần kinh ( devic )
G36.1,viêm não chất trắng xuất huyết cấp và bán cấp
G47.9,"rối loạn giấc ngủ , không biệt định"
G50,bệnh thần kinh tam thoa
G50.0,đau thần kinh tam thoa
G54.1,bệnh đám rối thắt lưng - cùng
G54.2,"bệnh rễ thần kinh cổ , không phân loại nơi khác"
G54.3,"bệnh rễ thần kinh ngực , không phân loại nơi khác"
G54.4,"bệnh rễ thần kinh thắt lưng - cùng , không phân loại nơi khác"
G54.5,teo cơ đau thần kinh
G52.2,bệnh của thần kinh phế vị
G52.3,bệnh của thần kinh dưới lưỡi ( hạ thiệt )
G53.2*,liệt nhiều dây thần kinh sọ trong bệnh saccoit ( d86 . 8 † )
G53.3*,liệt nhiều dây thần kinh sọ trong u ( c00 - d48 † )
G53.8*,bệnh của thần kinh sọ khác trong các bệnh phân loại nơi khác
G54.9,"bệnh rễ và đám rối thần kinh , không xác định"
G55*,chèn ép rễ thần kinh và đám rối trong bệnh phân loại nơi khác
G54,bệnh rễ và đám rối thần kinh
G54.0,bệnh đám rối thần kinh cánh tay
G54.6,hội chứng chi ma có đau
G54.7,hội chứng chi ma không đau
G54.8,bệnh rễ và đám rối thần kinh khác
G40.7,"cơn nhỏ , không đặc hiệu , không kèm theo động kinh cơn lớn"
G40.8,động kinh khác
G40.9,động kinh không đặc hiệu
G41,trạng thái động kinh
G41.0,trạng thái động kinh cơn lớn
G41.1,trạng thái động kinh cơn nhỏ
G37.5,xơ cứng đồng tâm ( bálo )
G37.8,bệnh thoái hóa myelin xác định khác của hệ thần kinh trung ương
G37.9,"bệnh thoái hóa myelin của hệ thần kinh trung ương , không đặc hiệu"
G40,động kinh
G40.0,động kinh nguyên phát khu trú ( cục bộ ) ( từng phần ) và hội chứng động kinh với cơn khởi phát khu trú
G44.4,"đau do thuốc , không phân loại nơi khác"
G44.8,chứng đau đầu xác định khác
G45,cơn thiếu máu não cục bộ thoáng qua và hội chứng liên quan
G45.0,hội chứng động mạch sống - nền
G40.1,động kinh triệu chứng có khu trú ( cục bộ ) ( từng phần ) và hội chứng động kinh có cơn cục bộ đơn giản
G40.2,động kinh triệu chứng khu trú ( cục bộ ) ( từng phần ) và hội chứng động kinh có cơn động kinh cục bộ phức tạp
G40.3,hội chứng động kinh và động kinh toàn thể nguyên phát
G51.4,máy cơ mặt
G51.8,bệnh khác của thần kinh mặt
G51.9,"bệnh thần kinh mặt , không đặc hiệu"
G47,rối loạn giấc ngủ
G47.0,rối loạn vào giấc và duy trì giấc ngủ ( mất ngủ )
G47.1,rối loạn buồn ngủ quá mức ( ngủ quá nhiều )
G47.2,rối loạn chu kỳ thức ngủ
G46.1*,hội chứng động mạch não trước ( i66 . 1 † )
G46.2*,hội chứng động mạch não sau ( i66 . 2 † )
G46.3*,hội chứng đột quỵ thân não ( i60 - i67 † )
G46.4*,hội chứng đột quỵ tiểu não ( i60 - i67 † )
G46.5*,hội chứng ổ khuyết vận động đơn thuần ( i60 - i67 † )
G47.3,ngừng thở khi ngủ
G47.4,chứng ngủ rũ và mất trương lực đột ngột
G47.8,rối loạn giấc ngủ khác
G50.1,đau mặt không điển hình
G50.8,bệnh khác của thần kinh tam thoa
G50.9,"bệnh dây kinh tam thoa , không phân loại nơi khác"
G51,bệnh thần kinh mặt
G30.8,bệnh alzheimer khác
G30.9,bệnh alzheimer không đặc hiệu
G31,"bệnh thoái hóa khác của hệ thần kinh , không phân loại nơi khác"
G31.0,teo não khu trú
G31.1,"thoái hóa não tuổi già , không phân loại nơi khác"
G40.4,động kinh toàn thể và hội chứng động kinh khác
G40.5,hội chứng động kinh đặc biệt
G40.6,"động kinh cơn lớn , không đặc hiệu ( kèm hay không có cơn nhỏ )"
G37.2,tiêu myelin trung tâm cầu não
G37.3,viêm tủy ngang cấp trong bệnh thoái hóa myelin của hệ thần kinh trung ương
G37.4,viêm tủy hoại tử bán cấp
G45.1,hội chứng động mạch cảnh ( bán cầu não )
G45.2,hội chứng các động mạch não phía trước rải rác hai bên
G45.3,mù thoáng qua
G45.9,cơn thiếu máu não thoáng qua không đặc hiệu
G46*,hội chứng mạch máu não trong bệnh mạch não ( i60 - i67 † )
G46.0*,hội chứng động mạch não giữa ( i66 . 0 † )
G43.8,bệnh đau nửa đầu ( migraine ) khác
G43.9,"bệnh đau nửa đầu ( migraine ) , không đặc hiệu"
G44,hội chứng đau đầu khác
G44.0,hội chứng đau đầu chuỗi
G45.4,mất trí nhớ tạm thời
G45.8,cơn thiếu máu não thoáng qua khác và hội chứng liên quan
G41.2,trạng thái động kinh cục bộ phức tạp
G41.8,trạng thái động kinh khác
G41.9,"trạng thái động kinh , không đặc hiệu"
G43,migraine
G43.0,bệnh đau nửa đầu không có tiền triệu ( migraine phổ biến )
G43.1,bệnh đau nửa đầu có tiền triệu ( migraine cổ điển )
G43.2,trạng thái đau nửa đầu ( migraine )
G43.3,bệnh đau nửa đầu ( migraine ) biến chứng
G44.1,"đau đầu do mạch máu , không phân loại nơi khác"
G44.2,đau đầu do căng thẳng
G44.3,đau đầu mạn tính sau chấn thương
G36.8,thoái hóa myelin rải rác cấp tính xác định khác
G36.9,thoái hóa myelin rải rác cấp tính không đặc hiệu
G37,bệnh thoái hóa myelin khác của hệ thần kinh trung ương
G37.0,xơ cứng tỏa lan
G37.1,thoái hóa myelin trung tâm của thể trai
G23,bệnh thoái hóa khác của hạch nền não
G23.0,bệnh hallervorden - spatz
G23.1,liệt vận nhãn trên nhân tiến triển ( steele - richardson - olszewski )
G23.2,teo đa hệ thống thể parkinson ( msa - p )
G23.3,teo đa hệ thống thể tiểu não ( msa - c )
G30,bệnh alzheimer
G30.0,bệnh alzheimer khởi phát sớm
G30.1,bệnh alzheimer khởi phát muộn
G31.2,thoái hóa hệ thần kinh do rượu
G31.8,bệnh thoái hóa xác định khác của hệ thần kinh
G31.9,"bệnh thoái hóa hệ thần kinh , không đặc hiệu"
G32*,"bệnh thoái hóa khác của hệ thần kinh , trong bệnh phân loại nơi khác"
G25.8,hội chứng ngoại tháp và rối loạn vận động
G25.9,hội chứng ngoại tháp và rối loạn vận động không đặc hiệu
G26*,hội chứng ngoại tháp và rối loạn vận động trong bệnh phân loại nơi khác
G23.8,bệnh thoái hóa xác định khác của hạch nền
G23.9,"bệnh thoái hóa hạch nền , không đặc hiệu"
G24,loạn trương lực cơ
G24.0,loạn trương lực cơ do thuốc
G14,hội chứng sau bại liệt
G20,bệnh parkinson
G21,hội chứng parkinson thứ phát
G21.4,hội chứng parkinson do bệnh mạch máu
G21.8,hội chứng parkinson thứ phát khác
G21.9,"hội chứng parkinson thứ phát , không đặc hiệu"
G22*,hội chứng parkinson trong bệnh phân loại nơi khác
G25,hội chứng ngoại tháp và rối loạn vận động khác
G25.0,run vô căn
G25.1,run do thuốc
G25.2,thể run khác
G24.4,loạn trương lực cơ mặt - miệng nguyên phát
G24.5,co thắt cơ vòng mi
G24.8,loạn trương lực cơ khác
G24.9,"loạn trương lực cơ , không xác định"
G70.0,nhược cơ
G70.1,bệnh thần kinh - cơ do nhiễm độc
G70.2,nhược cơ bẩm sinh và trong quá trình phát triển
G73.0*,hội chứng nhược cơ trong bệnh nội tiết
G73.1*,hội chứng lambert - eaton ( c80 † )
G73.2*,hội chứng nhược cơ khác trong u ( c00 - d48 † )
G80.8,bại não khác
G80.9,"bại não , không đặc hiệu"
G81,liệt nửa người
G81.0,liệt mềm nửa người
G81.1,liệt cứng nửa người
G73.3*,hội chứng nhược cơ trong các bệnh khác phân loại nơi khác
G73.4*,bệnh cơ trong bệnh nhiễm trùng và ký sinh trùng phân loại nơi khác
G73.5*,bệnh cơ trong bệnh nội tiết
G73.6*,bệnh cơ trong bệnh chuyển hóa
A03.8,bệnh lỵ trực khuẩn khác
A03.9,"bệnh lỵ trực khuẩn , không xác định"
A04,nhiễm khuẩn đường ruột do vi khuẩn khác
A04.0,nhiễm escherichia coli gây bệnh đường ruột
A04.1,nhiễm escherichia coli gây độc tố ruột ( etec )
A16.2,"lao phổi , không đề cập đến việc khẳng định về vi khuẩn hoặc mô học"
A16.3,"lao hạch lympho trong lồng ngực , không đề cập đến việc khẳng định về vi khuẩn học hoặc mô học"
A16,"lao đường hô hấp , không khẳng định về vi khuẩn học hoặc mô học"
A16.0,"lao phổi , âm tính về vi khuẩn học và mô học"
A16.1,"lao phổi , không xét nghiệm vi khuẩn học và mô học"
A16.4,"lao thanh quản , khí quản và phế quản , không đề cập đến việc khẳng định về vi khuẩn học hoặc mô học"
A16.5,"lao màng phổi , không đề cập đến việc khẳng định về vi khuẩn học hoặc mô học"
A16.7,lao hô hấp sơ nhiễm không đề cập đến khẳng định về vi khuẩn học hoặc mô học
A15.4,"lao hạch lympho trong lồng ngực , khẳng định về vi khuẩn học và mô học"
A15.5,"lao thanh quản , khí quản và phế quản , khẳng định về vi khuẩn học và mô học"
A17.0†,viêm màng não do lao ( g01 * )
A17.1†,u lao màng não ( g07 * )
A17.8†,lao khác của hệ thần kinh
A17.9†,"lao hệ thần kinh , không xác định ( g99 . 8 * )"
A18,lao các cơ quan khác
A18.0†,lao xương và khớp
A15.6,"lao màng phổi , khẳng định về vi khuẩn học và mô học"
A15.7,"lao hô hấp sơ nhiễm , khẳng định về vi khuẩn học và mô học"
A15.8,"lao hô hấp khác , khẳng định về vi khuẩn học và mô học"
A15.9,"lao hô hấp không xác định , khẳng định về vi khuẩn học và mô học"
A16.8,"lao hô hấp khác , không đề cập đến việc khẳng định về vi khuẩn học hoặc mô học"
A16.9,"lao hô hấp không xác định , không đề cập đến việc khẳng định về vi khuẩn học hoặc mô học"
A17,lao hệ thần kinh
A18.1†,lao hệ tiết niệu sinh dục
A18.2,lao hạch lympho ngoại vi
A18.3,"lao ruột , màng bụng và hạch mạc treo"
A06.0,bệnh lỵ amip cấp
A06.1,bệnh lỵ amip đường ruột mạn tính
A06.2,viêm đại tràng do amip không gây hội chứng lỵ
A08.5,nhiễm trùng đường ruột xác định khác
A09,viêm dạ dày - ruột khác và viêm đại tràng do nhiễm trùng và nguyên nhân không xác định
A09.0,viêm dạ dày - ruột và viêm đại tràng do nhiễm trùng khác và không xác định
A06.8,nhiễm amip ở vị trí khác
A06.9,"bệnh do amip , không xác định"
A07,bệnh đường ruột do đơn bào khác
A07.0,bệnh do balantidium
A09.9,viêm dạ dày - ruột và viêm đại tràng khác không rõ nguyên nhân
A15,"lao hô hấp , có khẳng định về vi khuẩn học và mô học"
A15.0,"lao phổi , khẳng định về soi đờm có cấy hoặc không cấy đờm"
A08.1,bệnh lý dạ dày ruột cấp do tác nhân norwalk
A08.2,viêm ruột do virus adeno
A08.3,viêm ruột do virus khác
A08.4,"nhiễm trùng đường ruột do virus , không xác định"
A06.3,u do amip đường ruột
A06.4†,áp xe gan do amip ( k77 . 0 * )
A06.5†,áp xe phổi do amip
A15.1,"lao phổi , chỉ khẳng định bằng nuôi cấy"
A15.2,"lao phổi , khẳng định về mô học"
A15.3,lao phổi được khẳng định bằng những phương pháp không đặc hiệu
A07.1,bệnh do giardia ( lamblia )
A07.2,bệnh do cryptosporidia
A07.3,bệnh do lsospora
A07.8,bệnh do đơn bào xác định khác
A07.9,"bệnh đường ruột do đơn bào , không xác định"
A08,nhiễm trùng đường ruột do virus và tác nhân xác định khác
A08.0,viêm ruột do virus rota
A06.6†,áp xe não do amip ( g07 * )
A06.7,nhiễm amip ở da
A30.2,bệnh phong thể củ trung gian
A30.3,bệnh phong thể trung gian
A30.4,bệnh phong thể u trung gian
A30.5,bệnh phong thể u
A30.8,thể khác của bệnh phong
A26.9,"bệnh viêm quầng đỏ do erysipelothrix rhusiopathiae , không đặc hiệu"
A27,bệnh do leptospira
A27.0,bệnh do leptospira gây vàng da xuất huyết
A27.8,thể khác của nhiễm leptospira
A27.9,"nhiễm leptospira , không đặc hiệu"
A28,"bệnh nhiễm trùng khác do động vật truyền sang người , không phân loại nơi khác"
A28.0,bệnh tụ huyết trùng do pasteurella
A28.1,bệnh mèo cào
A20.1,dịch hạch thể viêm da mô mềm
A20.2,dịch hạch thể phổi
A20.3,dịch hạch thể viêm màng não
A20.7,dịch hạch thể nhiễm trùng huyết
A20.8,dịch hạch thể khác
A20.9,dịch hạch không xác định
A21,bệnh tularemia
A21.0,loét hạch do tularaemia
A21.1,bệnh tularaemia hạch ở mắt
A28.2,nhiễm yersinia ngoài ruột
A28.8,"bệnh nhiễm trùng do động vật truyền sang người khác , không phân loại nơi khác"
A28.9,"bệnh nhiễm trùng do động vật truyền sang người , không xác định"
A30,bệnh phong ( bệnh hansen )
A30.0,bệnh phong thể bất định
A30.1,bệnh phong thể củ
A25,sốt do chuột cắn
A25.0,bệnh do spirilla
A25.1,bệnh do streptobacilla
A25.9,sốt do chuột cắn không xác định
A26,bệnh viêm quầng đỏ do erysipelothrix rhusiopathiae
A26.0,bệnh viêm quầng đỏ ở da do erysipelothrix
A26.7,nhiễm khuẩn huyết do erysipelothrix
A26.8,thể khác của viêm quầng đỏ do erysipelothrix
A23.2,bệnh do brucella suis
A23.3,bệnh do brucella canis
A23.8,bệnh do brucella khác
A23.9,"bệnh do brucella , không xác định"
A24,bệnh do burkholderia mallei và bệnh do burkholderia pseudomallei
A24.0,bệnh do burkholderia mallei
A24.1,bệnh do burkholderia pseudomallei cấp tính và tối cấp
A24.2,bệnh do burkholderia pseudomallei bán cấp và mạn tính
A24.3,bệnh do burkholderia pseudomallei khác
A24.4,"bệnh do burkholderia pseudomallei ( bệnh whitmore ) , không đặc hiệu"
A18.4,lao da và mô dưới da
A18.5,lao ở mắt
A18.6,lao ở tai
A22.1,bệnh than thể phổi
A22.2,bệnh than thể dạ dày ruột
A22.7,bệnh than thể nhiễm khuẩn huyết
A22.8,bệnh than thể khác
A22.9,bệnh than không xác định
A23,bệnh do brucella
A23.0,bệnh do brucella melitensis
A23.1,bệnh do brucella abortus
A18.7†,lao tuyến thượng thận ( e35 . 1 * )
A18.8,lao các cơ quan xác định khác
A19,lao kê
A19.0,lao kê cấp của một vị trí xác định
A19.1,lao kê cấp của nhiều vị trí
A19.2,"lao kê cấp , không xác định"
A19.8,lao kê khác
A19.9,"lao kê , không xác định"
A20,dịch hạch
A20.0,dịch hạch thể hạch
A21.2,bệnh tularaemia thể phổi
A21.3,bệnh tularaemia thể dạ dày ruột
A21.7,bệnh tularaemia toàn thân
A21.8,bệnh tularaemia thể khác
A21.9,"bệnh tularaemia , không xác định"
A22,bệnh than
A22.0,bệnh than thể da
A05,"nhiễm độc thức ăn do vi khuẩn khác , không phân loại nơi khác"
A05.0,nhiễm độc thức ăn do độc tố của tụ cầu
A05.1,ngộ độc thịt
A04.5,viêm ruột do campylobacter
A04.6,viêm ruột do yersinia enterocolitica
A04.7,viêm ruột do clostridium difficile
A04.8,nhiễm khuẩn đường ruột do vi khuẩn xác định khác
A04.9,"nhiễm khuẩn đường ruột do vi khuẩn , không xác định"
A00,bệnh tả
A00.0,"bệnh tả do vibrio cholerae 01 , type sinh học cholerae"
A00.1,"bệnh tả do vibrio cholerae 01 , type sinh học eltor"
A00.9,"bệnh tả , không đặc hiệu"
A01,bệnh thương hàn và phó thương hàn
A05.9,"nhiễm độc thức ăn do vi khuẩn , không xác định"
A06,bệnh do amip
A03,bệnh lỵ trực khuẩn
A03.0,bệnh lỵ trực khuẩn do shigella dysenteriae
A03.1,bệnh lỵ trực khuẩn do shigella flexneri
A03.2,bệnh lỵ trực khuẩn do shigella boydii
A03.3,bệnh lỵ trực khuẩn do shigella sonnei
A05.2,nhiễm độc thức ăn do độc tố của clostridium perfringens ( clostridium welchii )
A05.3,nhiễm độc thức ăn do độc tố của vibrio parahaemolyticus
A05.4,nhiễm độc thức ăn do độc tố của bacillus cereus
A05.8,nhiễm độc thức ăn do độc tố của vi khuẩn xác định khác
A04.2,nhiễm escherichia coli xâm nhập ( eiec )
A04.3,nhiễm escherichia coli gây xuất huyết đường ruột ( ehec )
A04.4,nhiễm escherichia coli đường ruột khác
A01.0,thương hàn
A01.1,bệnh phó thương hàn a
A01.2,bệnh phó thương hàn b
A01.3,bệnh phó thương hàn c
A01.4,"bệnh phó thương hàn , không đặc hiệu"
A02,nhiễm salmonella khác
A02.1,nhiem khuan huyet do salmonella
A02.2†,nhiễm salmonella khu trú
A02.8,nhiễm salmonella xác định khác
A02.9,"nhiễm salmonella , không xác định"
A02.0,viêm ruột do salmonella
A39.8,nhiễm não mô cầu khác
A39.9,"nhiễm não mô cầu , không đặc hiệu"
A40,nhiễm khuẩn huyết do liên cầu
A40.0,"nhiễm khuẩn huyết do liên cầu , nhóm a"
A33,bệnh uốn ván sơ sinh
A34,bệnh uốn ván sản khoa
A35,bệnh uốn ván khác
A39.1†,hội chứng waterhouse - friderichsen ( e35 . 1 * )
A39.2,nhiễm khuẩn huyết não mô cầu cấp tính
A39.3,nhiễm khuẩn huyết não mô cầu mạn tính
A39.4,"nhiễm khuẩn huyết não mô cầu , không đặc hiệu"
A39.5†,bệnh tim do não mô cầu
A30.9,"bệnh phong , không xác định"
A31,nhiễm khuẩn do mycobacteria khác
A31.0,nhiễm khuẩn phổi do mycobacteria
A31.1,nhiễm khuẩn da do mycobacteria
A31.8,nhiễm khuẩn mycobacteria khác
A31.9,"nhiễm khuẩn do mycobacteria , không đặc hiệu"
A32,nhiễm khuẩn do listeria monocytogenes
A37.8,bệnh ho gà do bordetella khác
A37.9,"bệnh ho gà , không đặc hiệu"
A38,bệnh tinh hồng nhiệt
A39,nhiễm trùng do não mô cầu
A39.0†,viêm màng não do não mô cầu ( g01 * )
A36.3,bệnh bạch hầu da
A36.8,bệnh bạch hầu khác
A36.9,"bệnh bạch hầu , không đặc hiệu"
A37,bệnh ho gà
A37.0,bệnh ho gà do bordetella pertussis
A37.1,bệnh ho gà do bordetella parapertussis
D10.5,u lành của phần khác của họng miệng
D11.7,u lành của tuyến nước bọt chính khác
D11.9,u lành của tuyến nước bọt chính không đặc hiệu
D12,"u lành của đại tràng , trực tràng , hậu môn và ống hậu môn"
D13,u lành của phần khác và không rõ ràng của hệ tiêu hóa
D13.4,u lành của gan
D13.5,u lành của đường mật ngoài gan
D13.6,u lành của tụy
D13.7,u lành của tụy nội tiết
D13.9,u lành của vị trí không rõ ràng trong hệ tiêu hóa
D12.6,"u lành của đại tràng , không đặc hiệu"
D12.7,u lành của đoạn nối trực tràng - đại tràng sigma
D12.2,u lành của đại tràng lên
D12.3,u lành của đại tràng ngang
D12.4,u lành của đại tràng xuống
D12.5,u lành của đại tràng sigma
D13.2,u lành của tá tràng
D13.3,u lành của phần khác và không xác định của ruột non
D13.0,u lành của thực quản
D13.1,u lành của dạ dày
D09.0,ung thư biểu mô tại chỗ của bàng quang
D09.1,ung thư biểu mô tại chỗ của cơ quan tiết niệu khác và không xác định
D09.2,ung thư biểu mô tại chỗ của mắt
D09.3,ung thư biểu mô tại chỗ của tuyến giáp và tuyến nội tiết khác
D09.7,ung thư biểu mô tại chỗ ở vị trí xác định khác
D09.9,"ung thư biểu mô tại chỗ , không xác định"
D10,u lành của miệng và hầu
D12.8,u lành của trực tràng
D12.9,u lành của hậu môn và ống hậu môn
D16,u lành của xương và sụn khớp
D10.6,u lành của mũi hầu
D10.7,u lành của hạ hầu
D15.0,u lành của tuyến ức
D15.1,u lành của tim
D15.2,u lành của trung thất
C96.2,bệnh dưỡng bào tiến triển nhanh hệ thống
C96.4,sarcom tế bào đuôi gai ( tế bào phụ )
C96.5,bệnh mô bào langerhans đa ổ và đơn hệ thống
C96.6,bệnh mô bào langerhans đơn ổ
C96.7,"u ác tính khác của mô dạng lympho , hệ tạo máu và mô liên quan"
D14.3,u lành của phế quản và phổi
D14.1,u lành của thanh quản
D14.2,u lành của khí quản
D14.4,"u lành của hệ hô hấp , không đặc hiệu"
D15,u lành của cơ quan khác và không xác định trong lồng ngực
D15.7,u lành của cơ quan trong lồng ngực xác định khác
D15.9,u lành của cơ quan trong lồng ngực không đặc hiệu
D10.2,u lành của sàn miệng
D10.3,u lành của phần khác và không xác định của miệng
D10.0,u lành của môi
D10.1,u lành của lưỡi
D10.9,"u lành của hầu , không đặc hiệu"
D11,u lành của các tuyến nước bọt chính
D02.2,ung thư biểu mô tại chỗ của phế quản và phổi
D02.3,ung thư biểu mô tại chỗ của phần khác và hệ hô hấp
C83.7,u lympho dạng burkitt
C83.8,các thể khác của u lympho không hodgkin
C83.9,"u lympho không hodgkin thể lan tỏa , không đặc hiệu"
C84,"u lympho tế bào t , nk trưởng thành"
C84.0,u lympho tế bào t nguyên phát ở da ( mycosis fungoides )
D12.0,u lành của manh tràng
D12.1,u lành của ruột thừa
D11.0,u lành của tuyến mang tai
D04.2,ung thư biểu mô tại chỗ của da vùng tai và ống tai ngoài
D04.3,ung thư biểu mô tại chỗ của da của phần khác và không xác định của mặt
D04.4,ung thư biểu mô tại chỗ của da đầu và cổ
C85.1,"u lympho tế bào b , không đặc hiệu"
C85.2,u lympho tế bào b lớn lan tỏa trung thất ( tuyến ức )
C85.7,loại xác định khác của u lympho không hodgkin
C85.9,"u lympho không hodgkin , loại không xác định"
C86,"loại khác và không xác định của u lympho tế bào t , nk"
C86.0,"u lympho tế bào t , nk ngoài hạch , thể mũi xoang"
C86.1,u lympho tế bào t gan - lách
D00.1,ung thư biểu mô tại chỗ của thực quản
D00.2,ung thư tại chỗ của dạ dày
D01,ung thư biểu mô tại chỗ của cơ quan tiêu hóa khác và không xác định
D01.0,ung thư biểu mô tại chỗ của đại tràng
D01.1,ung thư biểu mô tại chỗ của đoạn nối trực tràng - đại tràng sigma
D01.2,ung thư biểu mô tại chỗ của trực tràng
C82.3,u lympho thể nang độ iiia
C82.4,u lympho thể nang độ iiib
C82.5,u lympho trung tâm nang thể lan tỏa
C82.6,u lympho trung tâm nang thể da
C82.7,u lympho thể nang khác
C82.9,"u lympho thể nang , không đặc hiệu"
C83,u lympho không hodgkin thể lan tỏa
C83.0,u lympho không hodgkin tế bào b nhỏ
C79.1,u ác thứ phát của bàng quang và cơ quan tiết niệu khác và không xác định
C79.2,u ác thứ phát của da
C79.3,u ác thứ phát của não và màng não
C90.1,bệnh bạch cầu dòng plasma ( tương bào )
C90.2,u tương bào ngoài tủy
C90.3,u tương bào đơn độc
C91,bệnh bạch cầu dòng lympho
C91.0,bệnh bạch cầu cấp dòng lympho ( all )
C88,bệnh tăng sinh miễn dịch ác tính
C88.0,bệnh tăng globulin đại phân tử ( waldenstrom )
C88.2,bệnh lý chuỗi nặng khác
C88.3,bệnh tăng sinh miễn dịch ruột non
C88.4,u lympho vùng rìa ngoài hạch liên quan đến tổ chức lympho niêm mạc ( malt - lyphoma )
C88.7,bệnh lý tăng sinh miễn dịch ác tính khác
C88.9,bệnh lý tăng sinh miễn dịch ác tính không đặc hiệu
C90,đa u tủy và các u tương bào
C90.0,đa u tủy xương
D00,"ung thư biểu mô tại chỗ của khoang miệng , thực quản và dạ dày"
D00.0,ung thư biểu mô tại chỗ của môi khoang miệng và hầu họng
D02.4,ung thư biểu mô tại chỗ của hệ hô hấp không đặc hiệu
D03,ung thư tế bào hắc tố tại chỗ
D03.0,u hắc tố tại chỗ của môi
D03.1,"ung thư tế bào hắc tố tại chỗ của mi mắt , bao gồm góc mắt"
D03.2,ung thư tế bào hắc tố tại chỗ của tai và ống ngoài tai
D03.3,ung thư tế bào hắc tố tại chỗ của phần khác và phần không xác định của mặt
D03.4,ung thư tế bào hắc tố tại chỗ của da đầu và cổ
D01.7,ung thư biểu mô tại chỗ của cơ quan tiêu hóa xác định khác
D01.9,ung thư biểu mô tại chỗ của cơ quan tiêu hóa không đặc hiệu
D02,ung thư biểu mô tại chỗ của tai giữa và hệ hô hấp
D02.0,ung thư biểu mô tại chỗ của thanh quản
D02.1,ung thư biểu mô tại chỗ của khí quản
C96.8,u sarcom mô bào
C96.9,"u ác tính không đặc hiệu của mô dạng lympho , hệ tạo máu và mô liên quan"
C97,"u ác có nhiều vị trí độc lập ( nguyên phát ) , ung thư nguyên phát đa ổ"
C95,bệnh bạch cầu có loại tế bào không xác định
C95.0,bệnh bạch cầu cấp loại tế bào không xác định
C95.1,bệnh bạch cầu mạn loại tế bào không xác định
C95.7,"bệnh bạch cầu khác , loại tế bào không xác định"
C95.9,bệnh bạch cầu không xác định
C96,"u ác khác và không xác định của hệ lympho , hệ tạo máu và mô liên quan"
C96.0,bệnh mô bào langerhans đa ổ và đa hệ thống ( rải rác ) ( bệnh letterer - siwe )
D01.3,ung thư biểu mô tại chỗ của hậu môn và ống hậu môn
D01.4,ung thư biểu mô tại chỗ của phần khác và không xác định của ruột non
D01.5,"ung thư biểu mô tại chỗ của gan , túi mật và đường dẫn mật"
C91.4,bệnh bạch cầu tế bào tóc
C91.5,bệnh bạch cầu tế bào t trưởng thành
C91.6,bệnh bạch cầu tế bào tiền lympho t
C79.7,u ác thứ phát của tuyến thượng thận
C79.8,u ác thứ phát của các vị trí xác định khác
C79.9,"u ác thứ phát , vị trí không xác định"
C80,u ác tính thứ phát không xác định vị trí
C80.0,"u ác tính , không xác định được vị trí nguyên phát"
C79.4,u ác thứ phát khác và không xác định vị trí của hệ thần kinh
C79.5,u ác thứ phát của xương và tủy xương
C79.6,u ác thứ phát của buồng trứng
D03.9,"ung thư tế bào hắc tố tại chỗ , không đặc hiệu"
D04,ung thư biểu mô tại chỗ của da
D04.0,ung thư biểu mô tại chỗ của da môi
D04.1,ung thư biểu mô tại chỗ của da mi mắt bao gồm góc mắt
D04.5,ung thư biểu mô tại chỗ của da thân mình
D04.6,"ung thư biểu mô tại chỗ của da chi trên , bao gồm vai"
D04.7,"ung thư biểu mô tại chỗ của da chi dưới , bao gồm hông"
D04.8,ung thư biểu mô tại chỗ của da ở vị trí khác
D04.9,"ung thư biểu mô tại chỗ của da , không đặc hiệu"
D03.5,ung thư tế bào hắc tố tại chỗ của thân mình
D03.6,"ung thư tế bào hắc tố tại chỗ của chi trên , bao gồm vai"
D03.7,"ung thư tế bào hắc tố tại chỗ của chi dưới , bao gồm hông"
D03.8,ung thư tế bào hắc tố tại chỗ của vị trí khác
D07.4,ung thư biểu mô tại chỗ của dương vật
D07.5,ung thư biểu mô tại chỗ của tuyến tiền liệt
D07.6,ung thư biểu mô tại chỗ của cơ quan sinh dục nam khác và không xác định
D09,ung thư biểu mô tại chỗ ở vị trí khác và không xác định
D06.9,"ung thư biểu mô tại chỗ của cổ tử cung , không đặc hiệu"
D07,ung thư biểu mô tại chỗ của cơ quan sinh dục khác và không xác định
D07.0,ung thư biểu mô tại chỗ của nội mạc tử cung
D07.1,ung thư biểu mô tại chỗ của âm hộ
D07.2,ung thư biểu mô tại chỗ của âm đạo
D07.3,ung thư biểu mô tại chỗ của cơ quan sinh dục nữ khác và không xác định
D05,ung thư biểu mô tại chỗ của vú
D05.0,ung thư biểu mô tiểu thùy tại chỗ
D05.1,ung thư biểu mô ống tuyến vú tại chỗ
D05.7,ung thư biểu mô ống tuyến khác tại chỗ của vú
D05.9,"ung thư biểu mô tại chỗ của vú , không đặc hiệu"
D06,ung thư biểu mô tại chỗ của cổ tử cung
D06.0,ung thư biểu mô tại chỗ của nội mạc
D06.1,ung thư biểu mô tại chỗ của ngoại mạc
D06.7,ung thư biểu mô tại chỗ của phần khác của cổ tử cung
C92.6,bệnh bạch cầu cấp dòng tủy có bất thường 11q23
C92.7,bệnh bạch cầu dòng tủy khác
C92.8,bệnh bạch cầu cấp dòng tủy có loạn sản đa dòng
C92.9,"bệnh bạch cầu dòng tủy , không đặc hiệu"
C93,bệnh bạch cầu mono
C93.0,bệnh bạch cầu cấp dòng mono
C93.1,bệnh bạch cầu mạn dòng tủy mono
C93.3,bệnh bạch cầu dòng tủy mono tuổi vị thành niên
C83.1,u lympho không hodgkin tế bào mantle ( áo nang )
C83.3,u lympho không hodgkin tế bào b lớn lan tỏa
C83.5,u lympho không hodgkin dạng nguyên bào lympho ( lan tỏa )
C80.9,"u ác , không xác định vị trí nguyên phát"
C81,u lympho hodgkin
C81.0,u lympho hodgkin ưu thế lympho bào dạng nốt
C81.1,u lympho hodgkin kinh điển thể xơ nốt
C81.2,u lympho hodgkin kinh điển thể hỗn hợp tế bào
C91.1,bệnh bạch cầu mạn dòng lympho ( cll )
C91.3,bệnh bạch cầu tế bào tiền lympho b
C84.1,bệnh sézary
C84.4,"u lympho tế bào t ngoại vi , không phân loại nơi khác"
C84.5,"u lympho tế bào t , nk trưởng thành khác"
C84.6,"u lympho tế bào lớn bất sản , alk - dương tính"
C84.7,"u lympho tế bào lớn bất sản , alk âm tính"
C84.8,"u lympho tế bào t ở da , không đặc hiệu"
C84.9,"u lympho tế bào t , nk trưởng thành , không đặc hiệu"
C85,"u lympho không hodgkin , loại khác và không xác định"
C86.2,u lympho tế bào t liên quan đến bệnh lý ruột ( eatl )
C86.3,u lympho tế bào t dạng viêm mô mỡ dưới da
C86.4,u lympho nguyên bào nk
C86.5,u lympho tế bào t nguyên bào miễn dịch mạch
C86.6,u lympho tế bào t thể da nguyên phát cd - 30 dương tính
C91.7,bệnh bạch cầu dòng lympho khác
C91.8,bệnh bạch cầu tế bào b trưởng thành loại burkitt
C91.9,"bệnh bạch cầu dòng lympho , không đặc hiệu"
C92,bệnh bạch cầu tủy
C92.0,bệnh bạch cầu cấp dòng tủy
C92.1,"bệnh bạch cầu mạn dòng tủy ( cml ) , bcr , abl - dương tính"
C92.2,"bệnh bạch cầu mạn dòng tủy không điển hình , bcr , abl - âm tính"
C92.3,u sarcom dòng tủy
C92.4,bệnh bạch cầu cấp thể tiền tủy bào ( pml )
C92.5,bệnh bạch cầu cấp dòng tủy mono
C81.3,u lympho hodgkin kinh điển thể giảm lympho bào
C81.4,u lympho hodgkin ( kinh điển ) thể giàu lympho bào
C81.7,u lympho hodgkin kinh điển khác
C81.9,"u lympho hodgkin , không đặc hiệu"
C82,u lympho thể nang
C82.0,u lympho thể nang độ i
C82.1,u lympho thể nang độ ii
C82.2,"u lympho thể nang độ iii , không đặc hiệu"
C93.7,bệnh bạch cầu mono khác
C93.9,bệnh bạch cầu mono không đặc hiệu
C94,bệnh bạch cầu của dòng tế bào xác định khác
C94.0,bệnh bạch cầu cấp dòng hồng cầu
C94.2,bệnh bạch cầu cấp dòng mẫu tiểu cầu
C94.3,bệnh bạch cầu tế bào dòng dưỡng bào
C94.4,bệnh toàn tủy cấp tính có xơ tủy
C94.6,"bệnh rối loạn sinh tủy và tăng sinh tủy , không phân loại nơi khác"
C94.7,bệnh bạch cầu xác định khác
D10.4,u lành của amiđan
D16.0,u lành của xương bả vai và xương dài của chi trên
D17.2,u mỡ lành tính của da và mô dưới da ở các chi
D17.3,u mỡ lành tính của da và mô dưới da ở vị trí khác và không xác định
D21.0,"u lành mô liên kết và mô mềm khác của đầu , mặt và cổ"
E71,rối loạn chuyển hóa acid amin chuỗi nhánh và rối loạn chuyển hóa acid béo
F10.3,trạng thái cai rượu
F10.4,trạng thái cai với mê sảng do sử dụng rượu
F10.5,rối loạn loạn thần do rượu
F10.6,hội chứng quên do rượu
F10.7,rối loạn loạn thần di chứng và khởi phát muộn do rượu
F06.9,rối loạn tâm thần không biệt định do tổn thương não và rối loạn chức năng não và bệnh lý cơ thể
E73.9,"không dung nạp lactose , không đặc hiệu"
E74,rối loạn khác của chuyển hóa carbohydrat
E74.0,rối loạn dự trữ glycogen
E74.1,rối loạn chuyển hóa fructose
E74.2,rối loạn chuyển hóa galactose
E74.3,rối loạn khác của hấp thu carbohydrat ở ruột non
F06,rối loạn tâm thần khác do tổn thương và rối loạn chức năng não và do bệnh cơ thể
F06.0,ảo giác thực tổn
F06.1,rối loạn căng trương lực thực tổn
F06.7,rối loạn nhận thức nhẹ
F06.8,"các rối loạn tâm thần biệt định khác do tổn thương não , rối loạn chức năng não và bệnh lý cơ thể"
F07,"các rối loạn nhân cách và hành vi do bệnh lý não , tổn thương não và rối loạn chức năng não"
F07.0,rối loạn nhân cách thực tổn
F07.1,hội chứng sau viêm não
F07.2,hội chứng sau chấn động não
F07.8,"các rối loạn hành vi và nhân cách thực tổn khác do bệnh não , tổn thương não và rối loạn chức năng não"
F06.5,rối loạn phân ly thực tổn
F06.6,rối loạn cảm xúc dao động ( suy nhược ) thực tổn
F06.2,rối loạn hoang tưởng thực tổn ( giống tâm thần phân liệt )
F06.3,rối loạn khí sắc ( cảm xúc ) thực tổn
F06.4,rối loạn lo âu thực tổn
F07.9,"rối loạn nhân cách và hành vi thực thể do bệnh não , tổn thương và rối loạn chức năng não không biệt định"
F09,rối loạn tâm thần thực tổn hoặc triệu chứng không biệt định
F10,rối loạn tâm thần và hành vi do sử dụng rượu
F10.0,ngộ độc cấp do sử dụng rượu
F10.1,sử dụng gây hại do rượu
F10.2,hội chứng nghiện rượu
F00.1*,sa sút trí tuệ trong bệnh alzheimer khởi phát muộn ( g30 . 1 † )
F00.2*,"sa sút trí tuệ trong bệnh alzheimer , thể không điển hình hoặc thể hỗn hợp ( g30 . 8 † )"
F00.9*,"sa sút trí tuệ trong bệnh alzheimer , không biệt định ( g30 . 9 † )"
F01,sa sút trí tuệ do nguyên nhân mạch
F01.0,sa sút trí tuệ do nguyên nhân mạch giai đoạn khởi phát cấp tính
E87.0,tăng áp suất thẩm thấu và tăng natri máu
E87.1,giảm áp suất thẩm thấu và giảm na máu
F02.0*,sa sút trí tuệ trong bệnh pick ( g31 . 0 † )
F02.1*,sa sút trí tuệ trong bệnh creutzfeldt - jakob ( a81 . 0 † )
F02.2*,sa sút trí tuệ trong bệnh hungtington ( g10 † )
E90*,rối loạn chuyển hóa và dinh dưỡng trong các bệnh phân loại nơi khác
F00*,sa sút trí tuệ trong bệnh alzheimer ( g30 . - † )
F00.0*,sa sút trí tuệ trong bệnh alzheimer khởi phát sớm ( g30 . 0 † )
F03,sa sút trí tuệ không biệt định
F04,hội chứng quên thực tổn không do rượu và chất tác động tâm thần khác
F05,sảng không do rượu và chất tác động tâm thần khác
F05.0,"sảng , không gối lên sa sút trí tuệ , như đã mô tả"
F05.1,sảng gối lên sa sút trí tuệ
F05.8,sảng khác
F05.9,"sảng , không biệt định"
E89.0,suy giáp sau phẫu thuật hoặc sau can thiệp
E89.1,hạ insulin máu sau phẫu thuật hoặc sau can thiệp
E89.2,suy tuyến cận giáp sau phẫu thuật hoặc sau can thiệp
E89.3,suy tuyến yên sau phẫu thuật hoặc sau can thiệp
E89.4,suy buồng trứng sau phẫu thuật hoặc sau can thiệp
E89.5,suy tinh hoàn sau phẫu thuật hoặc sau can thiệp
E89.6,thiểu năng vỏ ( - tủy ) thượng thận sau phẫu thuật
E89.8,rối loạn nội tiết và chuyển hóa sau phẫu thuật hoặc sau can thiệp khác
E89.9,"rối loạn nội tiết và chuyển hóa sau phẫu thuật hoặc sau can thiệp , không đặc hiệu"
F01.1,sa sút trí tuệ do nhồi máu đa ổ
F01.2,sa sút trí tuệ do nguyên nhân mạch trong bệnh mạch máu dưới vỏ
F01.3,sa sút trí tuệ do nguyên nhân mạch kết hợp vỏ não và dưới vỏ
F01.8,sa sút trí tuệ do nguyên nhân mạch khác
F01.9,"sa sút trí tuệ , không biệt định"
F02*,sa sút trí tuệ trong các bệnh phân loại nơi khác
F02.3*,sa sút trí tuệ trong bệnh parkinson ( g20 † )
F02.4*,sa sút trí tuệ trong bệnh nhiễm virus gây suy giảm miễn dịch ở người ( hiv ) ( b22 . 0 † )
F02.8*,sa sút trí tuệ trong các bệnh lý đặc hiệu khác phân loại nơi khác
E87.7,quá tải dịch
E87.8,"rối loạn khác về cân bằng điện giải và nước , không phân loại nơi khác"
E88,rối loạn chuyển hóa khác
E88.0,"rối loạn chuyển hóa protein huyết tương , không phân loại nơi khác"
E88.1,"loạn dưỡng mỡ , không phân loại nơi khác"
E88.2,"bệnh u mỡ , không phân loại nơi khác"
E88.3,hội chứng ly giải khối u
E88.8,rối loạn chuyển hóa xác định khác
E88.9,"rối loạn chuyển hóa , không đặc hiệu"
E89,"rối loạn nội tiết và chuyển hóa sau điều trị , không phân loại nơi khác"
E80,rối loạn chuyển hóa porphyrin và bilirubin
E80.0,rối loạn chuyển hóa porphyrin sinh hồng cầu di truyền
E80.1,rối loạn chuyển hóa porphyrin biểu hiện muộn ở da
E80.2,rối loạn chuyển hóa porphyrin máu khác
E80.3,khiếm khuyết men catalase và peroxidase
E77.1,khiếm khuyết trong quá trình phân hủy glycoprotein
E77.8,rối loạn chuyển hóa glycoprotein khác
E77.9,"rối loạn chuyển hóa glycoprotein , không đặc hiệu"
E78,rối loạn chuyển hóa lipoprotein và tình trạng tăng lipid máu khác
E78.0,tăng cholesterol máu đơn thuần
E78.1,tăng triglycerid máu đơn thuần
E78.2,tăng lipid máu hỗn hợp
E78.3,tăng chylomicron máu
E83.1,rối loạn chuyển hóa sắt
E83.2,rối loạn chuyển hóa kẽm
E83.3,rối loạn chuyển hóa phospho và phosphatase
E83.4,rối loạn chuyển hóa magie
E85.2,"thoái hóa dạng bột mang tính di truyền gia đình , không đặc hiệu"
E85.3,thoái hóa dạng bột toàn thân thứ phát
E85.4,thoái hóa dạng bột giới hạn ở cơ quan
E85.8,thoái hóa dạng bột khác
E85.9,"thoái hóa dạng bột , không đặc hiệu"
E86,giảm thể tích
E87,"rối loạn cân bằng nước , điện giải và thăng bằng kiềm toan"
E87.2,nhiễm toan
E87.3,nhiễm kiềm
E87.4,rối loạn cân bằng kiềm toan phối hợp
E87.5,tăng kali máu
E87.6,hạ kali máu
E83.5,rối loạn chuyển hóa calci
E83.8,rối loạn chuyển hóa chất khoáng khác
E83.9,"rối loạn chuyển hóa chất khoáng , không đặc hiệu"
E84,xơ nang
E84.0,xơ nang với biểu hiện tại phổi
E84.1,xơ nang với biểu hiện tại ruột
E84.8,xơ nang với các biểu hiện khác
E84.9,"xơ nang , không đặc hiệu"
E85,thoái hóa dạng bột
E85.0,thoái hóa dạng bột mang tính di truyền gia đình không có bệnh lý thần kinh
E85.1,"thoái hóa dạng bột mang tính di truyền gia đình , có bệnh lý thần kinh"
E80.4,hội chứng glibert
E80.5,hội chứng crigler - najjar
E80.6,rối loạn chuyển hóa bilirubin khác
E80.7,"rối loạn chuyển hóa bilirubin , không đặc hiệu"
E83,rối loạn chuyển hóa chất khoáng
E83.0,rối loạn chuyển hóa đồng ( bao gồm cả bệnh wilson )
E79.1,hội chứng lesch - nyhan
E79.8,rối loạn khác của chuyển hóa purine and pyrimidine
E79.9,rối loạn chuyển hóa purine và pyrimidine không đặc hiệu
F79.9,"chậm phát triển tâm thần không biệt định , không đề cập đến biểu hiện suy giảm hành vi"
E71.0,bệnh nước tiểu mùi sirô phong ( maple - syrup )
E71.1,rối loạn khác của chuyển hóa acid amin chuỗi nhánh
E71.2,"rối loạn chuyển hóa acid amin chuỗi phân nhánh , không đặc hiệu"
E50.2,khô giác mạc do thiếu vitamin a
E50.3,loét và khô giác mạc do thiếu vitamin a
E50.4,nhuyễn giác mạc do thiếu vitamin a
E50.5,quáng gà do thiếu vitamin a
E50.6,khô giác mạc có sẹo do thiếu vitamin a
E66.8,béo phì khác
E66.9,"béo phì , không đặc hiệu"
E67,tình trạng thừa dinh dưỡng khác
E67.0,thừa vitamin a
E67.1,tăng caroten máu
E71.3,các rối loạn chuyển hóa acid béo
E72,các rối loạn khác của chuyển hóa acid amin
E72.0,rối loạn vận chuyển acid amin
E72.1,rối loạn chuyển hóa acid amin chứa sulfur
E56.1,thiếu vitamin k
E56.8,thiếu các vitamin khác
E56.9,"thiếu vitamin , không đặc hiệu"
E58,thiếu calci do chế độ ăn
E51.8,biểu hiện khác của thiếu thiamine
E51.9,"thiếu thiamine , không đặc hiệu"
E52,thiếu niacin
E53,thiếu các vitamin nhóm b khác
E53.0,thiếu riboflavin
E53.1,thiếu pyridoxine
E75.5,rối loạn tích lũy lipid khác
E75.6,"rối loạn tích lũy lipid , không đặc hiệu"
E76,rối loạn chuyển hóa glycosaminoglycan
E76.0,"nhiễm mucopolysaccharid , type i"
E76.1,"nhiễm mucopolysaccharid , type ii"
E78.4,tăng lipid máu khác
E78.5,"tăng lipid máu , không đặc hiệu"
E78.6,thiếu lipoprotein
E78.8,rối loạn chuyển hóa lipoprotein khác
E76.2,nhiễm mucopolysaccharid khác
E76.3,nhiễm mucopolysaccharid không đặc hiệu
E76.8,rối loạn chuyển hóa glucosaminoglycan khác
E76.9,rối loạn chuyển hóa glucosaminoglycan không đặc hiệu
E77,rối loạn chuyển hóa glycoprotein
E77.0,khiếm khuyết trong sự biến đổi sau chuyển mã của các men tiêu bào
E78.9,rối loạn chuyển hóa lipoprotein không đặc hiệu
E79,rối loạn chuyển hóa purine và pyrimidine
E79.0,tăng acid uric máu không có biểu hiện của viêm khớp và bệnh tạo sỏi
E75.0,bệnh nhiễm gangliosid gm2
E75.1,bệnh nhiễm gangliosid khác
E75.2,rối loạn chuyển hóa sphingolipid khác
E75.3,"bệnh nhiễm sphingolipid , không đặc hiệu"
E75.4,bệnh lý tích tụ lipofuscin ở neuron ( ncl )
F20.2,tâm thần phân liệt thể căng trương lực
F20.3,tâm thần phân liệt thể không phân biệt
F20.4,tâm thần phân liệt thể trầm cảm sau phân liệt
F20.5,tâm thần phân liệt thể di chứng
F20.6,tâm thần phân liệt thể đơn thuần
F23.2,rối loạn loạn thần cấp giống phân liệt
F23.3,rối loạn loạn thần cấp khác chủ yếu hoang tưởng
F23.8,rối loạn loạn thần cấp và nhất thời khác
F23.9,rối loạn loạn thần cấp và nhất thời không biệt định
F24,rối loạn hoang tưởng cảm ứng
F17.8,"rối loạn tâm thần và hành vi do sử dụng thuốc lá , rối loạn tâm thần và hành vi khác"
F17.9,"rối loạn tâm thần và hành vi do sử dụng thuốc lá , rối loạn tâm thần và hành vi không biệt định"
F18,rối loạn tâm thần và hành vi do sử dụng dung môi dễ bay hơi
F18.0,"rối loạn tâm thần và hành vi do sử dụng dung môi dễ bay hơi , ngộ độc cấp"
F18.1,"rối loạn tâm thần và hành vi do sử dụng dung môi dễ bay hơi , sử dụng gây hại"
F18.2,"rối loạn tâm thần và hành vi do sử dụng dung môi dễ bay hơi , hội chứng nghiện"
F18.3,"rối loạn tâm thần và hành vi do sử dụng dung môi dễ bay hơi , trạng thái cai"
F18.4,"rối loạn tâm thần và hành vi do sử dụng dung môi dễ bay hơi , trạng thái cai với mê sảng"
F18.5,"rối loạn tâm thần và hành vi do sử dụng dung môi dễ bay hơi , rối loạn tâm thần"
F18.6,"rối loạn tâm thần và hành vi do sử dụng dung môi dễ bay hơi , hội chứng quên"
F22.9,rối loạn hoang tưởng dai dẳng không biệt định
F23,rối loạn loạn thần cấp và nhất thời
F23.0,rối loạn loạn thần cấp đa dạng không có các triệu chứng của bệnh tâm thần phân liệt
F23.1,rối loạn loạn thần cấp đa dạng với triệu chứng của bệnh tâm thần phân liệt
F16.9,"rối loạn tâm thần và hành vi do sử dụng các chất gây ảo giác , rối loạn tâm thần và hành vi không biệt định"
F17,rối loạn tâm thần và hành vi do sử dụng thuốc lá
F17.0,"rối loạn tâm thần và hành vi do sử dụng thuốc lá , ngộ độc cấp"
F17.1,"rối loạn tâm thần và hành vi do sử dụng thuốc lá , sử dụng gây hại"
F17.2,"rối loạn tâm thần và hành vi do sử dụng thuốc lá , hội chứng nghiện"
F17.3,"rối loạn tâm thần và hành vi do sử dụng thuốc lá , trạng thái cai"
F17.4,"rối loạn tâm thần và hành vi do sử dụng thuốc lá , trạng thái cai với mê sảng"
F17.5,"rối loạn tâm thần và hành vi do sử dụng thuốc lá , rối loạn tâm thần"
F17.6,"rối loạn tâm thần và hành vi do sử dụng thuốc lá , hội chứng quên"
F17.7,"rối loạn tâm thần và hành vi do sử dụng thuốc lá , rối loạn loạn thần di chứng và khởi phát muộn"
F18.7,"rối loạn tâm thần và hành vi do sử dụng dung môi dễ bay hơi , rối loạn loạn thần di chứng và khởi phát muộn"
F18.8,"rối loạn tâm thần và hành vi do sử dụng dung môi dễ bay hơi , rối loạn tâm thần và hành vi khác"
F18.9,"rối loạn tâm thần và hành vi do sử dụng dung môi dễ bay hơi , rối loạn tâm thần và hành vi không biệt định"
F19,rối loạn tâm thần và hành vi do sử dụng nhiều loại ma túy và chất tác động tâm thần khác
F19.0,"rối loạn tâm thần và hành vi do sử dụng nhiều loại ma túy và chất tác động tâm thần khác , ngộ độc cấp"
F19.1,"rối loạn tâm thần và hành vi do sử dụng nhiều loại ma túy và chất tác động tâm thần khác , sử dụng gây hại"
F19.2,"rối loạn tâm thần và hành vi do sử dụng nhiều loại ma túy và chất tác động tâm thần khác , hội chứng nghiện"
F19.3,"rối loạn tâm thần và hành vi do sử dụng nhiều loại ma túy và chất tác động tâm thần khác , trạng thái cai"
F19.4,"rối loạn tâm thần và hành vi do sử dụng nhiều loại ma túy và chất tác động tâm thần khác , trạng thái cai với mê sảng"
F20.8,tâm thần phân liệt thể khác
F20.9,tâm thần phân liệt thể không biệt định
F21,rối loạn loại phân liệt
F22,rối loạn hoang tưởng dai dẳng
F22.0,rối loạn hoang tưởng
F22.8,rối loạn hoang tưởng dai dẳng khác
F19.5,"rối loạn tâm thần và hành vi do sử dụng nhiều loại ma túy và chất tác động tâm thần khác , rối loạn tâm thần"
F19.6,"rối loạn tâm thần và hành vi do sử dụng nhiều loại ma túy và chất tác động tâm thần khác , hội chứng quên"
F19.7,"rối loạn tâm thần và hành vi do sử dụng nhiều loại ma túy và chất tác động tâm thần khác , rối loạn loạn thần di chứng và khởi phát muộn"
F19.8,"rối loạn tâm thần và hành vi do sử dụng nhiều loại ma túy và chất tác động tâm thần khác , rối loạn tâm thần và hành vi khác"
F19.9,"rối loạn tâm thần và hành vi do sử dụng nhiều loại ma túy và chất tác động tâm thần khác , rối loạn tâm thần và hành vi không biệt định"
F20,tâm thần phân liệt
F20.0,tâm thần phân liệt thể paranoid
F20.1,tâm thần phân liệt thể thanh xuân
F16.1,"rối loạn tâm thần và hành vi do sử dụng các chất gây ảo giác , sử dụng gây hại"
F16.2,"rối loạn tâm thần và hành vi do sử dụng các chất gây ảo giác , hội chứng nghiện"
F16.3,"rối loạn tâm thần và hành vi do sử dụng các chất gây ảo giác , trạng thái cai"
F16.4,"rối loạn tâm thần và hành vi do sử dụng các chất gây ảo giác , trạng thái cai với mê sảng"
F16.5,"rối loạn tâm thần và hành vi do sử dụng các chất gây ảo giác , rối loạn tâm thần"
F16.6,"rối loạn tâm thần và hành vi do sử dụng các chất gây ảo giác , hội chứng quên"
F16.7,"rối loạn tâm thần và hành vi do sử dụng các chất gây ảo giác , rối loạn loạn thần di chứng và khởi phát muộn"
F16.8,"rối loạn tâm thần và hành vi do sử dụng các chất gây ảo giác , rối loạn tâm thần và hành vi khác"
E67.2,hội chứng megavitamin - b6
E67.3,thừa vitamin d
E67.8,thừa dinh dưỡng xác định khác
E68,di chứng của thừa dinh dưỡng
E70,rối loạn chuyển hóa acid amin thơm
E50.7,biểu hiện khác ở mắt do thiếu vitamin a
E50.8,biểu hiện khác của thiếu vitamin a
E50.9,"thiếu vitamin a , không đặc hiệu"
E51,thiếu thiamine
E51.1,bệnh tê phù do thiếu thiamine
E51.2,bệnh lý não wernicke
E64.0,di chứng của suy dinh dưỡng do thiếu protein - năng lượng
E64.1,di chứng của thiếu vitamin a
E64.2,di chứng của thiếu vitamin c
E64.3,di chứng của bệnh còi xương
E64.8,di chứng của bệnh thiếu dinh dưỡng khác
E64.9,di chứng của thiếu dinh dưỡng không đặc hiệu
E65,béo phì khu trú
E66,bệnh thừa cân béo phì
E72.2,rối loạn chuyển hóa chu trình urê
E72.3,rối loạn chuyển hóa lysine và hydroxylysine
E72.4,rối loạn chuyển hóa ornithine
E72.5,rối loạn chuyển hóa glycine
E72.8,rối loạn xác định khác của chuyển hóa acid amin
E72.9,"rối loạn chuyển hóa acid amin , không đặc hiệu"
E73,không dung nạp lactose
E73.0,thiếu men lactase bẩm sinh
E73.1,thiếu men lactase thứ phát
E73.8,không dung nạp lactose khác
E66.0,béo phì do thừa calo
E66.1,béo phì do thuốc
E66.2,béo phì quá mức với giảm thông khí phế nang
E61.4,thiếu crôm
E61.5,thiếu molypđen
E61.6,thiếu vanadin
E61.7,thiếu nhiều yếu tố dinh dưỡng
E61.8,thiếu các yếu tố dinh dưỡng xác định khác
E61.9,thiếu các yếu tố dinh dưỡng không đặc hiệu
E70.0,phenyl - ceton niệu kinh điển
E70.1,tăng phenylalanin máu khác
E70.2,rối loạn chuyển hóa tyrosine
E70.3,bạch tạng
E70.8,rối loạn chuyển hóa khác của acid amin thơm
E70.9,"rối loạn chuyển hóa acid amin thơm , không xác định ."
E53.8,thiếu các vitamin nhóm b đặc hiệu khác
E53.9,"thiếu vitamin b , không đặc hiệu"
E54,thiếu acid ascorbic
E55,thiếu vitamin d
E55.0,"còi xương , tiến triển"
E55.9,"thiếu vitamin d , không xác định"
E56,thiếu vitamin khác
E56.0,thiếu vitamin e
E74.4,rối loạn chuyển hóa pyruvat và tân tạo glucose
E74.8,rối loạn xác định khác của chuyển hóa carbohydrat
E74.9,"rối loạn chuyển hóa carbohydrat , không đặc hiệu"
E75,rối loạn chuyển hóa sphingolipid và rối loạn tích lũy lipid
F12.0,ngộ độc cấp do sử dụng cần sa
F12.1,sử dụng gây hại cần sa
F12.2,hội chứng nghiện cần sa
F12.3,trạng thái cai cần sa
F12.4,trạng thái cai với mê sảng do sử dụng cần sa
F15.2,"rối loạn tâm thần và hành vi do sử dụng chất kích thích khác , bao gồm cả caffein , hội chứng nghiện"
F15.3,"rối loạn tâm thần và hành vi do sử dụng chất kích thích khác , bao gồm cả caffein , trạng thái cai"
F15.4,"rối loạn tâm thần và hành vi do sử dụng chất kích thích khác , bao gồm cả caffein , trạng thái cai với mê sảng"
F15.5,"rối loạn tâm thần và hành vi do sử dụng chất kích thích khác , bao gồm cả caffein , rối loạn tâm thần"
F15.6,"rối loạn tâm thần và hành vi do sử dụng chất kích thích khác , bao gồm cả caffein , hội chứng quên"
F15.7,"rối loạn tâm thần và hành vi do sử dụng chất kích thích khác , bao gồm cả caffein , rối loạn loạn thần di chứng và khởi phát muộn"
F15.8,"rối loạn tâm thần và hành vi do sử dụng chất kích thích khác , bao gồm cả caffein , rối loạn tâm thần và hành vi khác"
F15.9,"rối loạn tâm thần và hành vi do sử dụng chất kích thích khác , bao gồm cả caffein , rối loạn tâm thần và hành vi không biệt định"
F16,rối loạn tâm thần và hành vi do sử dụng các chất gây ảo giác
F16.0,"rối loạn tâm thần và hành vi do sử dụng các chất gây ảo giác , ngộ độc cấp"
F12.8,các rối loạn tâm thần và hành vi khác do sử dụng cần sa
F12.9,rối loạn tâm thần và hành vi không biệt định do sử dụng cần sa
F13,rối loạn tâm thần và hành vi do sử dụng các chất an dịu hoặc các thuốc ngủ
F13.0,"rối loạn tâm thần và hành vi do sử dụng các chất an thần hoặc các thuốc ngủ , ngộ độc cấp"
F13.1,"rối loạn tâm thần và hành vi do sử dụng các chất an thần hoặc các thuốc ngủ , sử dụng gây hại"
F13.2,"rối loạn tâm thần và hành vi do sử dụng các chất an thần hoặc các thuốc ngủ , hội chứng nghiện"
F13.3,"rối loạn tâm thần và hành vi do sử dụng các chất an thần hoặc các thuốc ngủ , trạng thái cai"
F13.4,"rối loạn tâm thần và hành vi do sử dụng các chất an thần hoặc các thuốc ngủ , trạng thái cai với mê sảng"
F13.5,"rối loạn tâm thần và hành vi do sử dụng các chất an thần hoặc các thuốc ngủ , rối loạn tâm thần"
F13.6,"rối loạn tâm thần và hành vi do sử dụng các chất an thần hoặc các thuốc ngủ , hội chứng quên"
F13.7,"rối loạn tâm thần và hành vi do sử dụng các chất an thần hoặc các thuốc ngủ , rối loạn loạn thần di chứng và khởi phát muộn"
F13.8,"rối loạn tâm thần và hành vi do sử dụng các chất an thần hoặc các thuốc ngủ , rối loạn tâm thần và hành vi khác"
F13.9,"rối loạn tâm thần và hành vi do sử dụng các chất an thần hoặc các thuốc ngủ , rối loạn tâm thần và hành vi không biệt định"
F14,rối loạn tâm thần và hành vi do sử dụng cocain
F14.0,"rối loạn tâm thần và hành vi do sử dụng cocain , ngộ độc cấp"
F14.1,"rối loạn tâm thần và hành vi do sử dụng cocain , sử dụng gây hại"
F14.2,"rối loạn tâm thần và hành vi do sử dụng cocain , hội chứng nghiện"
F14.3,"rối loạn tâm thần và hành vi do sử dụng cocain , trạng thái cai"
F14.4,"rối loạn tâm thần và hành vi do sử dụng cocain , trạng thái cai với mê sảng"
F12.5,rối loạn loạn thần do sử dụng cần sa
F12.6,hội chứng quên do sử dụng cần sa
F12.7,rối loạn loạn thần di chứng và khởi phát muộn do sử dụng cần sa
F11.2,hội chứng nghiện cần sa
F11.3,trạng thái cai các chất dạng thuốc phiện
F11.4,trạng thái cai với mê sảng do sử dụng các chất dạng thuốc phiện
F11.5,rối loạn loạn thần do sử dụng các chất dạng thuốc phiện
F11.6,hội chứng quên do sử dụng các chất dạng thuốc phiện
F11.7,rối loạn loạn thần di chứng và khởi phát muộn do sử dụng các chất dạng thuốc phiện
F11.8,các rối loạn tâm thần và hành vi khác do sử dụng các chất dạng thuốc phiện
F11.9,rối loạn tâm thần và hành vi không biệt định do sử dụng các chất dạng thuốc phiện
F12,rối loạn tâm thần và hành vi do sử dụng cần sa
F14.5,"rối loạn tâm thần và hành vi do sử dụng cocain , rối loạn tâm thần"
F14.6,"rối loạn tâm thần và hành vi do sử dụng cocain , hội chứng quên"
F14.7,"rối loạn tâm thần và hành vi do sử dụng cocain , rối loạn loạn thần di chứng và khởi phát muộn"
F14.8,"rối loạn tâm thần và hành vi do sử dụng cocain , rối loạn tâm thần và hành vi khác"
F14.9,"rối loạn tâm thần và hành vi do sử dụng cocain , rối loạn tâm thần và hành vi không biệt định"
F15,"rối loạn tâm thần và hành vi do sử dụng chất kích thích khác , bao gồm cả caffein"
F15.0,"rối loạn tâm thần và hành vi do sử dụng chất kích thích khác , bao gồm cả caffein , ngộ độc cấp"
F15.1,"rối loạn tâm thần và hành vi do sử dụng chất kích thích khác , bao gồm cả caffein , sử dụng gây hại"
F10.8,các rối loạn tâm thần và hành vi khác do sử dụng rượu
F10.9,rối loạn tâm thần và hành vi không biệt định do sử dụng rượu
F11,rối loạn tâm thần và hành vi do sử dụng các dạng thuốc phiện
F11.0,ngộ độc cấp do sử dụng các chất dạng thuốc phiện
F11.1,sử dụng gây hại các chất dạng thuốc phiện
F25.9,rối loạn phân liệt cảm xúc không biệt định
F28,rối loạn loạn thần không thực tổn khác
F29,loạn thần không thực tổn không biệt định
F30,giai đoạn hưng cảm
F30.0,hưng cảm nhẹ
F30.1,hưng cảm không có các triệu chứng loạn thần
F31.3,"rối loạn cảm xúc lưỡng cực , hiện tại giai đoạn trầm cảm nhẹ hoặc trung bình"
F31.4,"rối loạn cảm xúc lưỡng cực , hiện tại giai đoạn trầm cảm nặng không có các triệu chứng loạn thần"
F31.5,"rối loạn cảm xúc lưỡng cực , hiện tại giai đoạn trầm cảm nặng với các triệu chứng loạn thần"
F31.6,"rối loạn cảm xúc lưỡng cực , hiện tại giai đoạn hỗn hợp"
F31.7,"rối loạn cảm xúc lưỡng cực , hiện tại thuyên giảm"
F31.8,rối loạn cảm xúc lưỡng cực khác
F31.9,rối loạn cảm xúc lưỡng cực không biệt định
F38.0,rối loạn khí sắc ( cảm xúc ) đơn độc khác
F38.1,rối loạn khí sắc ( cảm xúc ) tái diễn
F38.8,rối loạn khí sắc ( cảm xúc ) biệt định khác
F39,rối loạn khí sắc ( cảm xúc ) biệt định
F40,rối loạn lo âu ám ảnh sợ hãi
F40.0,ám ảnh sợ khoảng trống
G82.5,"liệt tứ chi , không đặc hiệu"
G83,hội chứng liệt khác
G83.0,liệt hai chi trên
G83.1,liệt một chi dưới
G83.2,liệt một chi trên
G83.8,hội chứng liệt xác định khác
G83.9,"hội chứng liệt , không đặc hiệu"
G90,bệnh hệ thần kinh tự chủ
G90.0,bệnh thần kinh tự động ngoại vi vô căn
G81.9,liệt nửa người không đặc hiệu
G82,liệt hai chân và liệt tứ chi
G82.0,liệt mềm hai chi dưới
H00.0,lẹo và viêm sâu khác của mi mắt
G90.6,hội chứng đau theo vùng phức tạp ( crps ) loại 2
G90.7,"hội chứng đau theo vùng phức tạp ( crps ) , khác và không xác định loại"
G90.8,bệnh khác của hệ thần kinh tự chủ
G80.1,bại não liệt co cứng hai bên
G80.2,bại não liệt nửa người co cứng
G80.3,bại não loạn động
G80.4,bại não thất điều
G96.0,rò dịch não tủy
G96.1,bệnh màng não không phân loại nơi khác
G96.8,bệnh xác định khác của hệ thần kinh trung ương
G96.9,"bệnh thần kinh trung ương , không đặc hiệu"
G97,"các rối loạn của hệ thần kinh sau phẫu thuật , thủ thuật , không phân loại nơi khác"
G97.0,rò dịch não tủy do chọc dò thắt lưng
G97.1,phản ứng khác đối với chọc dò thắt lưng
G97.2,hạ áp lực nội sọ sau dẫn lưu não thất
G97.8,"bệnh khác của hệ thần kinh sau phẫu thuật , thủ thuật"
G97.9,"bệnh của hệ thần kinh sau phẫu thuật , thủ thuật , không đặc hiệu"
G98,bệnh khác của hệ thần kinh không phân loại nơi khác
G95.1,bệnh mạch máu tủy
G95.2,"chèn ép tủy , không đặc hiệu"
G95.8,bệnh tủy sống xác định khác
G95.9,"bệnh của tủy , không đặc hiệu"
G96,bệnh khác của hệ thần kinh trung ương
H00.1,chắp
H01,viêm khác của mí mắt
H01.0,viêm bờ mi
C26,u ác của cơ quan tiêu hóa khác và không rõ ràng
C22.9,"u ác của gan , không đặc hiệu"
C23,u ác túi mật
C24,u ác của phần khác và không xác định của đường mật
C40,u ác của xương và sụn khớp của các chi
C39.9,u ác ở vị trí khó xác định trong hệ hô hấp
C40.0,u ác của xương bả vai và xương dài của chi trên
C40.1,u ác của xương ngắn của chi trên
C39.0,"u ác của đường hô hấp trên , phần không xác định vị trí"
C39.8,u ác với tổn thương chồng lấn của cơ quan hô hấp và trong lồng ngực
C40.2,u ác của xương dài của chi dưới
C40.3,u ác của xương ngắn của chi dưới
C40.8,u ác với tổn thương chồng lấn của xương và sụn khớp của các chi
C38.0,u ác của tim
C38.1,u ác của trung thất trước
C38.2,u ác của trung thất sau
C40.9,"u ác của xương và sụn khớp của chi , không đặc hiệu"
C41,u ác của xương và sụn khớp ở vị trí khác và không xác định
C38.3,"u ác của trung thất , phần không xác định"
C38.4,u ác của màng phổi
C38.8,"u ác với tổn thương chồng lấn của tim , trung thất , màng phổi"
C77.0,u ác của hạch của vùng đầu mặt cổ
C77.1,u ác thứ phát và không xác định của hạch trong lồng ngực
C77.2,u ác thứ phát và không xác định của hạch trong khoang bụng
C76.7,u ác ở vị trí không rõ ràng khác
C76.8,u ác với tổn thương chồng lấn của các vị trí khác và không rõ ràng
C76.0,"u ác vị trí khác và không rõ ràng của , đầu mặt và cổ"
C76.1,"u ác vị trí khác và không rõ ràng của , ngực"
C76.2,"u ác vị trí khác và không rõ ràng của , bụng"
C76.3,"u ác vị trí khác và không rõ ràng của , vùng chậu"
C71.8,u ác với tổn thương chồng lấn của não
C71.9,u ác của não không đặc hiệu
C72,"u ác của tủy sống , thần kinh sọ và các phần khác của hệ thần kinh trung ương"
C75.8,u ác ảnh hưởng nhiều tuyến không đặc hiệu
C75.9,u ác của tuyến nội tiết không đặc hiệu
C76,u ác có vị trí khác và không rõ ràng
C76.4,"u ác vị trí khác và không rõ ràng của , chi trên"
C75.3,u ác của tuyến tùng
C75.4,u ác của thể cảnh
C75.5,u ác của thể động mạch chủ và phó hạch khác
C77,u ác thứ phát và không xác định của hạch lympho
C76.5,"u ác vị trí khác và không rõ ràng của , chi dưới"
C49.1,u ác của mô liên kết và mô mềm của chi trên bao gồm vai
C68.8,u ác với tổn thương chồng lấn của cơ quan tiết niệu
C68.9,"u ác của cơ quan tiết niệu , không đặc hiệu"
C69,u ác của mắt và phần phụ
C70.9,"u ác của màng não , không đặc hiệu"
C71,u ác của não
C71.0,u ác của đại não ngoại trừ thùy não và não thất
C69.5,u ác của tuyến lệ và ống
C71.5,u ác của não thất
C71.6,u ác của tiểu não
C71.7,u ác của thân não
C71.1,u ác của thùy trán
C71.2,u ác của thùy thái dương
C70,u ác của màng não
C70.0,u ác của màng não
C70.1,u ác của màng tủy
C69.8,u ác với tổn thương chồng lấn của mắt và phần phụ
C69.9,u ác của mắt không đặc hiệu
C69.3,u ác của màng mạch
C69.4,u ác của thể mi
C71.3,u ác của thùy đỉnh
C71.4,u ác của thùy chẩm
C51.2,u ác của âm vật
C51.8,u ác với tổn thương lan rộng của âm hộ
C67.8,u ác với tổn thương chồng lấn của bàng quang
C67.9,u ác của bàng quang không đặc hiệu
C68,u ác của cơ quan tiết niệu khác và không xác định
C49,u ác của mô liên kết và mô mềm khác
C49.0,"u ác của mô liên kết và mô mềm của đầu , mặt và cổ"
C67.3,u ác của thành trước bàng quang
C67.4,u ác của thành sau bàng quang
C67.5,u ác của cổ bàng quang
C67,u ác của bàng quang
C67.0,u ác của tam giác bàng quang
C67.6,u ác của lỗ niệu quản
C67.7,u ác của dây treo bàng quang
C69.0,u ác của kết mạc
C69.1,u ác của củng mạc
C69.2,u ác của võng mạc
C67.1,u ác của đáy bàng quang
C67.2,u ác của thành bên bàng quang
C68.0,u ác của niệu đạo
C68.1,u ác của tuyến cận niệu đạo
C65,u ác của bể thận
C66,u ác niệu quản
C44.0,u da ác tính của môi
C44.1,"u da ác tính của mi mắt , bao gồm khóe mắt"
C50.1,u ác của vùng trung tâm vú
C51,u ác âm hộ
C51.0,u ác của môi lớn
C51.1,u ác của môi bé
C50.4,"u ác của 1 , 4 trên - ngoài vú"
C44.6,"u da ác tính của chi trên , bao gồm vai"
C44.7,"u da ác tính của chi dưới , bao gồm hông"
C47.9,"u ác của thần kinh ngoại vi và thần kinh tự chủ , không đặc hiệu"
C48,u ác của vùng sau phúc mạc và phúc mạc
C49.5,u ác của mô liên kết và mô mềm của vùng chậu
C49.6,"u ác của mô liên kết và mô mềm của thân mình , không đặc hiệu"
C50.6,u ác của đuôi nách của vú
C50.8,u ác với tổn thương chồng lấn của vú
C50.9,u ác của vú không đặc hiệu
C51.9,u ác của âm hộ không đặc hiệu
C52,u ác của âm đạo
C53,u ác của cổ tử cung
C50.2,"u ác của 1 , 4 trên - trong vú"
C49.2,u ác của mô liên kết và mô mềm của chi dưới bao gồm hông
C77.5,u ác thứ phát và không xác định của hạch trong vùng chậu
C78.5,u ác thứ phát của đại tràng và trực tràng
C78.6,u ác thứ phát của sau phúc mạc và phúc mạc
C78.7,u ác thứ phát của gan và đường mật trong gan
C77.4,u ác thứ phát và không xác định của hạch bẹn và hạch chi dưới
C77.9,"u ác thứ phát và không xác định của hạch lympho , không xác định"
C77.3,u ác thứ phát và không xác định của hạch nách và hạch chi trên
C77.8,u ác thứ phát và không xác định của hạch của nhiều vùng
C78.8,u ác thứ phát của cơ quan tiêu hóa khác và không xác định
C79,u ác thứ phát có vị trí khác và không xác định
C79.0,u ác thứ phát của thận và bể thận
C78,u ác thứ phát của cơ quan hô hấp và tiêu hóa
C78.0,u ác thứ phát của phổi
C78.1,u ác thứ phát của trung thất
C78.2,u ác thứ phát của màng phổi
C78.3,u ác thứ phát của cơ quan hô hấp khác và không xác định
C78.4,u ác thứ phát của ruột non
C50.5,"u ác của 1 , 4 dưới - ngoài vú"
C46.7,ung thư mô liên kết kaposi của các nơi khác
C46.8,ung thư mô liên kết kaposi của nhiều cơ quan
C46.9,ung thư mô liên kết kaposi không đặc hiệu
C47,u ác của thần kinh ngoại vi và thần kinh tự chủ
C47.0,"u ác của thần kinh ngoại biên của đầu , mặt , cổ"
C47.1,"u ác của thần kinh ngoại biên của chi trên , bao gồm vai"
C53.0,u ác của cổ tử cung trong
C53.1,u ác của cổ tử cung ngoài
C57,u ác của cơ quan sinh dục nữ khác và không xác định
C57.0,u ác của vòi fallop
C57.1,u ác của dây chằng rộng
C54.0,u ác của eo tử cung
C54.1,u ác của nội mạc tử cung
C54.2,u ác của cơ tử cung
C54.3,u ác của đáy tử cung
C54.8,u ác với tổn thương chồng lấn của thân tử cung
C54.9,u ác của thân tử cung không đặc hiệu
C55,u ác tử cung phần không xác định
C56,u ác buồng trứng
C57.7,u ác của cơ quan sinh dục nữ xác định khác
C57.8,u ác với tổn thương chồng lấn của cơ quan sinh dục nữ
C57.9,u ác của cơ quan sinh dục nữ không đặc hiệu
C53.8,u ác với tổn thương chồng lấn của cổ tử cung
C53.9,u ác của cổ tử cung không đặc hiệu
C54,u ác của thân tử cung
C57.2,u ác của dây chằng tròn
C57.3,u ác của cận tử cung
C57.4,u ác của phần phụ tử cung không đặc hiệu
C49.3,u ác của mô liên kết và mô mềm của lồng ngực
C49.4,u ác của mô liên kết và mô mềm của bụng
C48.1,u ác của các phần xác định của phúc mạc
C48.2,u ác của phúc mạc không đặc hiệu
C48.8,u ác với tổn thương chồng lấn của vùng sau phúc mạc và phúc mạc
C50,u ác của vú
C50.0,u ác của núm và quầng vú
C49.8,u ác với tổn thương chồng lấn của mô liên kết và mô mềm
C49.9,"u ác của mô liên kết và mô mềm , không đặc hiệu"
C47.4,u ác của thần kinh ngoại biên của bụng
C47.5,u ác của thần kinh ngoại biên của vùng chậu
C47.6,"u ác của thần kinh ngoại biên của thân mình , không đặc hiệu"
C47.8,u ác với tổn thương chồng lấn của thần kinh ngoại vi và thần kinh tự chủ
C44.2,u da ác tính của tai và ống tai ngoài
C45.9,u trung biểu mô không đặc hiệu
C46,ung thư mô liên kết kaposi
C46.0,ung thư mô liên kết kaposi của da
C46.1,ung thư mô liên kết kaposi của mô mềm
C46.2,ung thư mô liên kết kaposi của vòm khẩu cái
C46.3,ung thư mô liên kết kaposi của hạch lympho
C48.0,u ác của vùng sau phúc mạc
C44.8,u ác với tổn thương chồng lấn của da
C44.9,u da ác tính không đặc hiệu
C45,u trung biểu mô
C45.0,u trung biểu mô của màng phổi
C45.1,u trung biểu mô của phúc mạc
C45.2,u trung biểu mô màng ngoài tim
C45.7,u trung biểu mô của các vị trí khác
C44.3,u da ác tính của phần khác và không xác định vị trí của mặt
C44.4,u da ác tính đầu và da cổ
C44.5,u da ác tính của thân mình
C50.3,"u ác của 1 , 4 dưới - trong vú"
C62,u ác của tinh hoàn
C62.0,u ác của tinh hoàn không xuống
C62.1,u ác của tinh hoàn đã xuống
C62.9,u ác của tinh hoàn không đặc hiệu
C63,u ác của cơ quan sinh dục nam khác và không xác định
C63.7,u ác của cơ quan sinh dục nam xác định khác
C63.8,u ác với tổn thương chồng lấn của cơ quan sinh dục nam
C63.9,u ác của cơ quan sinh dục nam không xác định
C63.0,u ác của mào tinh
C63.1,u ác của thừng tinh
C60.8,u ác với tổn thương chồng lấn của dương vật
C60.9,u ác của dương vật không đặc hiệu
C61,u ác của tuyến tiền liệt
C58,u ác của rau thai ( nhau thai )
C60,u ác của dương vật
C60.2,u ác của thân dương vật
C64,u ác của thận ngoại trừ bể thận
C60.0,u da ác tính bao quy đầu
C60.1,u da ác của quy đầu dương vật
C63.2,u ác của bìu ( dái )
C74.9,"u ác của tuyến thượng thận , không đặc hiệu"
C75,u ác của các tuyến nội tiết khác và các cơ quan liên quan
C75.0,u ác của tuyến cận giáp
C75.1,u ác của tuyến yên
C75.2,u ác của ống sọ hầu
C73,u ác của tuyến giáp
C72.4,u ác của thần kinh thính giác
C72.8,u ác với tổn thương chồng lấn của não và các phần khác của hệ thần kinh trung ương
C72.9,u ác của hệ thần kinh trung ương không đặc hiệu
C72.2,u ác của thần kinh khứu giác
C72.3,u ác của thần kinh thị giác
C72.5,u ác của thần kinh sọ khác và không xác định
C74,u ác của tuyến thượng thận
C74.0,u ác của vỏ tuyến thượng thận
C74.1,u ác của tủy tuyến thượng thận
C69.6,u ác của hốc mắt
C72.0,u ác của tủy sống
C72.1,u ác của chùm đuôi ngựa
D21.3,u lành mô liên kết và mô mềm khác của lồng ngực
D21.1,u lành mô liên kết và mô mềm khác của chi trên bao gồm vai
D23.0,u lành da của môi
D23.1,u lành da của mi mắt kể cả góc mắt
D28.2,u lành vòi tử cung và dây chằng
D28.7,u lành cơ quan sinh dục nữ xác định khác
D28.9,"u lành cơ quan sinh dục nữ , không đặc hiệu"
D29,u lành của cơ quan sinh dục nam
D30.0,u lành của thận
D30.1,u lành của bể thận
D29.0,u lành của dương vật
D29.1,u lành của tuyến tiền liệt
D29.9,"u lành của cơ quan sinh dục nam , không đặc hiệu"
D30,u lành của cơ quan tiết niệu
D30.2,u lành của niệu quản
D30.3,u lành của bàng quang
D29.2,u lành của tinh hoàn
D29.3,u lành của mào tinh hoàn
D30.4,u lành của niệu đạo
D30.7,u lành của cơ quan tiết niệu khác
D30.9,u lành của cơ quan tiết niệu không đặc hiệu
D14,u lành tai giữa và hệ hô hấp
D16.3,u lành của xương ngắn của chi dưới
D14.0,"u lành của tai giữa , khoang mũi và các xoang phụ"
D16.8,"u lành của xương chậu , xương thiêng và xương cụt"
D16.2,u lành của xương dài của chi dưới
D16.1,u lành của xương ngắn của chi trên
D16.7,"u lành của xương sườn , xương ức và xương đòn"
D16.9,u lành của xương và sụn khớp không đặc hiệu
D17,u mỡ
D17.0,"u mỡ lành tính của da và mô dưới da ở đầu , mặt và cổ"
D16.4,u lành tính xương sọ và xương mặt
D16.5,u lành của xương hàm dưới
D16.6,u lành tính của cột sống
D21.4,u lành mô liên kết và mô mềm khác của bụng
D21.5,u lành mô liên kết và mô mềm khác của vùng chậu
D21.2,"u lành mô liên kết và mô mềm khác của chi dưới , bao gồm hông"
D37.9,u tân sinh chưa rõ tính chất của cơ quan tiêu hóa không đặc hiệu
D38,"u tân sinh không rõ hoặc không biết tính chất của tai giữa , cơ quan hô hấp và cơ quan trong lồng ngực"
D38.0,u tân sinh chưa rõ tính chất của thanh quản
D38.1,"u tân sinh chưa rõ tính chất của khí quản , phế quản và phổi"
D39.1,u tân sinh không chắc chắn hoặc không biết tính chất của buồng trứng
D39.2,u tân sinh không chắc chắn hoặc không biết tính chất của nhau ( rau ) thai
D38.6,u tân sinh chưa rõ tính chất của cơ quan hô hấp không đặc hiệu
D39,u không chắc chắn hoặc không biết tính chất của cơ quan sinh dục nữ
D39.0,u tân sinh không chắc chắn hoặc không biết tính chất của tử cung
D38.2,u tân sinh chưa rõ tính chất màng phổi
D38.3,u tân sinh chưa rõ tính chất của trung thất
D38.4,u tân sinh chưa rõ tính chất của tuyến ức
D38.5,u tân sinh chưa rõ tính chất của cơ quan hô hấp khác
D39.7,u tân sinh không chắc chắn hoặc không biết tính chất của cơ quan sinh dục nữ khác
D39.9,u tân sinh không chắc chắn hoặc không biết tính chất của cơ quan sinh dục nữ không đặc hiệu
D40,u tân sinh không chắc chắn hoặc không biết tính chất của cơ quan sinh dục nam
D40.0,u tân sinh không chắc chắn hoặc không biết tính chất của tiền liệt tuyến
D40.1,u tân sinh không chắc chắn hoặc không biết tính chất của tinh hoàn
D40.7,u tân sinh không chắc chắn hoặc không biết tính chất của các cơ quan sinh dục nam khác
D40.9,u tân sinh không chắc chắn hoặc không biết tính chất của cơ quan sinh dục nam không đặc hiệu
D23.2,u lành da tai và ống tai ngoài
D23.4,u lành da đầu và cổ
D23.3,u lành ở da các phần khác và không xác định của mặt
D24,u lành vú
D25,u cơ trơn tử cung
D23.5,u lành da thân mình
D23.6,"u lành da chi trên , bao gồm vai"
D26.9,"u lành tử cung , không đặc hiệu"
D27,u lành buồng trứng
D28,u lành của cơ quan sinh dục khác và không xác định
D25.9,"u cơ trơn tử cung , không đặc hiệu"
D26,u lành khác của tử cung
D26.0,u lành cổ tử cung
D23.7,u lành da chi dưới bao gồm hông
D23.9,"u lành của da , không đặc hiệu"
D25.0,u cơ trơn dưới niêm mạc tử cung
D25.1,u cơ trơn trong vách tử cung
D25.2,u cơ trơn dưới thanh mạc tử cung
D26.1,u lành thân tử cung
D26.7,u lành phần khác của tử cung
D33.4,u lành của tủy sống
D33.7,u lành của phần xác định khác của hệ thần kinh trung ương
D33.9,"u lành của hệ thần kinh trung ương , không đặc hiệu"
D34,u lành của tuyến giáp
D35.6,u lành thể động mạch chủ và thể cận hạch khác
D35.7,u lành tuyến nội tiết xác định khác
D35.8,u lành liên quan nhiều tuyến nội tiết
D35.9,"u lành của tuyến nội tiết , không đặc hiệu"
D36,u lành ở vị trí khác và không xác định
D35.3,u lành ống sọ hầu
D35.4,u lành tuyến tùng
D35.5,u lành thể cảnh
D35,u lành của tuyến nội tiết khác và không xác định
D35.0,u lành tuyến thượng thận
D35.1,u lành tuyến cận giáp
D35.2,u lành tuyến yên
D36.7,u lành vị trí xác định khác
D36.9,u lành của vị trí không xác định
D37,u tân sinh không rõ hoặc không biết tính chất của khoang miệng và cơ quan tiêu hóa
D37.0,"u tân sinh chưa rõ tính chất của môi , xoang miệng và hầu"
D37.1,u tân sinh chưa rõ tính chất của dạ dày
D37.2,u tân sinh chưa rõ tính chất của ruột non
D37.3,u tân sinh chưa rõ tính chất của ruột thừa
D37.4,u tân sinh chưa rõ tính chất của đại tràng
D36.0,u lành hạch lympho
D36.1,u lành thần kinh ngoại vi và thần kinh tự chủ
D31,u lành của mắt và phần phụ
D31.3,u lành màng mạch mắt
D31.4,u lành thể mi
D33.0,u lành của bán cầu đại não trên lều
D33.1,"u lành của não , dưới lều"
D32.0,u lành của màng não tại não
D32.1,u lành của màng não tủy sống
D31.0,u lành kết mạc
D31.1,u lành giác mạc
D31.2,u lành võng mạc
D33.2,"u lành của não , không đặc hiệu"
D33.3,u lành thần kinh sọ não
D28.0,u lành âm hộ
D28.1,u lành âm đạo
D31.5,u lành tuyến và ống lệ
D31.6,u lành hốc mắt không đặc hiệu
D31.9,"u lành của mắt , không đặc hiệu"
D32,u lành của màng não
D32.9,"u lành màng não , không đặc hiệu"
D33,u lành của não và các phần khác của hệ thần kinh trung ương
D29.4,u lành của bìu
D29.7,u lành của cơ quan sinh dục nam khác
D21.6,"u lành mô liên kết và mô mềm khác của thân mình , không đặc hiệu"
D21.9,"u lành mô liên kết và mô mềm khác , không đặc hiệu"
D22,nốt ruồi
D22.0,nốt ruồi của môi
D22.1,nốt ruồi của khóe mắt bao gồm mi mắt
D22.2,nốt ruồi của tai và ống tai ngoài
D18.0,"u máu , vị trí bất kỳ"
D18.1,"u bạch huyết , vị trí bất kỳ"
D19,u lành của trung mô
D17.1,u mỡ lành tính của da và mô dưới da ở thân hình
D19.0,u lành trung mô của màng phổi
D19.1,u lành trung mô của phúc mạc
D19.7,u lành trung mô của các vị trí khác
D19.9,u lành trung mô không xác định
D20,u lành mô mềm sau phúc mạc và phúc mạc
D17.9,u mỡ lành tính không đặc hiệu
D18,"u máu và u bạch huyết , vị trí bất kỳ"
D22.7,nốt ruồi của chi dưới bao gồm hông
D22.9,nốt ruồi không có gì đặc hiệu
D23,u lành khác của da
D17.4,u mỡ lành tính của cơ quan trong lồng ngực
D17.5,u mỡ lành tính của cơ quan trong ổ bụng
D22.3,nốt ruồi của phần khác và phần không xác định của mặt
D22.4,nốt ruồi của da đầu và cổ
D22.5,nốt ruồi của thân mình
D22.6,nốt ruồi của chi trên bao gồm vai
D17.6,u mỡ lành tính của thừng tinh
D17.7,u mỡ lành tính của vị trí khác
D20.0,u lành mô mềm sau phúc mạc
D20.1,u lành mô mềm phúc mạc
D21,u lành khác của mô liên kết và mô mềm khác
D44,u tân sinh không chắc chắn hoặc không biết tính chất của tuyến nội tiết
D44.0,u tân sinh không chắc chắn hoặc không biết tính chất của tuyến giáp
D44.1,u tân sinh không chắc chắn hoặc không biết tính chất của tuyến thượng thận
D44.2,u tân sinh không chắc chắn hoặc không biết tính chất của tuyến cận giáp
D44.3,u tân sinh không chắc chắn hoặc không biết tính chất của tuyến yên
D51,thiếu máu do thiếu vitamin b12
D51.0,thiếu máu thiếu vitamin b12 do thiếu yếu tố nội sinh
D51.1,thiếu vitamin b12 do giảm hấp thu chọn lọc vitamin b12 kèm theo protein niệu
D51.2,thiếu transcobalamin ii
D51.3,thiếu máu thiếu vitamin b12 do chế độ ăn khác
D51.8,thiếu máu thiếu vitamin b12 khác
D51.9,"thiếu máu thiếu vitamin b12 , không đặc hiệu"
D52,thiếu máu thiếu folate
D47.0,u tổ chức bào và dưỡng bào không triệu chứng
D47.1,bệnh bạch cầu tăng sinh tủy mạn tính
D47.2,bệnh lý gamma đơn dòng thể không xác định triệu chứng ( mgmus )
D47.3,bệnh tăng tiểu cầu ( xuất huyết ) vô căn
D52.9,thiếu máu thiếu folate không đặc hiệu
D53,các thiếu máu dinh dưỡng khác
D53.0,thiếu máu do thiếu protein
D53.1,"các thiếu máu nguyên hồng cầu khổng lồ khác , không phân loại nơi khác"
D47.4,bệnh xơ hóa tủy xương
D47.5,bệnh bạch cầu dòng tế bào ưa acid mạn tính ( hội chứng tăng bạch cầu ưa acid )
D47.7,"u tân sinh xác định khác , không rõ hoặc không biết tính chất của mô lympho , mô tạo huyết và mô liên quan"
D47.9,"u tân sinh không đặc hiệu , không chắc chắn hoặc không rõ tính chất của mô lympho , mô tạo huyết và mô liên quan"
D48,u tân sinh không chắc chắn hoặc không biết tính chất có vị trí khác và không xác định
D50,thiếu máu do thiếu sắt
D50.0,thiếu máu thiếu sắt thứ phát do mất máu ( mạn tính )
D50.1,chứng khó nuốt do thiếu sắt
D50.8,thiếu máu thiếu sắt khác
D50.9,thiếu máu thiếu sắt không đặc hiệu
D53.2,thiếu máu thiếu vitamin c
D53.8,các thiếu máu dinh dưỡng đặc hiệu khác
D53.9,thiếu máu dinh dưỡng không đặc hiệu
D55,thiếu máu do rối loạn men
D48.0,"u tân sinh không xác định , không chắc chắn hoặc không rõ tính chất của xương và sụn khớp"
D48.1,"u tân sinh không xác định , không chắc chắn hoặc không rõ tính chất của mô liên kết và mô mềm khác"
D48.2,"u tân sinh không xác định , không chắc chắn hoặc không rõ tính chất của thần kinh ngoại vi và thần kinh tự chủ"
D48.3,"u tân sinh không xác định , không chắc chắn hoặc không rõ tính chất của vùng sau phúc mạc"
D48.4,"u tân sinh không xác định , không chắc chắn hoặc không rõ tính chất của phúc mạc"
D48.5,"u tân sinh không xác định , không chắc chắn hoặc không rõ tính chất của da"
D48.6,"u tân sinh không xác định , không chắc chắn hoặc không rõ tính chất của vú"
D48.7,"u tân sinh không xác định , không chắc chắn hoặc không rõ tính chất của vị trí xác định khác"
D48.9,"u tân sinh không chắc chắn hoặc không biết tính chất , không đặc hiệu"
D52.0,thiếu máu thiếu folate do chế độ ăn
D52.1,thiếu máu thiếu folate do thuốc
D52.8,thiếu máu thiếu folate khác
D46.0,"thiếu máu dai dẳng không có nguyên hồng cầu sắt vòng , được xác định"
D46.1,hội chứng rối loạn sinh tủy có nguyên hồng cầu sắt vòng
D46.2,thiếu máu dai dẳng có tăng nguyên bào ác tính ( raeb )
D46.4,"thiếu máu dai dẳng , không đặc hiệu"
D46.5,thiếu máu dai dẳng có loạn sản đa dòng tế bào ( mds - mld )
D41.9,u tân sinh không chắc chắn hoặc không biết tính chất của cơ quan tiết niệu không đặc hiệu
D42,u tân sinh không chắc chắn hoặc không biết tính chất của màng não
D42.0,u tân sinh không chắc chắn hoặc không biết tính chất của màng não thuộc não
D42.1,u tân sinh không chắc chắn hoặc không biết tính chất của màng não thuộc tủy sống
D41,u tân sinh không chắc chắn hoặc không biết tính chất của cơ quan tiết niệu
D41.0,u tân sinh không chắc chắn hoặc không biết tính chất của thận
D41.1,u tân sinh không chắc chắn hoặc không biết tính chất của bể thận
D42.9,"u tân sinh không chắc chắn hoặc không biết tính chất của màng não , không đặc hiệu"
D43,u tân sinh không chắc chắn hoặc không biết tính chất của não và hệ thần kinh trung ương
D43.0,"u tân sinh không chắc chắn hoặc không biết tính chất của não , trên lều não"
D43.1,"u tân sinh không chắc chắn hoặc không biết tính chất của não , dưới lều não"
D44.4,u tân sinh không chắc chắn hoặc không biết tính chất của ống sọ - hầu
D44.5,u tân sinh không chắc chắn hoặc không biết tính chất của tuyến tùng
D44.6,u tân sinh không chắc chắn hoặc không biết tính chất của thể cảnh
D41.2,u tân sinh không chắc chắn hoặc không biết tính chất của niệu quản
D41.3,u tân sinh không chắc chắn hoặc không biết tính chất của niệu đạo
D41.4,u tân sinh không chắc chắn hoặc không biết tính chất của bàng quang
D41.7,u tân sinh không chắc chắn hoặc không biết tính chất của cơ quan tiết niệu khác
D46.6,hội chứng rối loạn sinh tủy có bất thường nhiễm sắc thể del ( 5q ) đơn độc
D46.7,hội chứng rối loạn sinh tủy xương khác
D46.9,"hội chứng rối loạn sinh tủy , không đặc hiệu"
D47,"u tân sinh khác không chắc chắn hoặc không biết sinh chất của mô u lympho , mô tạo huyết và mô liên quan"
D37.5,u tân sinh chưa rõ tính chất của trực tràng
D37.6,"u tân sinh chưa rõ tính chất của gan , túi mật và ống dẫn mật"
D37.7,u tân sinh chưa rõ tính chất của cơ quan tiêu hóa khác
D43.2,"u tân sinh không chắc chắn hoặc không biết tính chất của não , không đặc hiệu"
D43.3,u tân sinh không chắc chắn hoặc không biết tính chất của thần kinh sọ
D43.4,u tân sinh không chắc chắn hoặc không biết tính chất của tủy sống
D43.7,u tân sinh không chắc chắn hoặc không biết tính chất của phần khác của hệ thần kinh trung ương
D43.9,"u tân sinh không chắc chắn hoặc không biết tính chất của hệ thần kinh trung ương , không đặc hiệu"
D44.7,u tân sinh không chắc chắn hoặc không biết tính chất của thể động mạch chủ và thể cận hạch khác
D44.8,"u tân sinh không chắc chắn hoặc không biết tính chất , đa u tuyến nội tiết"
D44.9,"u tân sinh không chắc chắn hoặc không rõ tính chất của , tuyến nội tiết , không đặc hiệu"
D45,đa hồng cầu nguyên phát
D46,hội chứng rối loạn sinh tủy
D56.4,tồn tại di truyền huyết sắc tố bào thai
D56.8,các bệnh thalassemia thể khác
D56.9,thalassemia không đặc hiệu
D57,bệnh hồng cầu hình liềm
J37,viêm thanh quản và viêm thanh khí quản mạn tính
J37.0,viêm thanh quản mạn tính
J37.1,viêm thanh khí quản mạn
J38,"bệnh lý của dây thanh âm và thanh quản , không phân loại nơi khác"
K04.7,áp xe quanh chóp không có lỗ rò
K04.8,nang chân răng
K04.9,các bệnh lý khác và không đặc hiệu của mô tủy và mô quanh chóp
K04.1,hoại tử tủy răng
K04.2,thoái hóa tủy răng
K04.3,tạo mô cứng bất thường trong tủy
K04.4,viêm quanh chóp cấp tính có nguồn gốc tủy răng
K04.5,viêm quanh chóp răng mạn tính
K04.6,áp xe quanh chóp răng có lỗ rò
K05.1,viêm lợi ( nướu ) mạn tính
K05.2,viêm quanh răng cấp tính
K05.3,viêm quanh răng mạn tính
K05,viêm lợi ( nướu ) và bệnh quanh răng
K05.0,viêm lợi ( nướu ) cấp tính
K03.9,"bệnh mô cứng của răng , không đặc hiệu"
K04,bệnh tủy và mô quanh chân răng
K04.0,viêm tủy răng
K06,rối loạn khác của lợi ( nướu ) và sống hàm
K06.0,tụt lợi ( nướu )
K06.1,phì đại lợi
K06.2,tổn thương lợi ( nướu ) và sống hàm liên quan tới chấn thương
K06.8,rối loạn đặc hiệu khác của lợi ( nướu ) và sống hàm
K06.9,"rối loạn ở lợi ( nướu ) và sống hàm , không đặc hiệu"
K05.4,thoái hóa quanh răng
K05.5,các bệnh vùng quanh răng khác
K05.6,"bệnh quanh răng , không đặc hiệu"
J36,áp xe quanh amiđan
J33.9,"polyp mũi , không phân loại"
J34,bệnh khác của mũi và xoang
J21.8,viêm tiểu phế quản cấp do vi sinh vật xác định khác
J21.9,"viêm tiểu phế quản cấp , không đặc hiệu"
J22,nhiễm trùng hô hấp dưới cấp không phân loại
J30,viêm mũi vận mạch và viêm mũi dị ứng
J35.0,viêm amiđan mạn tính
J35.9,"bệnh mạn tính của amiđan và va , không đặc hiệu"
J39.9,"bệnh của đường hô hấp trên , không đặc hiệu"
J40,viêm phế quản không xác định là cấp hay mạn tính
J41,viêm phế quản mạn tính đơn thuần và nhầy mủ
J38.7,các bệnh lý khác của thanh quản
J39,các bệnh khác của đường hô hấp trên
J39.0,áp xe thành sau họng và áp xe cạnh họng
J39.1,áp xe khác của hầu họng
J39.2,bệnh khác của hầu họng
J39.3,"phản ứng quá mẫn đường hô hấp trên , vị trí không xác định"
J39.8,các bệnh lý xác định khác của đường hô hấp trên
J38.2,hạt xơ dây thanh
J38.3,các bệnh lý khác của dây thanh âm
J38.4,phù thanh quản
J38.5,co thắt thanh quản
J38.6,hẹp thanh quản
J34.0,"áp xe , nhọt và nhọt tiền đình mũi"
J34.1,u nang và u nhày của mũi và xoang mũi
J98.7,"nhiễm trùng đường hô hấp , không phân loại nơi khác"
J98.8,bệnh hô hấp xác định khác
J98.9,"bệnh hô hấp , không phân loại"
J99*,bệnh hô hấp trong các bệnh phân loại nơi khác
J99.0*,bệnh phổi dạng thấp ( m05 . 1 † )
J99.1*,bệnh hô hấp trong các bệnh mô liên kết lan tỏa khác
J99.8*,bệnh lý hô hấp trong các bệnh phân loại nơi khác
K00,rối loạn phát triển răng và mọc răng
K03.4,quá sản cement răng
K03.5,dính khớp răng
K03.6,cao răng
K03.7,đổi màu mô cứng sau mọc răng
K03.8,bệnh mô cứng đặc hiệu khác của răng
K02.1,sâu ngà răng
K02.2,sâu cement răng
K02.3,sâu răng ngừng tiến triển
K01.0,răng mọc ngầm
K01.1,răng mọc kẹt
K02,sâu răng
K02.0,sâu men răng
K02.9,"sâu răng , không đặc hiệu"
K03,bệnh mô cứng khác của răng
K03.0,mòn răng - răng quá mức
K03.1,mòn răng cơ học
K03.2,mòn răng hóa học
K03.3,tiêu răng bệnh lý
K00.4,rối loạn tạo răng
K00.5,"các rối loạn di truyền cấu trúc răng , không phân loại nơi khác"
K00.6,rối loạn mọc răng
K00.7,hội chứng mọc răng
K00.8,rối loạn khác về phát triển răng
K00.9,"rối loạn phát triển răng , không đặc hiệu"
K01,răng mọc kẹt và răng mọc ngầm
K02.4,hủy khoáng mô cứng nhiều răng
K02.5,sâu răng có hở tủy
K02.8,sâu răng khác
K00.0,không có răng
K00.1,răng thừa
K00.2,bất thường kích thước và hình dạng răng
K00.3,răng đốm màu
J98.1,xẹp phổi
J98.2,giãn phế nang mô kẽ
J98.3,giãn phế nang còn bù
J98.4,các bệnh khác của phổi
J98.5,"bệnh của trung thất , không phân loại nơi khác"
J98.6,bệnh của cơ hoành
J35.2,phì đại va
J35.3,phì đại amiđan có phì đại va
J69.8,viêm phổi hít phải chất rắn và chất lỏng khác
J70,bệnh hô hấp do nguyên nhân ngoại sinh khác
J70.0,biểu hiện cấp tính ở phổi do phóng xạ
J70.1,biểu hiện mạn tính và biểu hiện khác ở phổi do phóng xạ
J68.9,"bệnh hô hấp không phân loại do hóa chất , khí , khói và chất bay hơi"
J69,viêm phổi do chất rắn và chất lỏng
J69.0,viêm phổi hít phải thức ăn và chất nôn
J69.1,viêm phổi hít phải dầu và hương liệu
J67.6,bệnh phổi của công nhân bóc vỏ cây thích
J67.7,bệnh phổi do máy làm ẩm và máy điều hòa không khí
J67.8,viêm phổi tăng cảm do bụi hữu cơ khác
J67.9,viêm phổi tăng cảm do bụi hữu cơ không phân loại
J63.4,bệnh xơ phổi do sắt
J63.5,bệnh xơ phổi do thiếc
J63.8,bệnh phổi nghề nghiệp do bụi phổi vô cơ xác định khác
J64,bệnh bụi phổi không phân loại
J65,bệnh bụi phổi kết hợp với lao
J68.3,"bệnh hô hấp cấp và bán cấp khác do hóa chất , khí , khói và chất bay hơi"
J68.4,"bệnh hô hấp mạn do hóa chât , khí , khói và chất bay hơi"
J68.8,"bệnh hô hấp khác do hóa chất , khí , khói và chất bay hơi"
J68,"bệnh hô hấp do hít hóa chất , khí , khói và chất bay hơi"
J68.0,"viêm phế quản và viêm phổi do hóa chất , chất khí , khói và chất bay hơi"
J68.1,"phù phổi do hóa chất , khí , khói và chất bay hơi"
J68.2,"viêm đường hô hấp trên do hóa chất , khí , khói và chất bay hơi , không phân loại nơi khác"
J67,viêm phổi tăng cảm do bụi hữu cơ
J67.0,bệnh phổi của người nông dân
J67.1,bệnh phổi do bã mía
J67.2,bệnh phổi ở người nuôi chim
J67.3,bệnh phổi do xơ cây bần
J67.4,bệnh phổi của công nhân tiếp xúc với mạch nha bị mốc
J67.5,bệnh phổi của công nhân trồng nấm
J66,bệnh đường dẫn khí do bụi hữu cơ đặc biệt khác
J66.0,bụi phổi bông
J66.1,bệnh flax - dresser
J66.2,bệnh đường hô hấp do ma túy
J66.8,bệnh đường dẫn bụi khí do bụi hữu cơ đặc biệt khác
J33.0,polyp mũi
J33.1,thoái hóa xoang dạng polyp
J33.8,polyp của xoang khác
J17*,viêm phổi trong các bệnh phân loại nơi khác
J17.0*,viêm phổi trong các bệnh do vi khuẩn phân loại nơi khác
J17.1*,viêm phổi trong các bệnh do virus phân loại nơi khác
J12.2,viêm phổi do virus parainfluenza
J12.3,viêm phổi do metapneumovirus người
J12.8,viêm phổi do virus khác
J12.9,"viêm phổi virus , không đặc hiệu"
J13,viêm phổi do phế cầu streptococcus pneumoniae
J18.2,"viêm phổi do nằm lâu ngày , không đặc hiệu"
J18.8,"viêm phổi khác , không xác định vi sinh vật"
J18.9,"viêm phổi , không đặc hiệu"
J20,viêm phế quản cấp
J20.0,viêm phế quản cấp do mycoplasma pneumoniae
J20.9,"viêm phế quản cấp , không đặc hiệu"
J21,viêm tiểu phế quản cấp
J21.0,viêm tiểu phế quản cấp do virus hợp bào hô hấp
J21.1,viêm tiểu phế quản cấp tính do metapneumovirus người
J20.5,viêm phế quản cấp do virus hợp bào hô hấp
J20.6,viêm phế quản cấp do rhinovirus
J20.7,viêm phế quản cấp do echovirus
J20.8,viêm phế quản cấp do vi sinh vật xác định khác
J15.0,viêm phổi do klebsiella pneumoniae
J15.1,viêm phổi do pseudomonas
J15.2,viêm phổi do tụ cầu staphylococcus
J15.3,"viêm phổi do liên cầu , nhóm b"
J30.0,viêm mũi vận mạch
J30.1,viêm mũi dị ứng do phấn hoa
J30.2,viêm mũi dị ứng theo mùa khác
J30.3,viêm mũi dị ứng khác
J30.4,"viêm mũi dị ứng , không đặc hiệu"
J31,"viêm mũi , viêm mũi họng , viêm họng mạn tính"
J31.0,viêm mũi mạn tính
J31.1,viêm mũi họng mạn tính
J35.1,amiđan quá phát
J34.2,lệch vách ngăn mũi
J34.3,phì đại cuốn mũi
J34.8,bệnh xác định khác của mũi và xoang
J41.0,viêm phế quản mạn tính đơn thuần
J41.1,viêm phế quản mạn tính nhầy mủ
J41.8,viêm phế quản mạn tính hỗn hợp ( đơn thuần và nhầy mủ )
J44.0,bệnh phổi tắc nghẽn mạn tính đợt cấp do bội nhiễm
J44.1,"bệnh phổi tắc nghẽn mạn tính đợt cấp , không đặc hiệu"
J44.8,bệnh phổi tắc nghẽn mạn tính xác định khác
J44.9,"bệnh phổi tắc nghẽn mạn tính , không xác định"
J43.1,khí phế thũng toàn tiểu thùy
J43.2,khí phế thũng trung tâm tiểu thùy
J42,viêm phế quản mạn tính không phân loại
J43,khí phế thũng
J43.0,hội chứng macleod
J45.9,"hen , không phân loại"
J46,cơn hen ác tính
J47,giãn phế quản
J60,bệnh bụi phổi của công nhân ngành than
J61,bệnh bụi phổi amian và các sợi khoáng khác
J62,bệnh bụi phổi do bụi silic
J62.0,bệnh bụi phổi do bột talc
J62.8,bệnh bụi phổi do bụi khác chứa silic
J63,bệnh bụi phổi do bụi vô cơ khác
J63.0,nhiễm bụi nhôm ( của phổi )
J63.1,xơ hóa do quặng bô - xít ( của phổi )
J63.2,bụi phổi do beryllium
J63.3,xơ phổi do than chì ( của phổi )
J45,hen suyễn
J45.0,hen chủ yếu do dị ứng
J45.1,hen không dị ứng
J45.8,hen hỗn hợp
J43.8,khí phế thũng khác
J43.9,"khí phế thũng , không đặc hiệu"
J44,các bệnh phổi tắc nghẽn mạn tính khác
J70.2,bệnh phổi mô kẽ cấp tính do thuốc
J70.3,bệnh phổi mô kẽ mạn tính do thuốc
J70.4,"bệnh phổi mô kẽ do thuốc , không xác định"
J70.8,bệnh lý hô hấp do nguyên nhân ngoại sinh xác định khác
J70.9,bệnh lý hô hấp do các nguyên nhân ngoại sinh không xác định
J80,hội chứng suy hô hấp tiến triển
J84.1,bệnh phổi mô kẽ khác có xơ
J84.8,bệnh phổi mô kẽ xác định khác
J84.9,"bệnh phổi mô kẽ , không phân loại"
J85,áp xe phổi và trung thất
J93.1,các dạng tràn khí màng phổi tự phát khác
J93.8,các dạng tràn khí màng phổi khác
J93.9,"tràn khí màng phổi , không phân loại"
J94,các bệnh màng phổi khác
J94.0,tràn dịch dưỡng chấp
J85.0,hoại thư và hoại tử ở phổi
J85.1,áp xe phổi có viêm phổi
J85.2,áp xe phổi không có viêm phổi
J81,phù phổi
J82,"tăng bạch cầu ái toan ở phổi , không phân loại nơi khác"
J84,bệnh phổi mô kẽ khác
J84.0,bệnh lý phế nang và thành phế nang
J96,suy hô hấp không phân loại nơi khác
J96.0,suy hô hấp cấp
J96.1,suy hô hấp mạn
J96.9,"suy hô hấp , không phân loại"
J98,các bệnh hô hấp khác
J98.0,"bệnh phế quản , không phân loại nơi khác"
J85.3,áp xe trung thất
J86,mủ lồng ngực
J86.0,mủ lồng ngực có lỗ rò
J86.9,mủ lồng ngực không có lỗ rò
J90,"tràn dịch màng phổi , không phân loại nơi khác"
J91*,tràn dịch màng phổi trong bệnh phân loại nơi khác
J92,mảng màng phổi
J92.0,mảng màng phổi do amian
J92.9,mảng màng phổi không do amian
J93,tràn khí màng phổi
J93.0,tràn khí màng phổi áp lực tự phát
J94.1,xơ hóa màng phổi
J94.2,tràn máu màng phổi
J94.8,các bệnh màng phổi xác định khác
J94.9,"bệnh màng phổi , không đặc hiệu"
J95,"các bệnh hô hấp sau phẫu thuật , thủ thuật , không phân loại nơi khác"
J95.0,rối loạn chức năng sau khi mở khí quản
J95.1,hở van động mạch phổi cấp tính sau phẫu thuật lồng ngực
J95.2,hở van động mạch phổi cấp tính sau phẫu thuật ngoài lồng ngực
J95.3,hở van động mạch phổi mạn tính sau phẫu thuật
J95.4,hội chứng mendelson
J95.5,hẹp dưới thanh môn sau phẫu thuật
J95.8,"rối loạn hô hấp sau phẫu thuật , thủ thuật khác"
J95.9,"rối loạn hô hấp sau phẫu thuật , không đặc hiệu"
I42.9,bệnh cơ tim không đặc hiệu
I43*,bệnh cơ tim trong bệnh phân loại nơi khác
I43.0*,bệnh cơ tim trong bệnh nhiễm trùng và ký sinh trùng
I43.1*,bệnh cơ tim trong bệnh chuyển hóa
I43.2*,bệnh cơ tim trong các bệnh về dinh dưỡng
I31.1,viêm màng ngoài tim co thắt mạn
I31.2,"tràn máu màng ngoài tim , không phân loại nơi khác"
I31.3,tràn dịch màng ngoài tim ( không do viêm )
I31.8,bệnh màng ngoài tim khác
I31.9,"bệnh màng ngoài tim , không đặc hiệu"
I32*,viêm màng ngoài tim trong bệnh phân loại nơi khác
I32.0*,viêm màng ngoài tim trong bệnh nhiễm khuẩn phân loại nơi khác
I32.1*,viêm màng ngoài tim trong bệnh nhiễm trùng và ký sinh trùng khác phân loại nơi khác
I36.0,hẹp ( van ) ba lá không do thấp
I36.1,hở ( van ) ba lá không do thấp
I36.2,hẹp kèm hở van ba lá không do thấp
I45.0,blốc nhánh phải
I45.1,blốc nhánh phải khác và không xác định
I45.2,blốc hai nhánh
I45.3,blốc ba nhánh
I45.4,blốc trong thất không đặc hiệu
I44.4,blốc nhánh trước trái
I44.5,blốc nhánh sau trái
I44.6,blốc nhánh khác và không xác định
I44.7,blốc nhánh trái không đặc hiệu
I45,rối loạn dẫn truyền khác
I30.0,"viêm màng ngoài tim cấp , không rõ nguyên nhân , không đặc hiệu"
I30.1,viêm màng ngoài tim nhiễm trùng
I30.8,các thể khác của viêm màng ngoài tim cấp
I30.9,"viêm màng ngoài tim cấp , không đặc hiệu"
I31,các bệnh màng ngoài tim khác
I31.0,viêm dày dính màng ngoài tim mạn
I42.7,bệnh cơ tim do thuốc và nguyên nhân ngoại sinh
I42.8,bệnh cơ tim khác
I37.2,hẹp hở van động mạch phổi
I37.8,bệnh van động mạch phổi khác
I37.9,"bệnh van động mạch phổi , không xác định"
I38,"viêm nội tâm mạc , van tim không xác định"
I39*,viêm nội tâm mạc và bệnh van tim trong bệnh phân loại nơi khác
I39.0*,bệnh van hai lá trong bệnh phân loại nơi khác
I39.1*,bệnh van động mạch chủ trong bệnh phân loại nơi khác
I39.2*,bệnh van ba lá trong bệnh phân loại nơi khác
I35.2,hẹp hở ( van ) động mạch chủ
I35.8,bệnh van động mạch chủ khác
I35.9,"bệnh van động mạch chủ , không đặc hiệu"
I36,bệnh van ba lá không do thấp
I42.4,xơ chun nội tâm mạc
I42.5,bệnh lý cơ tim hạn chế
I42.6,bệnh cơ tim do rượu
J20.1,viêm phế quản cấp do haemophilus lnfluenzae
J20.2,viêm phế quản cấp do streptococcus
J20.3,viêm phế quản cấp do virus coxsackie
J20.4,viêm phế quản cấp do virus parainfluenza
J15.4,viêm phổi do các liên cầu streptoccoccus khác
J15.5,viêm phổi do escherichia coli
J15.6,viêm phổi do vi khuẩn gram âm khác
J15.7,viêm phổi do mycoplasma pneumoniae
J15.8,viêm phổi do vi khuẩn khác
J32.9,"viêm mũi xoang mạn tính , không đặc hiệu"
J33,polyp mũi
J14,viêm phổi do vi khuẩn haemophilus influenzae
J15,"viêm phổi do vi khuẩn , không phân loại nơi khác"
J17.2*,viêm phổi trong do nấm
J17.3*,viêm phổi trong bệnh ký sinh trùng
J17.8*,viêm phổi trong bệnh khác phân loại nơi khác
J32.3,viêm xoang bướm mạn tính
J32.4,viêm đa xoang mạn tính
J32.8,viêm mũi xoang mạn tính khác
J15.9,"viêm phổi do vi khuẩn , không đặc hiệu"
J16,"viêm phổi do tác nhân nhiễm khuẩn khác , không phân loại nơi khác"
J16.0,viêm phổi do chlamydia
J16.8,viêm phổi do tác nhân nhiễm khuẩn khác
J18,"viêm phổi , tác nhân không xác định"
J18.0,"viêm phế quản phổi , không đặc hiệu"
J18.1,"viêm phổi thùy , không đặc hiệu"
J31.2,viêm họng mạn tính
J32,viêm mũi xoang mạn tính
J32.0,viêm xoang hàm mạn tính
J32.1,viêm xoang trán mạn tính
J32.2,viêm xoang sàng mạn tính
H01.1,bệnh da mi không nhiễm trùng
H01.8,viêm mi mắt đặc hiệu khác
H01.9,"viêm mi mắt , không đặc hiệu"
H02,bệnh khác của mí mắt
H70.0,viêm xương chũm cấp
H70.1,viêm xương chũm mạn
H70.2,viêm xương đá
H70.8,viêm xương chũm khác và tình trạng liên quan
H69.0,vòi eustache rộng
H69.8,bệnh vòi eustache xác định khác
H69.9,"bệnh vòi eustache , không đặc hiệu"
H70,viêm xương chũm và tình trạng liên quan
H73.1,viêm màng nhĩ mạn
H73.8,những rối loạn đặc hiệu khác của màng nhĩ
H73.9,"bệnh màng nhĩ , không đặc hiệu"
H74,bệnh khác của tai giữa và xương chũm
H67.1*,viêm tai giữa trong bệnh do virus phân loại nơi khác
H67.8*,viêm tai giữa trong bệnh khác phân loại nơi khác
H68,viêm và tắc vòi eustache
H74.0,xơ nhĩ
H74.1,bệnh tai giữa dính
H74.2,gián đoạn và trật khớp chuỗi xương con
H70.9,"viêm xương chũm , không đặc hiệu"
H71,cholesteatoma của tai giữa
H72,thủng màng nhĩ
H72.0,thủng màng nhĩ trung tâm
H68.0,viêm vòi eustache
H68.1,tắc vòi eustache
H69,bệnh khác của vòi eustache
H72.1,thủng màng nhĩ ở vị trí thượng nhĩ
H72.2,thủng rìa màng nhĩ khác thủng màng nhĩ sát xương khác
H72.8,thủng màng nhĩ khác
H72.9,"thủng màng nhĩ , không đặc hiệu"
H73,bệnh khác của màng nhĩ
H73.0,viêm màng nhĩ cấp
H74.8,những rối loạn đặc hiệu khác của tai giữa và xương chũm
H74.9,rối loạn ở tai giữa và xương chũm không xác định
I13.0,"bệnh tim và thận do tăng huyết áp , có suy tim ( sung huyết )"
I13.1,"bệnh tim và thận do tăng huyết áp , có suy thận"
I13.2,"bệnh tim và thận do tăng huyết áp , có suy tim ( sung huyết ) và suy thận"
I20.1,cơn đau thắt ngực do co thắt mạch
I20.8,dạng khác của cơn đau thắt ngực
I20.9,"cơn đau thắt ngực , không đặc hiệu"
I21,nhồi máu cơ tim cấp
I21.0,nhồi máu cơ tim xuyên thành cấp của thành trước
I21.1,nhồi máu cơ tim xuyên thành cấp của thành dưới
I21.2,nhồi máu xuyên thành cấp ở vị trí khác
I21.3,nhồi máu cơ tim xuyên thành cấp ở vị trí không xác định
I21.4,nhồi máu cơ tim dưới nội tâm mạc cấp
I15.8,tăng huyết áp thứ phát khác
I15.9,tăng huyết áp thứ phát không đặc hiệu
I20,cơn đau thắt ngực
I20.0,cơn đau thắt ngực không ổn định
I21.9,"nhồi máu cơ tim cấp , không đặc hiệu"
I22,nhồi máu cơ tim tiến triển
I22.0,nhồi máu cơ tim tiến triển của thành trước
I11,bệnh tim do tăng huyết áp
I11.0,"bệnh tim do tăng huyết áp , có suy tim ( sung huyết )"
I11.9,"bệnh tim do tăng huyết áp , không suy tim ( sung huyết )"
I13.9,"bệnh tim và thận do tăng huyết áp , không đặc hiệu"
I15,tăng huyết áp thứ phát
I15.0,tăng huyết áp do nguyên nhân mạch thận
I15.1,tăng huyết áp thứ phát do bệnh thận khác
I15.2,tăng huyết áp thứ phát do rối loạn nội tiết
I12,bệnh thận do tăng huyết áp
I12.0,"bệnh thận do tăng huyết áp , có suy thận"
I12.9,"bệnh thận do tăng huyết áp , không suy thận"
I13,bệnh tim và thận do tăng huyết áp
I74.1,"thuyên tắc và huyết khối , đoạn động mạch chủ khác và không xác định"
I74.2,thuyên tắc và huyết khối động mạch chi trên
I74.3,thuyên tắc và huyết khối động mạch chi dưới
I72.2,phình và tách động mạch thận
I72.3,phình và tách động mạch chậu
I72.4,phình và tách động mạch chi dưới
I49.5,hội chứng suy nút xoang
I49.8,loạn nhịp tim xác định khác
I49.9,"rối loạn nhịp tim , không đặc hiệu"
I50,suy tim
I50.0,suy tim sung huyết
I82.9,thuyên tắc và huyết khối của tĩnh mạch không xác định
I83,giãn tĩnh mạch chi dưới
I83.0,giãn tĩnh mạch chi dưới có loét
I80.3,"viêm tĩnh mạch và viêm tắc tĩnh mạch ở chi dưới , không đặc hiệu"
I80.8,viêm tĩnh mạch và viêm tắc tĩnh mạch ở vị trí khác
I80.9,"viêm tĩnh mạch và viêm tắc tĩnh mạch , vị trí không xác định"
I78.9,"bệnh khác của mao mạch , không đặc hiệu"
I79*,"bệnh động mạch , tiểu động mạch và mao mạch trong bệnh phân loại nơi khác"
I79.0*,phình động mạch chủ trong bệnh phân loại nơi khác
I79.1*,viêm động mạch chủ trong bệnh phân loại nơi khác
I79.8*,"rối loạn khác ở động mạch , tiểu động mạch và mao mạch trong bệnh phân loại nơi khác"
I80,viêm tĩnh mạch và tắc tĩnh mạch
I79.2*,bệnh lý mạch máu ngoại biên trong bệnh phân loại nơi khác
I80.0,viêm tĩnh mạch và viêm tắc tĩnh mạch nông ở chi dưới
I82.1,viêm tắc tĩnh mạch tái phát ( migrans )
I82.2,thuyên tắc và huyết khối tĩnh mạch chủ
I82.3,thuyên tắc và huyết khối tĩnh mạch thận
I82.8,thuyên tắc và huyết khối tĩnh mạch khác
I83.9,giãn tĩnh mạch chi dưới không loét không viêm
I85,giãn tĩnh mạch thực quản
I81,huyết khối tĩnh mạch cửa
I82,các thuyên tắc và huyết khối tĩnh mạch khác
I82.0,hội chứng budd - chiari
H54.6,"mất thị lực không đo được , một mắt"
H54.9,giảm thị lực không đặc hiệu ( hai mắt )
H55,rung giật nhãn cầu và rối loạn vận nhãn khác
H57,các bệnh khác của mắt và phần phụ
H48.0*,teo thần kinh thị trong các bệnh phân loại nơi khác
H48.1*,viêm thần kinh hậu cầu trong các bệnh phân loại nơi khác
H48.8*,bệnh khác của thần kinh thị và đường dẫn truyền thị giác trong các bệnh phân loại nơi khác
H53.1,rối loạn thị giác chủ quan
H53.2,song thị
H53.3,rối loạn thị giác hai mắt khác
H53.4,tổn hại thị trường
H53.5,rối loạn sắc giác ( mù màu )
H57.0,bất thường chức năng đồng tử
H57.1,nhức mắt
H57.8,các bệnh xác định khác của mắt và phần phụ
H52.3,khúc xạ hai mắt không đều và hình võng mạc hai mắt không đều
H52.4,lão thị
H52.5,rối loạn điều tiết
H52.6,rối loạn khúc xạ khác
H52.7,"tật khúc xạ , không đặc hiệu"
H53,rối loạn thị giác
H53.0,nhược thị do bất đồng khúc xạ
H59,"bệnh mắt và phần phụ sau phẫu thuật , không phân loại nơi khác"
H59.0,bệnh lý giác mạc ( bullous aphakic ) sau phẫu thuật thể thủy tinh
H54.0,"mù , hai mắt"
H54.1,"giảm thị lực mức độ nặng , hai mắt"
H54.2,"khiếm thị , hai mắt"
H59.8,bệnh khác của mắt và phần phụ sau phẫu thuật
H59.9,"bệnh mắt và phần phụ sau phẫu thuật , không đặc hiệu"
H60,viêm tai ngoài
H60.0,áp xe tai ngoài
H57.9,"các bệnh của mắt và phần phụ , không đặc hiệu"
H58*,bệnh khác của mắt và phần phụ trong các bệnh phân loại nơi khác
H58.0*,bất thường chức năng đồng tử trong các bệnh phân loại nơi khác
H58.1*,rối loạn thị giác trong các bệnh phân loại nơi khác
H58.8*,bệnh của mắt và phần phụ xác định khác trong các bệnh phân loại nơi khác
H54.3,"mất thị lực không đo được , hai mắt"
H54.4,"mù , một mắt"
H54.5,"giảm thị lực mức độ nặng , một mắt"
H47.4,tổn thương tại giao thoa thị giác
H47.5,tổn thương đường thị giác
H47.6,tổn thương vỏ não thị giác
H47.7,"tổn thương đường thị giác , không đặc hiệu"
H48*,bệnh thần kinh thị và đường dẫn thị giác trong các bệnh phân loại nơi khác
H53.6,quáng gà
H53.8,rối loạn thị giác khác
H53.9,"rối loạn thị giác , không đặc hiệu"
H54,mù và khiếm thị ( hai mắt hoặc một mắt )
H60.1,viêm mô tế bào tai ngoài
H60.2,viêm tai ngoài ác tính
H60.3,viêm tai ngoài nhiễm trùng khác
H60.4,cholesteatoma của tai ngoài
H66.9,"viêm tai giữa , không đặc hiệu"
H67*,viêm tai giữa trong bệnh phân loại nơi khác
H67.0*,viêm tai giữa trong bệnh nhiễm khuẩn phân loại nơi khác
H66.1,viêm tai giữa vòi nhĩ mủ mạn
H66.2,viêm tai giữa thượng nhĩ sào bào mủ mạn
H66.3,viêm tai giữa mủ mạn tính khác
H66.4,"viêm tai giữa mủ , không đặc hiệu"
H65.9,"viêm tai giữa không mủ , không đặc hiệu"
H66,viêm tai giữa mủ và không đặc hiệu
H66.0,viêm tai giữa cấp mủ
H61.0,viêm sụn vành tai
H61.1,bệnh loa tai không nhiễm trùng
H61.2,nút ráy tai
H65.1,viêm tai giữa không mủ cấp khác
H65.2,viêm tai giữa ứ dịch mạn tính
H65.3,viêm tai giữa tiết nhày mạn
H65.4,viêm tai giữa không mủ mạn khác
H61.3,hẹp ống tai ngoài mắc phải
H61.8,bệnh tai ngoài xác định khác
H61.9,"bệnh tai ngoài , không đặc hiệu"
H62*,bệnh tai ngoài trong bệnh phân loại nơi khác
H62.0*,viêm tai ngoài trong bệnh nhiễm khuẩn phân loại nơi khác
H62.1*,viêm tai ngoài trong bệnh do virus phân loại nơi khác
H62.2*,viêm tai ngoài trong bệnh nhiễm nấm
H60.5,viêm tai ngoài cấp không nhiễm trùng
H60.8,viêm tai ngoài khác
H60.9,"viêm tai ngoài , không đặc hiệu"
H61,bệnh khác của tai ngoài
I51.7,tim to
I51.8,bệnh lý tim mạch không rõ ràng khác
I51.9,"bệnh tim , không đặc hiệu"
I52*,các bệnh lý khác trong các bệnh phân loại nơi khác
I52.0*,bệnh tim khác trong bệnh nhiễm khuẩn phân loại nơi khác
I52.1*,bệnh tim khác trong bệnh nhiễm trùng và ký sinh trùng khác phân loại nơi khác
I52.8*,"bệnh tim khác trong bệnh khác , phân loại nơi khác"
I60,xuất huyết dưới nhện
I36.8,bệnh van ba lá không do thấp khác
I36.9,"bệnh van ba lá không do thấp khác , không đặc hiệu"
I37,bệnh van động mạch phổi
I37.0,hẹp van động mạch phổi
I37.1,hở van động mạch phổi
I62.9,"xuất huyết nội sọ không do chấn thương , không đặc hiệu"
I63,nhồi máu não
I63.0,nhồi máu não do huyết khối động mạch trước não
I63.1,nhồi máu não do thuyên tắc động mạch trước não
I63.2,nhồi máu não không đặc hiệu do tắc hay hẹp ở động mạch trước não
I45.5,blốc tim xác định khác
I45.6,hội chứng kích thích sớm ( hội chứng tiền kích thích )
I45.8,"rối loạn dẫn truyền , xác định khác"
I45.9,rối loạn dẫn truyền không đặc hiệu
I46,ngừng tim
I60.5,xuất huyết dưới nhện từ động mạch đốt sống
I60.6,xuất huyết dưới nhện từ động mạch nội sọ khác
I60.7,"xuất huyết dưới nhện từ động mạch nội sọ , không đặc hiệu"
I60.8,xuất huyết dưới nhện khác
I60.9,"xuất huyết dưới nhện , không đặc hiệu"
I61.2,"xuất huyết nội sọ tại bán cầu , không đặc hiệu"
I61.3,xuất huyết nội sọ tại thân não
I61.4,xuất huyết nội sọ tại tiểu não
I61.5,"xuất huyết nội sọ , tại não thất"
I61.6,"xuất huyết nội sọ , tại nhiều nơi"
I61.8,xuất huyết nội sọ khác
I61.9,"xuất huyết nội sọ , không đặc hiệu"
I62,xuất huyết nội sọ không do chấn thương khác
I62.0,xuất huyết dưới màng cứng không do chấn thương
I62.1,"xuất huyết ngoài màng cứng , không do chấn thương"
I60.2,xuất huyết dưới nhện từ động mạch thông trước
I60.3,xuất huyết dưới nhện từ động mạch thông sau
I60.4,xuất huyết dưới nhện từ động mạch nền
I63.3,nhồi máu não do huyết khối động mạch não
I63.4,nhồi máu não do thuyên tắc động mạch não
I63.5,nhồi máu não không xác định do tắc hay hẹp ở động mạch não
I63.6,"nhồi máu não do huyết khối tĩnh mạch não , không sinh mủ"
I60.0,xuất huyết dưới nhện từ hành cảnh và chỗ chia nhánh động mạch cảnh
I60.1,xuất huyết dưới nhện từ động mạch não giữa
I48.4,cuồng nhĩ không điển hình
I48.9,"rung nhĩ và cuồng nhĩ , không đặc hiệu"
I49,loạn nhịp tim khác
I49.0,rung thất và cuồng thất
I42.0,bệnh cơ tim giãn
I42.1,bệnh cơ tim phì đại có tắc nghẽn
I42.2,bệnh cơ tim phì đại khác
I42.3,bệnh xơ hóa nội mạc cơ tim ( tăng bạch cầu ái toan )
I61,xuất huyết nội sọ
I61.0,"xuất huyết nội sọ tại bán cầu , vùng dưới vỏ"
I61.1,"xuất huyết nội sọ tại bán cầu , vùng vỏ"
I71.2,"phình động mạch chủ ngực , không vỡ"
I71.3,"phình động mạch chủ bụng , vỡ"
I71.4,"phình động mạch chủ bụng , không vỡ"
I71.5,"phình động mạch chủ ngực - bụng , vỡ"
I71.6,"phình động mạch chủ ngực - bụng , không vỡ"
I70.1,xơ vữa động mạch thận
I70.2,xơ vữa động mạch ngoại biên
I70.8,xơ vữa động mạch khác
I70.9,"xơ vữa động mạch , toàn thể và không xác định"
I71.8,"phình động mạch chủ , vị trí không xác định , vỡ"
I71.9,"phình động mạch chủ , vị trí không xác định , không vỡ"
I72,phình và tách động mạch khác
I72.0,phình và tách động mạch cảnh
I72.1,phình và tách động mạch chi trên
I69.1,di chứng xuất huyết nội sọ
I69.2,di chứng xuất huyết nội sọ không do chấn thương khác
I69.3,di chứng nhồi máu não
I72.5,phình và tách động mạch nền ( thân nền )
I72.6,phình và tách động mạch đốt sống
I69.4,"di chứng đột quỵ , không xác định là xuất huyết hay nhồi máu"
I69.8,di chứng bệnh mạch máu não khác và không xác định
I70,xơ vữa động mạch
I70.0,xơ vữa động mạch chủ
I71,phình và tách thành động mạch chủ
I71.0,tách thành động mạch chủ ( bất kỳ đoạn nào )
I71.1,"phình động mạch chủ ngực , vỡ"
I47.2,nhịp nhanh thất
I47.9,"nhịp nhanh kịch phát , không đặc hiệu"
I48,rung nhĩ và cuồng động nhĩ
I65.2,nghẽn tắc và hẹp động mạch cảnh
I65.3,nghẽn tắc và hẹp nhiều động mạch và động mạch trước não hai bên
I65.8,nghẽn tắc và hẹp của động mạch trước não khác
I65.9,nghẽn tắc và hẹp của động mạch trước não không xác định
I66,"nghẽn tắc và hẹp động mạch não , không dẫn đến nhồi máu não"
I73.8,bệnh mạch máu ngoại biên xác định khác
I73.9,"bệnh mạch máu ngoại biên , không đặc hiệu"
I74,thuyên tắc và huyết khối động mạch
I74.0,thuyên tắc và huyết khối động mạch chủ bụng
I77.6,"viêm động mạch , không đặc hiệu"
I77.8,bệnh xác định khác của động mạch và tiểu động mạch
I77.9,"bệnh động mạch và tiểu động mạch , không đặc hiệu"
I74.4,thuyên tắc và huyết khối động mạch chi không đặc hiệu
I74.5,thuyên tắc và huyết khối động mạch chậu
I74.8,thuyên tắc và huyết khối động mạch khác
I77.0,rò động - tĩnh mạch mắc phải
I77.1,co hẹp động mạch
I77.2,vỡ động mạch
I72.8,phình và tách động mạch xác định khác
I72.9,"phình và tách động mạch , vị trí không xác định"
I73,bệnh mạch máu ngoại biên
I73.0,hội chứng raynaud
I73.1,viêm tắc mạch huyết khối ( buerger )
I74.9,"thuyên tắc và huyết khối động mạch , không xác định"
I77,các bệnh khác của hệ động mạch và tiểu động mạch
I77.3,loạn sản chun xơ cơ của động mạch
I77.4,hội chứng chèn ép động mạch tạng
I77.5,hoại tử động mạch
I78,bệnh của mao mạch
I78.0,giãn mạch di truyền xuất huyết
I78.1,"tổn thương mạch máu trên da ( naevus ) , không tân sinh"
I78.8,bệnh khác của mao mạch
I83.1,giãn tĩnh mạch chi dưới có viêm
I83.2,giãn tĩnh mạch chi dưới có loét và viêm
I86.3,giãn tĩnh mạch âm hộ
I86.4,giãn tĩnh mạch dạ dày
I86.8,giãn tĩnh mạch ở vị trí xác định khác
I86.0,giãn tĩnh mạch dưới lưỡi
I86.1,túi giãn tĩnh mạch bìu
I86.2,giãn tĩnh mạch chậu
I98.8*,rối loạn hệ tuần hoàn xác định khác trong bệnh phân loại nơi khác
I99,rối loạn hệ tuần hoàn khác và không xác định
J00,viêm mũi họng cấp ( cảm thường )
J01,viêm mũi xoang cấp tính
I85.0,giãn tĩnh mạch thực quản có chảy máu
I85.9,giãn tĩnh mạch thực quản không chảy máu
I86,giãn tĩnh mạch vị trí khác
I87.8,rối loạn khác tĩnh mạch xác định khác
I87.9,"rối loạn khác tĩnh mạch , không đặc hiệu"
I88,viêm hạch bạch huyết không đặc hiệu
I89,rối loạn mạch bạch huyết và hạch bạch huyết không nhiễm trùng khác
I89.0,"phù bạch huyết , không phân loại nơi khác"
I89.1,viêm mạch bạch huyết
I89.8,rối loạn mạch bạch huyết và hạch bạch huyết xác định khác không do nhiễm trùng
I97.2,hội chứng phù mạch bạch huyết sau cắt bỏ tuyến vú
I97.8,"rối loạn hệ tuần hoàn khác sau phẫu thuật , không phân loại nơi khác"
I97.9,"rối loạn hệ tuần hoàn sau phẫu thuật , không đặc hiệu"
I98*,rối loạn khác của hệ tuần hoàn trong bệnh phân loại nơi khác
I98.0*,giang mai tim mạch
I98.1*,rối loạn tim mạch trong bệnh nhiễm trùng và ký sinh trùng khác phân loại nơi khác
I98.2*,giãn tĩnh mạch thực quản không chảy máu trong bệnh phân loại nơi khác
I98.3*,giãn tĩnh mạch thực quản chảy máu trong bệnh phân loại nơi khác
I89.9,"rối loạn mạch bạch huyết và hạch bạch huyết không do nhiễm trùng , không đặc hiệu"
I95,huyết áp thấp ( hạ huyết áp )
I95.0,hạ huyết áp không rõ nguyên nhân
I95.1,hạ huyết áp thế đứng
I87,rối loạn khác của tĩnh mạch
I87.0,hội chứng sau huyết khối
I87.1,chèn ép tĩnh mạch
I87.2,suy tĩnh mạch ( mạn ) ( ngoại biên )
I95.2,hạ huyết áp do thuốc
I95.8,hạ huyết áp khác
I95.9,"hạ huyết áp , không đặc hiệu"
I97,"rối loạn hệ tuần hoàn sau phẫu thuật , không phân loại nơi khác"
I97.0,hội chứng sau mổ tim
I97.1,rối loạn chức năng khác sau phẫu thuật tim
I67.3,bệnh lý chất trắng não do nguyên nhân mạch máu
I67.4,bệnh lý não do tăng huyết áp
I67.5,bệnh moyamoya
I67.6,huyết khối không sinh mủ của hệ tĩnh mạch nội sọ
I34.8,hẹp van hai lá không do thấp khác
I34.9,hẹp van hai lá không do thấp
I35,bệnh van động mạch chủ không do thấp
I35.0,hẹp ( van ) động mạch chủ
I35.1,hở ( van ) động mạch chủ
I40.8,viêm cơ tim cấp khác
I40.9,"viêm cơ tim cấp , không đặc hiệu"
I41*,viêm cơ tim trong bệnh phân loại nơi khác
I41.0*,viêm cơ tim trong bệnh nhiễm trùng phân loại nơi khác
I41.1*,viêm cơ tim trong bệnh do virus phân loại nơi khác
I41.2*,viêm cơ tim trong bệnh nhiễm trùng và ký sinh trùng khác phân loại nơi khác
I41.8*,viêm cơ tim trong bệnh khác phân loại nơi khác
I42,bệnh cơ tim
I65,"nghẽn tắc và hẹp động mạch trước não , không dẫn đến nhồi máu não"
I65.0,nghẽn tắc và hẹp động mạch đốt sống
I65.1,nghẽn tắc và hẹp động mạch nền
I66.3,nghẽn tắc và hẹp động mạch tiểu não
I66.4,nghẽn tắc và hẹp nhiều động mạch não hai bên
I66.8,nghẽn tắc và hẹp động mạch não khác
I66.9,"nghẽn tắc và hẹp động mạch não , không xác định"
I67,bệnh mạch máu não khác
I67.0,"tách thành động mạch não , không vỡ"
I67.1,"phình động mạch não , không vỡ"
I67.2,xơ vữa động mạch não
I67.7,"viêm động mạch não , không phân loại nơi khác"
I67.8,bệnh mạch máu não đặc hiệu khác
I67.9,bệnh mạch máu não không đặc hiệu
I68*,bệnh mạch máu não trong bệnh phân loại nơi khác
I68.0*,bệnh mạch máu não do thoái hóa dạng bột e85 . -
I68.1*,viêm động mạch não trong bệnh nhiễm trùng và ký sinh trùng phân loại nơi khác
I63.8,nhồi máu não khác
I63.9,"nhồi máu não , không đặc hiệu"
I64,"đột quỵ ( tai biến mạch máu não ) , không xác định do xuất huyết hay nhồi máu"
I68.2*,viêm động mạch não trong bệnh khác phân loại nơi khác
I68.8*,rối loạn mạch máu não khác trong các bệnh phân loại nơi khác
I69,di chứng bệnh mạch máu não
I69.0,di chứng xuất huyết dưới nhện
I66.0,nghẽn tắc và hẹp động mạch não giữa
I66.1,nghẽn tắc và hẹp động mạch não trước
I66.2,nghẽn tắc và hẹp động mạch não sau
I47,nhịp nhanh kịch phát
I47.0,loạn nhịp thất do cơ chế vòng vào lại
I47.1,nhịp nhanh kịch phát trên thất
I43.8*,bệnh cơ tim trong bệnh khác phân loại nơi khác
I44,blốc nhĩ thất và nhánh trái
I44.0,blốc nhĩ thất độ i
I44.1,blốc nhĩ thất độ ii
I44.2,"blốc nhĩ thất , hoàn toàn"
I44.3,blốc nhĩ thất khác và không xác định
I34.0,hở ( van ) hai lá
I34.1,sa ( van ) hai lá
I34.2,hẹp ( van ) hai lá không do thấp
I39.3*,bệnh van động mạch phổi trong bệnh phân loại nơi khác
I39.4*,bệnh của nhiều van trong bệnh phân loại nơi khác
I39.8*,"viêm nội tâm mạc , không xác định van , trong bệnh phân loại nơi khác"
I40,viêm cơ tim cấp
I40.0,viêm cơ tim nhiễm trùng
I40.1,viêm cơ tim đơn thuần
I32.8*,viêm màng ngoài tim trong bệnh khác phân loại nơi khác
I33,viêm nội tâm mạc cấp và bán cấp
I33.0,viêm nội tâm mạc nhiễm trùng cấp và bán cấp
I33.9,"viêm nội tâm mạc cấp , không đặc hiệu"
I34,bệnh van hai lá không do thấp
I48.0,rung nhĩ kịch phát
I48.1,rung nhĩ dai dẳng
I48.2,rung nhĩ mạn tính
I48.3,rung nhĩ điển hình
I49.1,ngoại tâm thu nhĩ
I49.2,khử cực sớm vùng bộ nối
I49.3,ngoại tâm thu thất
I49.4,khử cực sớm khác và không xác định
I46.0,ngừng tim với hồi sức thành công
I46.1,đột tử do tim ( được mô tả )
I46.9,"ngừng tim , không xác định"
I50.1,suy thất trái
I50.9,"suy tim , không đặc hiệu"
I51,biến chứng và bệnh lý chưa rõ ràng liên quan đế bệnh tim
I51.0,"thông vách ngăn tim , mắc phải"
I51.1,"đứt dây chằng van tim , không có trong phân loại nơi khác"
I51.2,"đứt cơ nhú , không có trong phân loại nơi khác"
I51.3,"huyết khối trong tim , không phân loại nơi khác"
I51.4,"viêm cơ tim , không đặc hiệu"
I51.5,thoái hóa cơ tim
I51.6,"bệnh tim mạch , không đặc hiệu"
M01.27*,"viêm khớp trong bệnh lyme ( a69 . 2 † ) , cổ và bàn chân"
M01.86*,"viêm khớp trong một số bệnh nhiễm trùng và ký sinh trùng phân loại nơi khác , cẳng chân"
M01.87*,"viêm khớp trong một số bệnh nhiễm trùng và ký sinh trùng phân loại nơi khác , cổ và bàn chân"
M01.85*,"viêm khớp trong một số bệnh nhiễm trùng và ký sinh trùng phân loại nơi khác , vùng chậu và đùi"
M02.05,"bệnh khớp sau mổ chuyển đoạn ruột , vùng chậu và đùi"
M02.06,"bệnh khớp sau mổ chuyển đoạn ruột , cẳng chân"
M02.07,"bệnh khớp sau mổ chuyển đoạn ruột , cổ và bàn chân"
M01.83*,"viêm khớp trong một số bệnh nhiễm trùng và ký sinh trùng phân loại nơi khác , cẳng tay"
M01.84*,"viêm khớp trong một số bệnh nhiễm trùng và ký sinh trùng phân loại nơi khác , bàn tay"
M02.08,"bệnh khớp sau mổ chuyển đoạn ruột , vị trí khác"
M02.09,"bệnh khớp sau mổ chuyển đoạn ruột , vị trí không xác định"
M02.1,bệnh khớp sau lỵ
M02.10,"bệnh khớp sau lỵ , nhiều vị trí"
M02.11,"bệnh khớp sau lỵ , vùng bả vai"
M02.12,"bệnh khớp sau lỵ , cánh tay"
M01.88*,"viêm khớp trong một số bệnh nhiễm trùng và ký sinh trùng phân loại nơi khác , vị trí khác"
M01.89*,"viêm khớp trong một số bệnh nhiễm trùng và ký sinh trùng phân loại nơi khác , vị trí không xác định"
M02,viêm khớp phản ứng
M02.0,bệnh khớp sau mổ chuyển đoạn ruột
M02.00,"bệnh khớp sau mổ chuyển đoạn ruột , nhiều vị trí"
M02.16,"bệnh khớp sau lỵ , cẳng chân"
M02.17,"bệnh khớp sau lỵ , cổ và bàn chân"
M02.18,"bệnh khớp sau lỵ , vị trí khác"
M02.19,"bệnh khớp sau lỵ , vị trí không xác định"
M02.2,bệnh khớp sau tiêm vaccin
M02.01,"bệnh khớp sau mổ chuyển đoạn ruột , vùng bả vai"
M02.02,"bệnh khớp sau mổ chuyển đoạn ruột , cánh tay"
M02.03,"bệnh khớp sau mổ chuyển đoạn ruột , cẳng tay"
M02.04,"bệnh khớp sau mổ chuyển đoạn ruột , bàn tay"
M02.13,"bệnh khớp sau lỵ , cẳng tay"
M02.14,"bệnh khớp sau lỵ , bàn tay"
M02.15,"bệnh khớp sau lỵ , vùng chậu và đùi"
M00.06,"viêm mủ khớp và viêm mủ nhiều khớp do tụ cầu , cẳng chân"
M00.07,"viêm mủ khớp và viêm mủ nhiều khớp do tụ cầu , cổ và bàn chân"
L83,bệnh gai đen
L84,mắt cá và chai chân
L85,dày thượng bì khác
L85.0,bệnh da vảy cá mắc phải
L85.1,bệnh dày sừng mắc phải ( da dày ) ở lòng bàn tay và bàn chân
L66.4,viêm nang lông hồng ban hình mạng lưới
L66.8,rụng tóc có sẹo khác
L66.9,"rụng tóc có sẹo , không đặc hiệu"
L67,bất thường về màu và sợi tóc
M01.33*,"viêm khớp trong các bệnh nhiễm khuẩn phân loại nơi khác , cẳng tay"
M01.34*,"viêm khớp trong các bệnh nhiễm khuẩn phân loại nơi khác , bàn tay"
M01.35*,"viêm khớp trong các bệnh nhiễm khuẩn phân loại nơi khác , vùng chậu và đùi"
M01.28*,"viêm khớp trong bệnh lyme ( a69 . 2 † ) , vị trí khác"
M01.29*,"viêm khớp trong bệnh lyme ( a69 . 2 † ) , vị trí không xác định"
M01.3*,viêm khớp trong các bệnh nhiễm khuẩn phân loại nơi khác
M01.30*,"viêm khớp trong các bệnh nhiễm khuẩn phân loại nơi khác , nhiều vị trí"
M01.31*,"viêm khớp trong các bệnh nhiễm khuẩn phân loại nơi khác , nhiều vị trí"
M01.32*,"viêm khớp trong các bệnh nhiễm khuẩn phân loại nơi khác , cánh tay"
M01.39*,"viêm khớp trong các bệnh nhiễm khuẩn phân loại nơi khác , vị trí không xác định"
M01.4*,viêm khớp trong bệnh rubella ( b06 . 8 † )
M01.40*,"viêm khớp trong bệnh rubella ( b06 . 8 † ) , nhiều vị trí"
M01.41*,"viêm khớp trong bệnh rubella ( b06 . 8 † ) , vùng bả vai"
M01.23*,"viêm khớp trong bệnh lyme ( a69 . 2 † ) , cẳng tay"
M01.26*,"viêm khớp trong bệnh lyme ( a69 . 2 † ) , cẳng chân"
M01.42*,"viêm khớp trong bệnh rubella ( b06 . 8 † ) , cánh tay"
M01.43*,"viêm khớp trong bệnh rubella ( b06 . 8 † ) , cẳng tay"
M01.44*,"viêm khớp trong bệnh rubella ( b06 . 8 † ) , bàn tay"
M01.36*,"viêm khớp trong các bệnh nhiễm khuẩn phân loại nơi khác , cẳng chân"
M01.37*,"viêm khớp trong các bệnh nhiễm khuẩn phân loại nơi khác , cổ và bàn chân"
M01.38*,"viêm khớp trong các bệnh nhiễm khuẩn phân loại nơi khác , vị trí khác"
M00.08,"viêm mủ khớp và viêm mủ nhiều khớp do tụ cầu , vị trí khác"
M00.09,"viêm mủ khớp và viêm mủ nhiều khớp do tụ cầu , vị trí không xác định"
M00.1,viêm khớp và viêm đa khớp do phế cầu
M00.10,"viêm khớp và viêm đa khớp do phế cầu , nhiều vị trí"
M00.11,"viêm khớp và viêm đa khớp do phế cầu , vùng bả vai"
M01.81*,"viêm khớp trong một số bệnh nhiễm trùng và ký sinh trùng phân loại nơi khác , vùng bả vai"
M01.82*,"viêm khớp trong một số bệnh nhiễm trùng và ký sinh trùng phân loại nơi khác , cánh tay"
M01.68*,"viêm khớp do nấm ( b35 - b49 † ) , vị trí khác"
M01.69*,"viêm khớp do nấm ( b35 - b49 † ) , vị trí không xác định"
M01.8*,viêm khớp trong một số bệnh nhiễm trùng và ký sinh trùng phân loại nơi khác
M01.80*,"viêm khớp trong một số bệnh nhiễm trùng và ký sinh trùng phân loại nơi khác , nhiều vị trí"
M01.53*,"viêm khớp trong nhiễm một số virus phân loại nơi khác , cẳng tay"
M01.54*,"viêm khớp trong nhiễm một số virus phân loại nơi khác , bàn tay"
M01.55*,"viêm khớp trong nhiễm một số virus phân loại nơi khác , vùng chậu và đùi"
M01.47*,"viêm khớp trong bệnh rubella ( b06 . 8 † ) , cổ và bàn chân"
M01.48*,"viêm khớp trong bệnh rubella ( b06 . 8 † ) , vị trí khác"
M01.49*,"viêm khớp trong bệnh rubella ( b06 . 8 † ) , vị trí không xác định"
M01.45*,"viêm khớp trong bệnh rubella ( b06 . 8 † ) , vùng chậu và đùi"
M01.46*,"viêm khớp trong bệnh rubella ( b06 . 8 † ) , cẳng chân"
M01.64*,"viêm khớp do nấm ( b35 - b49 † ) , bàn tay"
M01.65*,"viêm khớp do nấm ( b35 - b49 † ) , vùng chậu và đùi"
M01.66*,"viêm khớp do nấm ( b35 - b49 † ) , cẳng chân"
M01.67*,"viêm khớp do nấm ( b35 - b49 † ) , cổ và bàn chân"
M01.5*,viêm khớp trong nhiễm một số virus phân loại nơi khác
M01.50*,"viêm khớp trong nhiễm một số virus phân loại nơi khác , nhiều vị trí"
M01.51*,"viêm khớp trong nhiễm một số virus phân loại nơi khác , vùng bả vai"
M01.52*,"viêm khớp trong nhiễm một số virus phân loại nơi khác , cánh tay"
M01.56*,"viêm khớp trong nhiễm một số virus phân loại nơi khác , cẳng chân"
M01.57*,"viêm khớp trong nhiễm một số virus phân loại nơi khác , cổ và bàn chân"
M01.58*,"viêm khớp trong nhiễm một số virus phân loại nơi khác , vị trí khác"
M01.59*,"viêm khớp trong nhiễm một số virus phân loại nơi khác , vị trí không xác định"
M01.6*,viêm khớp do nấm ( b35 - b49 † )
M01.60*,"viêm khớp do nấm ( b35 - b49 † ) , nhiều vị trí"
M01.61*,"viêm khớp do nấm ( b35 - b49 † ) , vùng bả vai"
M01.62*,"viêm khớp do nấm ( b35 - b49 † ) , cánh tay"
M01.63*,"viêm khớp do nấm ( b35 - b49 † ) , cẳng tay"
L81.6,các bệnh khác do giảm sản xuất melanin
L81.7,bệnh da xuất huyết tăng sắc tố
L81.8,bệnh sắc tố đặc hiệu khác
L81.9,bệnh sắc tố không đặc hiệu
L82,dày sừng tiết bã
M01.20*,"viêm khớp trong bệnh lyme ( a69 . 2 † ) , nhiều vị trí"
M01.21*,"viêm khớp trong bệnh lyme ( a69 . 2 † ) , vùng bả vai"
M00.85,"viêm khớp và đa khớp do các vi khuẩn đặc hiệu khác , vùng chậu và đùi"
M00.86,"viêm khớp và đa khớp do các vi khuẩn đặc hiệu khác , cẳng chân"
M00.87,"viêm khớp và đa khớp do các vi khuẩn đặc hiệu khác , cổ và bàn chân"
M01.03*,"viêm khớp do não mô cầu ( a39 . 8 † ) , cẳng tay"
M01.04*,"viêm khớp do não mô cầu ( a39 . 8 † ) , bàn tay"
M01.05*,"viêm khớp do não mô cầu ( a39 . 8 † ) , vùng chậu và đùi"
M01.06*,"viêm khớp do não mô cầu ( a39 . 8 † ) , cẳng chân"
M00.82,"viêm khớp và đa khớp do các vi khuẩn đặc hiệu khác , cánh tay"
M00.83,"viêm khớp và đa khớp do các vi khuẩn đặc hiệu khác , cẳng tay"
M00.84,"viêm khớp và đa khớp do các vi khuẩn đặc hiệu khác , bàn tay"
M01.22*,"viêm khớp trong bệnh lyme ( a69 . 2 † ) , cánh tay"
M01.07*,"viêm khớp do não mô cầu ( a39 . 8 † ) , cổ và bàn chân"
M01.08*,"viêm khớp do não mô cầu ( a39 . 8 † ) , vị trí khác"
M00.88,"viêm khớp và đa khớp do các vi khuẩn đặc hiệu khác , vị trí khác"
M00.89,"viêm khớp và đa khớp do các vi khuẩn đặc hiệu khác , vị trí không xác định"
M00.9,viêm khớp do vi khuẩn sinh mủ không đặc hiệu
M01*,viêm khớp nhiễm khuẩn trực tiếp do các bệnh nhiễm trùng và ký sinh trùng phân loại nơi khác
M01.0*,viêm khớp do não mô cầu ( a39 . 8 † )
M01.00*,"viêm khớp do não mô cầu ( a39 . 8 † ) , nhiều vị trí"
M01.01*,"viêm khớp do não mô cầu ( a39 . 8 † ) , vùng bả vai"
M01.02*,"viêm khớp do não mô cầu ( a39 . 8 † ) , cánh tay"
M01.09*,"viêm khớp do não mô cầu ( a39 . 8 † ) , vị trí không xác định"
M01.1*,viêm khớp do lao ( a18 . 0 † )
M01.10*,"viêm khớp do lao ( a18 . 0 † ) , nhiều vị trí"
M01.11*,"viêm khớp do lao ( a18 . 0 † ) , vùng bả vai"
M01.12*,"viêm khớp do lao ( a18 . 0 † ) , cánh tay"
M01.13*,"viêm khớp do lao ( a18 . 0 † ) , cẳng tay"
M01.14*,"viêm khớp do lao ( a18 . 0 † ) , bàn tay"
M01.15*,"viêm khớp do lao ( a18 . 0 † ) , vùng chậu và đùi"
M01.16*,"viêm khớp do lao ( a18 . 0 † ) , cẳng chân"
M01.17*,"viêm khớp do lao ( a18 . 0 † ) , cổ và bàn chân"
M01.18*,"viêm khớp do lao ( a18 . 0 † ) , vị trí khác"
M01.19*,"viêm khớp do lao ( a18 . 0 † ) , vị trí không xác định"
M01.2*,viêm khớp trong bệnh lyme ( a69 . 2 † )
M00.18,"viêm khớp và viêm đa khớp do phế cầu , vị trí khác"
M00.19,"viêm khớp và viêm đa khớp do phế cầu , vị trí không xác định"
M00.2,viêm khớp và viêm đa khớp khác do liên cầu
M00.20,"viêm khớp và viêm đa khớp khác do liên cầu , nhiều vị trí"
M00.21,"viêm khớp và viêm đa khớp khác do liên cầu , vùng bả vai"
L66.0,giả rụng tóc pelade
L66.1,lichen phẳng nang lông
L66.2,viêm nang lông gây rụng tóc toàn thể
L66.3,viêm nang lông da đầu
L65.2,rụng tóc do lắng đọng chất nhầy
L65.8,rụng tóc không do sẹo đặc hiệu khác
L65.9,"rụng tóc không sẹo , không đặc hiệu"
L66,rụng tóc có sẹo
L67.0,tóc giòn có nốt
L67.1,thay đổi màu tóc
L67.8,các bất thường khác về màu tóc sợi tóc
L67.9,"các bất thường về màu tóc và sợi tóc , không đặc hiệu"
L68,rậm lông tóc
M00.28,"viêm khớp và viêm đa khớp khác do liên cầu , vị trí khác"
M00.29,"viêm khớp và viêm đa khớp khác do liên cầu , vị trí không xác định"
M00.8,viêm khớp và đa khớp do các vi khuẩn đặc hiệu khác
M00.80,"viêm khớp và đa khớp do các vi khuẩn đặc hiệu khác , nhiều vị trí"
M00.81,"viêm khớp và đa khớp do các vi khuẩn đặc hiệu khác , vùng bả vai"
M00.14,"viêm khớp và viêm đa khớp do phế cầu , bàn tay"
M00.15,"viêm khớp và viêm đa khớp do phế cầu , vùng chậu và đùi"
M00.22,"viêm khớp và viêm đa khớp khác do liên cầu , cánh tay"
M00.23,"viêm khớp và viêm đa khớp khác do liên cầu , cẳng tay"
M00.24,"viêm khớp và viêm đa khớp khác do liên cầu , bàn tay"
M00.16,"viêm khớp và viêm đa khớp do phế cầu , cẳng chân"
M00.17,"viêm khớp và viêm đa khớp do phế cầu , cổ và bàn chân"
M00.12,"viêm khớp và viêm đa khớp do phế cầu , cánh tay"
M00.13,"viêm khớp và viêm đa khớp do phế cầu , cẳng tay"
M00.25,"viêm khớp và viêm đa khớp khác do liên cầu , vùng chậu và đùi"
M00.26,"viêm khớp và viêm đa khớp khác do liên cầu , cẳng chân"
M00.27,"viêm khớp và viêm đa khớp khác do liên cầu , cổ và bàn chân"
L68.0,rậm lông
L68.1,rậm lông tơ mắc phải
L68.2,rậm lông khu trú
L68.3,đa nang tóc
L68.8,rậm lông tóc khác
L68.9,"rậm lông tóc , không đặc hiệu"
L70,trứng cá
L75,bệnh tuyến mồ hôi bán hủy ( nội tiết )
L75.0,mồ hôi có mùi
L75.1,mồ hôi có màu
L75.2,rôm tuyến mồ hôi bán hủy
L75.8,các bệnh tuyến mồ hôi bán hủy khác
L75.9,"các bệnh tuyến mồ hôi bán hủy , không đặc hiệu"
L80,bạch biến
L87.2,bệnh sợi chun đục lỗ ngoằn ngoèo
L87.8,các bệnh loại bỏ dị vật qua thượng bì khác
L87.9,"các bệnh loại bỏ dị vật qua thượng bì , không đặc hiệu"
L88,viêm da mủ hoại thư
L89,loét tì đè ( do nằm hoặc đè ép )
L89.0,loét tì đè giai đoạn i
L89.1,loét tì đè giai đoạn ii
L93.2,lupus ban đỏ khu trú khác
L94,các bệnh tổ chức liên kết khu trú khác
L94.0,xơ cứng bì khu trú ( dạng mảng )
L94.1,xơ cứng bì dạng dải
L94.2,lắng đọng calci ở da
L90.4,viêm da đầu chi teo mạn tính
L90.5,các bệnh sẹo và xơ hóa của da
L90.6,rạn da teo
L90.8,các bệnh teo da khác
L90.9,"teo da , không đặc hiệu"
L90.0,lichen xơ teo
L90.1,bệnh teo da schweninger - buzzi
L90.2,bệnh teo da jadassohn - pellizzari
L90.3,bệnh teo nhão da pàsiniva pierini
L91,các bệnh quá sản của da
L91.0,sẹo lồi
L91.8,các bệnh quá sản khác của da
L91.9,"các bệnh quá sản của da , không đặc hiệu"
L92,u hạt của da và tổ chức dưới da
L92.0,u hạt hình nhẫn
L92.1,"hoại tử mỡ , không phân loại nơi khác"
L92.2,u hạt ở mặt ( u hạt tăng bạch ái toan của da )
L92.3,u hạt ở da và tổ chức dưới da do dị vật
L89.2,loét tì đè giai đoạn iii
L89.3,loét tì đè giai đoạn iv
L89.9,"loét tì đè , không đặc hiệu"
L90,teo da
M00.04,"viêm mủ khớp và viêm mủ nhiều khớp do tụ cầu , bàn tay"
M00.05,"viêm mủ khớp và viêm mủ nhiều khớp do tụ cầu , vùng chậu và đùi"
L92.8,các bệnh u hạt ở da và tổ chức dưới da khác
L92.9,"các bệnh u hạt ở da và tổ chức dưới da , không đặc hiệu"
L93,lupus ban đỏ
L93.0,lupus ban đỏ dạng đĩa
L93.1,lupus ban đỏ bán cấp
L98.8,bệnh đặc hiệu khác ở da và tổ chức dưới da
L98.9,"bệnh ở da và tổ chức dưới da , không đặc hiệu"
L99*,bệnh khác của da và tổ chức dưới da trong các bệnh phân loại nơi khác
L99.0*,thoái hóa dạng bột ở da ( e85 . - † )
M00.00,"viêm mủ khớp và viêm mủ nhiều khớp do tụ cầu , nhiều vị trí"
M00.01,"viêm mủ khớp và viêm mủ nhiều khớp do tụ cầu , vùng bả vai"
L95.0,viêm mạch mạng lưới
L95.1,ban đỏ nổi cục rắn
L95.8,viêm mao mạch ở da
L95.9,"viêm mao mạch ở da , không đặc hiệu"
L97,"loét chi dưới , không phân loại nơi khác"
L98,bệnh khác của da và mô dưới da không phân loại nơi khác
L98.0,u hạt sinh mủ
M00.02,"viêm mủ khớp và viêm mủ nhiều khớp do tụ cầu , cánh tay"
M00.03,"viêm mủ khớp và viêm mủ nhiều khớp do tụ cầu , cẳng tay"
L98.1,viêm da tự tạo
L98.2,bệnh da tăng bạch cầu trung tính có sốt ( hội chứng sweet )
L98.3,viêm mô bào tăng bạch cầu ái toan ( hội chứng wells )
L98.4,"loét da mạn tính , không phân loại nơi khác"
L98.5,bệnh thoái hóa nhày ở da
L98.6,các bệnh có thâm nhiễm khác ở da và tổ chức dưới da
L98.7,tình trạng thừa da và thừa mô dưới da
L94.3,xơ cứng ngón
L94.4,sẩn gottron
L94.5,bệnh teo da dạng mạng lưới giãn mạch
L94.6,bệnh ainhum
L94.8,các bệnh tổ chức liên kết khu trú đặc hiệu khác
L94.9,"các bệnh tổ chức liên kết khu trú , không đặc hiệu"
L95,"viêm mao mạch ở da , không phân loại nơi khác"
L99.8*,bệnh ở da và tổ chức dưới da đặc hiệu khác trong các bệnh phân loại nơi khác
M00,viêm khớp nhiễm khuẩn do vi khuẩn sinh mủ
M00.0,viêm mủ khớp và viêm mủ nhiều khớp do tụ cầu
L72.1,kén nang tóc
L72.2,đa u tuyến bã
L72.8,các u nang khác ở da và tổ chức dưới da
L72.9,"u nang lông ở da và tổ chức dưới da , không đặc hiệu"
L70.8,trứng cá khác
L70.9,"trứng cá , không đặc hiệu"
L71,trứng cá đỏ
L71.0,viêm da quanh miệng
L71.1,mũi sư tử
L71.8,trứng cá đỏ khác
L71.9,"trứng cá đỏ , không đặc hiệu"
L72,nang lông của da và tổ chức dưới da
L72.0,kén thượng bì
L85.2,dày sừng chấm ( lòng bàn tay - bàn chân )
L85.3,khô da
L70.0,trứng cá thông thường
L70.1,trứng cá mạch lươn
L70.2,trứng cá dạng thủy đậu
L85.8,dày thượng bì đặc hiệu khác
L85.9,"dày thượng bì , không đặc hiệu"
L86*,dày sừng trong các bệnh phân loại nơi khác
L87,các bệnh loại bỏ dị vật qua thượng bì
L87.0,dày sừng nang lông và quanh nang lông ( bệnh kyrle )
L87.1,bệnh tạo keo đục lỗ phản ứng
L73,các bệnh nang lông khác
L73.0,sẹo lồi do trứng cá
L73.1,giả viêm nang lông ở cằm
L73.2,viêm tuyến mồ hôi mủ ( nhọt ổ gà )
L73.8,các bệnh nang lông đặc hiệu khác
L73.9,"bệnh nang lông , không đặc hiệu"
L74,các bệnh của tuyến mồ hôi
L70.3,trứng cá nhiệt đới
L70.4,trứng cá trẻ em
L70.5,mụn trứng cá xước
L74.0,rôm đỏ
L74.1,rôm mụn nước
L74.2,rôm sâu
L74.3,"rôm , không đặc hiệu"
L74.4,không tiết mồ hôi
L74.8,các bệnh khác của tuyến mồ hôi
L74.9,"các bệnh tuyến mồ hôi , không đặc hiệu"
L81,bệnh rối loạn sắc tố khác
L81.0,tăng sắc tố sau viêm
L81.1,rám má
L81.2,tàn nhang
L81.3,dát cà phê sữa
L81.4,bệnh tăng sắc tố do melanin khác
L81.5,bệnh da mất sắc tố không phân loại nơi khác
M01.24*,"viêm khớp trong bệnh lyme ( a69 . 2 † ) , bàn tay"
M01.25*,"viêm khớp trong bệnh lyme ( a69 . 2 † ) , vùng chậu và đùi"
M02.85,"bệnh viêm khớp phản ứng khác , vùng chậu và đùi"
M02.86,"bệnh viêm khớp phản ứng khác , cẳng chân"
M02.87,"bệnh viêm khớp phản ứng khác , cổ và bàn chân"
L04.8,viêm hạch bạch huyết cấp ở các vị trí khác
L04.9,"viêm bạch mạch huyết cấp , không đặc hiệu"
L05,kén nang lông
L05.0,kén nang lông áp xe hóa
L05.9,kén nang lông không áp xe hóa
L08,nhiễm trùng khu trú khác của da và mô dưới da
L02.1,"áp xe da , nhọt , cụm nhọt ở cổ"
L02.2,"áp xe da , nhọt , cụm nhọt ở thân"
L02.3,"áp xe da , nhọt , cụm nhọt ở mông"
L60.5,hội chứng vàng móng
L60.8,các bệnh khác của móng
L60.9,"bệnh móng khác , không đặc hiệu"
L62*,các bệnh móng trong các bệnh phân loại nơi khác
L62.0*,móng tay dùi trống do tăng sinh màng xương m89 . 4
L62.8*,các bệnh của móng trong các bệnh phân loại nơi khác
L63,rụng tóc từng mảng
L58,viêm da do quang tuyến
L58.0,viêm da do quang tuyến cấp tính
L58.1,viêm da do quang tuyến mạn tính
L58.9,"viêm da do quang tuyến , không đặc hiệu"
L59,các bệnh khác ở da và tổ chức dưới da liên quan đến bức xạ
L64,rụng tóc do nội tiết tố nam tính
L64.0,rụng tóc do thuốc nội tiết tố nam
L64.8,rụng tóc do nội tiết tố nam khác
L64.9,"rụng tóc do nội tiết tố nam , không đặc hiệu"
L65,rụng tóc không sẹo khác
L63.0,rụng tóc toàn thể
L63.1,rụng lông tóc toàn bộ
L63.2,rụng tóc dạng dải
L63.8,rụng tóc từng mảng khác
L63.9,"rụng tóc từng mảng , không đặc hiệu"
L57.3,bệnh teo da hình mạng lưới của civatt
L57.4,bệnh nhão da người già
L57.5,u hạt do ánh sáng
L57.8,biển đổi khác ở da do tiếp xúc lâu dài với bức xạ không ion hóa
L57.9,"biến đổi khác ở da do tiếp xúc lâu dài với bức xạ không ion hóa , không đặc hiệu"
L59.0,hồng ban nhiệt ( viêm da do nhiệt )
L59.8,các bệnh đặc hiệu khác ở da và tổ chức dưới da liên quan đến bức xạ
L59.9,"bệnh ở da và tổ chức dưới da liên quan đến bức xạ , không đặc hiệu"
L60,các bệnh về móng
L60.0,móng chọc thịt
L60.1,móng tách
L60.2,móng quặp
L60.3,loạn dưỡng móng
L60.4,móng rãnh beau
L56.8,biến đổi da cấp tính đặc hiệu khác do tia cực tím
L56.9,"biến đổi da cấp tính do tia cực tím , không đặc hiệu"
L57,bệnh da do tiếp xúc lâu dài với bức xạ không ion hóa
L57.0,dày sừng ánh sáng
L57.1,ban dạng lưới do ánh sáng
L57.2,bệnh dày da gáy
K73.2,"viêm gan mạn hoạt động , không phân loại nơi khác"
K73.8,"viêm gan mạn khác , không phân loại nơi khác"
K73.9,"viêm gan mạn , không đặc hiệu"
K74,gan xơ hóa và xơ gan
L40.5†,"vảy nến thể khớp ( m07 . 0 * - m07 . 3 * , m09 . 0 * )"
L40.8,vảy nến khác
L40.9,"vảy nến , không đặc hiệu"
L41,á sừng vảy nến
L30.8,viêm da đặc hiệu khác
L30.9,"viêm da , không đặc hiệu"
L40,vảy nến
L40.0,vảy nến thông thường
L40.1,vảy nến thể mủ toàn thân
L40.2,viêm da đầu chi liên tục
L40.3,vảy nến thể mủ ở gan bàn tay - bàn chân
L40.4,vảy nến thể giọt
L29.3,"ngứa hậu môn - sinh dục , không đặc hiệu"
L29.8,ngứa khác
L29.9,ngứa không đặc hiệu
L30,các viêm da khác
L30.0,chàm đồng tiền
L30.1,tổ đỉa ( chàm dạng trứng sam )
L30.2,tự mẫn cảm da
L30.3,viêm da nhiễm trùng
L30.4,viêm kẽ
L30.5,vảy phấn trắng
L41.3,á sừng vảy nến thể mảng nhỏ
L41.4,á sừng vảy nến thể mảng lớn
L41.5,á sừng vảy nến dạng lưới
L41.8,á sừng vảy nến khác
L41.9,"á sừng vảy nến , không đặc hiệu"
L42,vảy phấn hồng
L43,lichen phẳng
L43.0,lichen phẳng phì đại
L43.1,lichen phẳng bọng nước
L43.2,phản ứng thuốc dạng lichen
L43.3,lichen phẳng bán cấp ( hoạt tính )
L43.8,lichen phẳng khác
L43.9,"lichen phẳng , không đặc hiệu"
L44,các bệnh sẩn có vảy khác
L41.0,vảy phấn dạng lichen và đậu mùa cấp tính
L41.1,vảy phấn dạng lichen mạn tính
L41.2,bệnh sẩn dạng lympho
K91.5,hội chứng sau cắt túi mật
K91.8,"rối loạn sau phẫu thuật , thủ thuật khác của hệ tiêu hóa , không phân loại nơi khác"
K91.9,"rối loạn sau phẫu thuật , thủ thuật của hệ tiêu hóa , không đặc hiệu"
K92,bệnh khác của hệ tiêu hóa
K92.0,nôn ra máu
K91,rối loạn tiêu hóa sau phẫu thuật không phân loại nơi khác
K91.0,nôn mửa sau phẫu thuật dạ dày - ruột
K91.1,hội chứng sau phẫu thuật dạ dày
K91.2,"kém hấp thu sau phẫu thuật , không phân loại nơi khác"
K91.3,tắc ruột sau mổ
K91.4,suy chức năng sau mổ thông đại tràng và mổ thông đường ruột
K81.1,viêm túi mật mạn
K81.8,viêm túi mật thể khác
K81.9,"viêm túi mật , không đặc hiệu"
K82,bệnh khác của túi mật
K82.0,tắc túi mật
K82.1,tràn dịch túi mật
K71.9,"bệnh gan nhiễm độc , không đặc hiệu"
K72,"suy gan , không phân loại nơi khác"
K72.0,suy gan cấp và bán cấp
K72.1,suy gan mạn
K74.0,gan xơ hóa
K74.1,gan xơ cứng
K74.2,gan xơ hóa với gan xơ cứng
K74.3,xơ gan mật tiên phát
L03.0,viêm mô bào ở ngón tay và ngón chân
L03.1,viêm mô tế bào ở các phần khác của chi
L02.4,"áp xe da , nhọt , cụm nhọt ở chi"
L02.8,"áp xe da , nhọt , cụm nhọt ở vị trí khác"
L02.9,"áp xe da , nhọt , cụm nhọt không đặc hiệu"
L03,viêm mô bào
K93.1*,phình đại tràng trong bệnh chagas ( b57 . 3 † )
K93.8*,rối loạn cơ quan tiêu hóa đặc hiệu phân loại nơi khác
L00,hội chứng bong vảy da do tụ cầu
L01,chốc
L01.0,chốc ( bất kỳ sinh vật nào ) ( cơ quan nào ) ( bất kỳ vị trí nào )
L04.1,viêm bạch mạch huyết cấp ở thân
L04.2,viêm bạch mạch huyết cấp ở chi trên
L04.3,viêm bạch mạch huyết cấp ở chi dưới
L03.2,viêm mô bào ở mặt
L03.3,viêm mô bào ở thân
L03.8,viêm mô bào ở vị trí khác
L03.9,viêm mô bào không đặc hiệu
L04,viêm hạch bạch huyết cấp tính
L04.0,"viêm hạch bạch huyết cấp ở mặt , đầu và cổ"
L08.0,viêm da mủ
L08.1,bệnh erythrasma
L08.8,các nhiễm trùng khu trú ở da và tổ chức dưới da đặc hiệu khác
L08.9,các nhiễm trùng khu trú ở da và tổ chức dưới da không đặc hiệu
L20.0,sẩn ngứa besnier
L20.8,viêm da cơ địa khác
L20.9,"viêm da cơ địa , không đặc hiệu"
L21,viêm da dầu
L21.0,viêm da dầu ở đầu
K75.8,bệnh viêm gan đặc hiệu khác
K75.9,"bệnh viêm gan , không đặc hiệu"
K76,bệnh gan khác
K76.0,"gan ( biến đổi ) nhiễm mỡ , không phân loại nơi khác"
K76.1,xung huyết thụ động mạn tính ở gan
L13,các bệnh da có bọng nước khác
L13.0,viêm da dạng herpes
L13.1,viêm da mụn mủ dưới lớp sừng
L13.8,các bệnh lý bọng nước đặc hiệu khác
L13.9,các bệnh da bọng nước không đặc hiệu
L14*,các bệnh da bọng nước trong các bệnh phân loại nơi khác
L20,viêm da cơ địa
L23.0,viêm da tiếp xúc dị ứng do kim loại
L23.1,viêm da tiếp xúc dị ứng do keo dính
L23.2,viêm da tiếp xúc dị ứng do mỹ phẩm
L10,pemphigus
L10.0,pemphigus thông thường
L10.1,pemphigus sùi
L10.2,pemphigus vảy lá
L23.3,viêm da tiếp xúc dị ứng do thuốc
L23.4,viêm da tiếp xúc dị ứng do thuốc nhuộm
L23.5,viêm da tiếp xúc dị ứng do hóa chất khác
L10.8,các pemphigus khác
L10.9,pemphigus không đặc hiệu
L11,các bệnh da ly gai khác
L11.0,dày sừng nang lông mắc phải
L11.1,bệnh da do tiêu lớp gai thoáng qua ( grover )
L11.8,các bệnh ly gai đặc hiệu khác
L11.9,"các bệnh ly gai , không đặc hiệu"
L12,pemphigoid
L12.0,pemphigoid bọng nước
L12.1,pemphigoid sẹo
L12.2,bệnh bọng nước mạn tính ở trẻ em
L12.3,ly thượng bì bọng nước mắc phải
L12.8,pemphigoid khác
L12.9,pemphigoid không đặc hiệu
L10.3,pemphigus brazil
L10.4,pemphigus đỏ da
L10.5,pemphigus do thuốc
K82.2,thủng túi mật
K82.3,rò túi mật
K82.4,tích tụ cholesterol ở túi mật
K82.8,bệnh đặc hiệu khác của túi mật
K92.1,đi ngoài phân đen
K92.2,"xuất huyết tiêu hóa , không đặc hiệu"
K72.9,"suy gan , không đặc hiệu"
K73,"viêm gan mạn tính , không phân loại nơi khác"
K73.0,"viêm gan mạn trường diễn , không phân loại nơi khác"
K73.1,"viêm tiểu thùy gan mạn , không phân loại nơi khác"
K83.9,"bệnh đường mật , không đặc hiệu"
K85,viêm tụy cấp
K85.0,viêm tụy cấp tính tự phát
K85.1,viêm tụy cấp tính do mật
K74.4,xơ gan mật thứ phát
K74.5,xơ gan mật không đặc hiệu
K74.6,xơ gan khác và không xác định
K75,bệnh viêm gan khác
K86,bệnh tụy khác
K86.0,viêm tụy mạn do rượu
K86.1,viêm tụy mạn thể khác
K86.2,nang tụy
K86.3,nang giả tụy
K86.8,bệnh đặc hiệu khác của tụy
K85.2,viêm tụy cấp tính do rượu
K85.3,viêm tụy cấp tính do thuốc
K85.8,viêm tụy cấp khác
K85.9,"viêm tụy cấp tính , không đặc hiệu"
K90.2,"hội chứng quai tới , không phân loại nơi khác"
K90.3,tiêu chảy phân mỡ do tụy
K90.4,"kém hấp thụ do không dung nạp , không phân loại nơi khác"
K90.8,ruột kém hấp thu khác
K90.9,"ruột kém hấp thu , không đặc hiệu"
K86.9,"bệnh tụy , không đặc hiệu"
K87*,"rối loạn của túi mật , đường mật và tụy phân loại nơi khác"
K87.0*,rối loạn của túi mật và đường mật phân loại nơi khác
K87.1*,rối loạn tụy trong phân loại nơi khác
K90,ruột kém hấp thu
K90.0,bệnh coeliac
K90.1,tiêu chảy nhiệt đới
K92.8,bệnh hệ tiêu hóa đặc hiệu khác
K92.9,"bệnh hệ tiêu hóa , không đặc hiệu"
K93*,rối loạn của cơ quan tiêu hóa phân loại nơi khác
K93.0*,"bệnh lao ở ruột , phúc mạc và tuyến mạc treo ( a18 . 3 † )"
L21.1,viêm da dầu ở trẻ em
L21.8,viêm da dầu khác
L21.9,viêm da dầu không đặc hiệu
L22,viêm da tã lót
L23,viêm da tiếp xúc dị ứng
L44.0,vảy phấn đỏ nang lông
L44.1,lichen hình chuỗi hạt
L44.2,lichen thành dải
L44.3,lichen dạng vằn
L44.4,viêm da đầu chi dạng sẩn ở trẻ em ( glannotti - crosti )
L51.2,hoại tử thượng bì nhiễm độc ( lyell )
L51.8,hồng ban đa dạng khác
L51.9,"hồng ban đa dạng , không đặc hiệu"
L52,hồng ban nút
L53,các trạng thái hồng ban khác
L53.0,hồng ban do nhiễm độc
L53.1,hồng ban hình nhẫn
L50.8,mày đay khác
L50.9,"mày đay , không đặc hiệu"
L51,hồng ban đa dạng
L51.0,hồng ban đa dạng không có bọng nước
L51.1,hồng ban đa dạng có bọng nước
L50.1,mày đay tự phát
L50.2,mày đay do lạnh và nóng
L50.3,da vẽ nổi
L53.2,hồng ban hình bản đồ
L53.3,hồng ban mạn tính khác
L53.8,các tình trạng hồng ban đặc hiệu khác
L53.9,"các tình trạng hồng ban , không đặc hiệu"
L54*,hồng ban trong các bệnh phân loại nơi khác
L54.0*,hồng ban hình bản đồ trong thấp khớp cấp có sốt i00
L54.8*,hồng ban trong các bệnh phân loại nơi khác
L55,bỏng nắng
L55.0,bỏng nắng độ một
L55.1,bỏng nắng độ hai
L55.2,bỏng nắng độ ba
L55.8,bỏng nắng khác
L50.4,mày đay do rung động
L50.5,mày đay do cholin
L50.6,mày đay tiếp xúc
L55.9,"bỏng nắng , không đặc hiệu"
L56,biến đổi da cấp tính khác do bức xạ tia cực tím
L56.0,nhiễm độc ánh sáng do thuốc
L56.1,phản ứng quá mẫn với ánh sáng do thuốc
L56.2,viêm da tiếp xúc ánh sáng ( viêm da berloque )
L56.3,mày đay do ánh nắng
L56.4,phát ban đa dạng do ánh sáng
L44.8,các bệnh sẩn có vảy đặc hiệu khác
L44.9,"các bệnh sẩn có vảy , không đặc hiệu"
L45*,các bệnh sẩn có vảy trong các bệnh phân loại nơi khác
L50,mày đay
L50.0,mày đay dị ứng
L01.1,chốc hóa của các bệnh da khác
L02,"áp xe da , nhọt , nhọt cụm"
L02.0,"áp xe da , nhọt và cụm nhọt ở mặt"
L24.4,viêm da tiếp xúc kích ứng do thuốc tại chỗ
L24.5,viêm da tiếp xúc kích ứng do các hóa chất khác
L24.6,viêm da tiếp xúc kích ứng do thực phẩm
L24.7,"viêm da tiếp xúc kích ứng do thực vật , ngoại trừ thực phẩm"
L25.2,viêm da tiếp xúc không đặc hiệu do thuốc nhuộm
L25.3,viêm da tiếp xúc không đặc hiệu do hóa chất khác
L25.4,viêm da tiếp xúc không đặc hiệu do thực phẩm
L25.5,"viêm da tiếp xúc không đặc hiệu , do thực vật , trừ thực phẩm"
L25.8,"viêm da tiếp xúc không đặc hiệu , do tác nhân khác"
L25.9,"viêm da tiếp xúc không đặc hiệu , không xác định nguyên nhân"
L26,đỏ da toàn thân
L27,viêm da do các chất được đưa vào trong cơ thể
L27.0,phát ban toàn thân do dược chất và thuốc
L27.1,phát ban khu trú do dược chất và thuốc
L27.2,viêm da do thức ăn
L27.8,viêm da do các chất khác đưa vào trong cơ thể
L27.9,viêm da do các chất không đặc hiệu đưa vào trong cơ thể
L28,lichen đơn dạng mạn tính và sẩn ngứa
L28.0,lichen đơn dạng mạn tính
L28.1,sẩn cục
L28.2,sẩn ngứa khác
L29,ngứa
L24.8,viêm da tiếp xúc kích ứng do tác nhân khác
L24.9,"viêm da tiếp xúc kích ứng , nguyên nhân không đặc hiệu"
L25,viêm da tiếp xúc không đặc hiệu
L25.0,"viêm da tiếp xúc không đặc hiệu , do mỹ phẩm"
L25.1,"viêm da tiếp xúc không đặc hiệu , do thuốc"
L29.0,ngứa hậu môn
L29.1,ngứa bìu
L29.2,ngứa âm hộ
L23.9,"viêm da tiếp xúc dị ứng , nguyên nhân không đặc hiệu"
L24,viêm da tiếp xúc kích ứng
L24.0,viêm da tiếp xúc kích ứng do chất tẩy rửa
L24.1,viêm da tiếp xúc kích ứng do dầu mỡ
L24.2,viêm da tiếp xúc kích ứng do dung môi
L24.3,viêm da tiếp xúc kích ứng do mỹ phẩm
L23.6,viêm da tiếp xúc dị ứng do thực phẩm
L23.7,"viêm da tiếp xúc dị ứng do thực vật , ngoại trừ thực phẩm"
L23.8,viêm da tiếp xúc dị ứng do tác nhân khác
K76.6,tăng áp lực tĩnh mạch cửa
K76.7,hội chứng gan - thận
K76.8,bệnh gan đặc hiệu khác
K76.9,"bệnh gan , không đặc hiệu"
K77*,rối loạn chức năng gan trong bệnh phân loại nơi khác
K77.0*,rối loạn chức năng gan trong bệnh nhiễm trùng và nhiễm ký sinh trùng phân loại nơi khác
K83.3,rò đường mật
K83.4,co thắt cơ vòng oddi
K83.5,nang đường mật
K83.8,bệnh đặc hiệu khác của đường mật
K71.3,bệnh gan nhiễm độc có viêm gan mạn dai dẳng
K71.4,bệnh gan nhiễm độc có viêm tiểu thùy gan mạn
K71.5,bệnh gan nhiễm độc có viêm gan mạn hoạt động
K71.6,"bệnh gan nhiễm độc có viêm gan , không phân loại nơi khác"
K77.8*,rối loạn chức năng gan trong bệnh phân loại nơi khác
K80,sỏi mật
K80.0,sỏi túi mật có viêm túi mật cấp
K80.1,sỏi túi mật có viêm túi mật khác
K71.7,bệnh gan nhiễm độc có xơ hóa và xơ gan
K71.8,bệnh gan nhiễm độc có rối loạn khác của gan
K76.2,hoại tử xuất huyết trung tâm tiểu thùy gan
K76.3,nhồi máu gan
K76.4,bệnh ứ máu xoang gan
K76.5,bệnh tắc tĩnh mạch trên gan
K82.9,"bệnh của túi mật , không đặc hiệu"
K83,bệnh khác của đường mật
K83.0,viêm đường mật
K83.1,tắc ống mật
K83.2,thủng đường mật
K80.2,sỏi túi mật không có viêm túi mật
K80.3,sỏi ống mật có viêm đường mật
K80.4,sỏi đường mật có viêm túi mật
K80.5,sỏi mật không viêm đường mật hay viêm túi mật
K80.8,sỏi mật khác
K81,viêm túi mật
K81.0,viêm túi mật cấp
K75.0,áp xe ở gan
K75.1,viêm tĩnh mạch của tĩnh mạch cửa
K75.2,"viêm gan tái hoạt động , không đặc hiệu"
K75.3,"viêm gan dạng u hạt , không phân loại nơi khác"
K75.4,viêm gan tự miễn
J35.8,bệnh mạn tính khác của amiđan và va
L65.0,rụng tóc ở giai đoạn ngừng phát triển của tóc
L65.1,rụng tóc ở giai đoạn đầu của sự phát triển tóc
M24.24,"bệnh dây chằng , bàn tay"
M24.25,"bệnh dây chằng , vùng chậu và đùi"
M24.27,"bệnh dây chằng , cổ và bàn chân"
M24.28,"bệnh dây chằng , vị trí khác"
M24.29,"bệnh dây chằng , vị trí không xác định"
M24.3,"trật và bán trật bệnh lý của khớp , không phân loại nơi khác"
M24.30,"trật và bán trật bệnh lý của khớp , không phân loại nơi khác , nhiều vị trí"
M24.31,"trật và bán trật bệnh lý của khớp , không phân loại nơi khác , vùng bả vai"
M24.32,"trật và bán trật bệnh lý của khớp , không phân loại nơi khác , cánh tay"
M24.38,"trật và bán trật bệnh lý của khớp , không phân loại nơi khác , vị trí khác"
M24.39,"trật và bán trật bệnh lý của khớp , không phân loại nơi khác , vị trí không xác định"
M24.4,trật và bán trật khớp tái diễn của khớp
M24.42,"trật và bán trật khớp tái phát của khớp , cánh tay"
M24.43,"trật và bán trật khớp tái diễn của khớp , cẳng tay"
M24.36,"trật và bán trật bệnh lý của khớp , không phân loại nơi khác , cẳng chân"
M24.37,"trật và bán trật bệnh lý của khớp , không phân loại nơi khác , cổ và bàn chân"
M24.40,"trật và bán trật khớp tái diễn của khớp , nhiều vị trí"
M24.41,"trật và bán trật khớp tái diễn của khớp , vùng bả vai"
M24.44,"trật và bán trật khớp tái diễn của khớp , bàn tay"
M24.45,"trật và bán trật khớp tái diễn của khớp , vùng chậu và đùi"
M24.48,"trật và bán trật khớp tái diễn của khớp , vị trí khác"
M24.49,"trật và bán trật khớp tái diễn của khớp , vị trí không xác định"
M24.5,cứng khớp
M24.50,"cứng khớp , nhiều vị trí"
M24.51,"cứng khớp , vùng bả vai"
M24.46,"trật và bán trật khớp tái diễn của khớp , cẳng chân"
M24.47,"trật và bán trật khớp tái diễn của khớp , cổ và bàn chân"
M24.33,"trật và bán trật bệnh lý của khớp , không phân loại nơi khác , cẳng tay"
M24.34,"trật và bán trật bệnh lý của khớp , không phân loại nơi khác , bàn tay"
M24.35,"trật và bán trật bệnh lý của khớp , không phân loại nơi khác , vùng chậu và đùi"
M23.93,"bệnh bên trong khớp gối không đặc hiệu , dây chằng bên trong hoặc sụn chêm trong không đặc hiệu và các loại khác"
M23.94,"bệnh bên trong khớp gối không đặc hiệu , dây chằng bên ngoài hoặc sừng trước của sụn chêm ngoài"
M23.95,"bệnh bên trong khớp gối không đặc hiệu , sừng sau của sụn chêm ngoài"
M23.96,"bệnh bên trong khớp gối không đặc hiệu , sụn chêm ngoài không đặc hiệu và các loại khác"
M23.97,"bệnh bên trong khớp gối không đặc hiệu , dây chằng bao khớp"
M23.99,"bệnh bên trong khớp gối không đặc hiệu , dây chằng không đặc hiệu hoặc sụn chêm không đặc hiệu"
M24,các tổn thương xác định khác ở khớp
M22,các bất thường của xương bánh chè
M22.0,trật xương bánh chè tái diễn
M22.1,bán trật xương bánh chè tái diễn
M21.6,các biến dạng mắc phải khác của cổ chân và bàn chân
M21.60,"các biến dạng mắc phải khác của cổ chân và bàn chân , nhiều vị trí"
M21.67,"các biến dạng mắc phải khác của cổ chân và bàn chân , cổ và bàn chân"
M21.7,chi lệch ( mắc phải )
M24.11,"các bệnh sụn khớp khác , vùng bả vai"
M24.12,"các bệnh sụn khớp khác , cánh tay"
M24.13,"các bệnh sụn khớp khác , cẳng tay"
M24.14,"các bệnh sụn khớp khác , bàn tay"
M24.15,"các bệnh sụn khớp khác , vùng chậu và đùi"
M24.17,"các bệnh sụn khớp khác , cổ và bàn chân"
M24.04,"dị vật nội khớp , bàn tay"
M24.05,"dị vật nội khớp , vùng chậu và đùi"
M24.07,"dị vật nội khớp , cổ và bàn chân"
M24.08,"dị vật nội khớp , vị trí khác"
M24.09,"dị vật nội khớp , vị trí không xác định"
M24.1,các bệnh sụn khớp khác
M24.10,"các bệnh sụn khớp khác , nhiều vị trí"
M24.01,"dị vật nội khớp , vùng bả vai"
M24.02,"dị vật nội khớp , cánh tay"
M24.03,"dị vật nội khớp , cẳng tay"
M24.0,dị vật nội khớp
M24.00,"dị vật nội khớp , nhiều vị trí"
M24.18,"các bệnh sụn khớp khác , vị trí khác"
M24.19,"các bệnh sụn khớp khác , vị trí không xác định"
M24.2,bệnh dây chằng
M24.20,"bệnh dây chằng , nhiều vị trí"
M24.21,"bệnh dây chằng , vùng bả vai"
M24.22,"bệnh dây chằng , cánh tay"
M24.23,"bệnh dây chằng , cẳng tay"
M21.24,"biến dạng gấp , bàn tay"
M21.25,"biến dạng gấp , vùng chậu và đùi"
M21.26,"biến dạng gấp , cẳng chân"
M21.27,"biến dạng gấp , cổ và bàn chân"
M23.02,kén ( nang ) sụn chêm dây chằng chéo sau hoặc sừng sau của sụn chêm trong
M23.03,kén ( nang ) sụn chêm dây chằng bên trong hoặc sụn chêm khác và không xác định
M23.04,kén ( nang ) sụn chêm dây chằng bên ngoài hoặc sừng trước của sụn chêm ngoài
M23.05,kén ( nang ) sụn chêm sừng sau của sụn chêm ngoài
M19.07,"thoái hóa khớp nguyên phát ở các khớp khác , cổ và bàn chân"
M19.08,"thoái hóa khớp nguyên phát ở các khớp khác , vị trí khác"
M19.09,"thoái hóa khớp nguyên phát ở các khớp khác , vị trí không xác định"
M19.1,thoái hóa khớp sau chấn thương ở các khớp khác
M23.0,kén ( nang ) sụn chêm
M23.00,kén ( nang ) sụn chêm nhiều vị trí
M23.01,kén ( nang ) sụn chêm dây chằng chéo trước hoặc sừng trước của sụn chêm trong
M23.16,sụn chêm dạng đĩa ( bẩm sinh ) sụn chêm ngoài khác và không đặc hiệu
M23.19,sụn chêm dạng đĩa ( bẩm sinh ) dây chằng không xác định hoặc sụn chêm không xác định
M23.2,sụn chêm di lệch do tổn thương rách hay chấn thương cũ
M23.20,sụn chêm di lệch do tổn thương rách hay chấn thương cũ nhiều vị trí
M23.21,sụn chêm di lệch do tổn thương rách hay chấn thương cũ dây chằng chéo trước hoặc sừng trước của sụn chêm trong
M23.06,kén ( nang ) sụn chêm ngoài khác và không xác định
M23.09,kén ( nang ) sụn chêm dây chằng không xác định hoặc sụn chêm không xác định
M23.1,sụn chêm dạng đĩa ( bẩm sinh )
M23.10,sụn chêm dạng đĩa ( bẩm sinh ) nhiều vị trí
M23.14,sụn chêm dạng đĩa ( bẩm sinh ) dây chằng bên ngoài hoặc sừng trước của sụn chêm ngoài
M23.15,sụn chêm dạng đĩa ( bẩm sinh ) sừng sau của sụn chêm ngoài
M22.8,các bệnh lý khác của xương bánh chè
M22.9,các bất thường của xương bánh chè không đặc hiệu
M23,tổn thương bên trong khớp gối
M23.11,sụn chêm dạng đĩa ( bẩm sinh ) dây chằng chéo sau hoặc sừng sau của sụn chêm trong
M23.12,sụn chêm dạng đĩa ( bẩm sinh ) dây chằng bên trong hoặc sụn chêm khác và không xác định
M23.13,sụn chêm dạng đĩa ( bẩm sinh ) dây chằng bên trong hoặc sụn chêm trong khác và không xác định
M22.2,bất thường khớp đùi bánh chè
M22.3,các loại trật khác của xương bánh chè
M22.4,chứng nhuyễn sụn xương bánh chè
M19.92,"thoái hóa khớp không đặc hiệu , cánh tay"
M19.93,"thoái hóa khớp không đặc hiệu , cẳng tay"
M19.94,"thoái hóa khớp không đặc hiệu , bàn tay"
M19.95,"thoái hóa khớp không đặc hiệu , vùng chậu và đùi"
M19.97,"thoái hóa khớp không đặc hiệu , cổ và bàn chân"
M19.98,"thoái hóa khớp không đặc hiệu , vị trí khác"
M19.99,"thoái hóa khớp không đặc hiệu , vị trí không xác định"
M20,biến dạng mắc phải của ngón tay và ngón chân
M19.11,"thoái hóa khớp sau chấn thương ở các khớp khác , vùng bả vai"
M19.12,"thoái hóa khớp sau chấn thương ở các khớp khác , cánh tay"
M19.13,"thoái hóa khớp sau chấn thương ở các khớp khác , cẳng tay"
M19.14,"thoái hóa khớp sau chấn thương ở các khớp khác , bàn tay"
M21.83,"biến dạng mắc phải đặc hiệu khác của chi , cẳng tay"
M21.84,"biến dạng mắc phải đặc hiệu khác của chi , bàn tay"
M21.85,"biến dạng mắc phải đặc hiệu khác của chi , vùng chậu và đùi"
M21.76,"chi lệch ( mắc phải ) , cẳng chân"
M21.77,"chi lệch ( mắc phải ) , cổ và bàn chân"
M21.8,biến dạng mắc phải đặc hiệu khác của chi
M18.2,"thoái hóa khớp cổ bàn ngón tay cái sau chấn thương , 2 bên"
M18.3,thoái hóa khớp cổ bàn ngón cái sau chấn thương khác
M18.4,"thoái hóa khớp cổ bàn ngón tay cái thứ phát khác , 2 bên"
M21.70,"chi lệch ( mắc phải ) , nhiều vị trí"
M21.71,"chi lệch ( mắc phải ) , vùng bả vai"
M21.72,"chi lệch ( mắc phải ) , cánh tay"
M21.86,"biến dạng mắc phải đặc hiệu khác của chi , cẳng chân"
M21.87,"biến dạng mắc phải đặc hiệu khác của chi , cổ và bàn chân"
M21.73,"chi lệch ( mắc phải ) , cẳng tay"
M21.74,"chi lệch ( mắc phải ) , bàn tay"
M21.75,"chi lệch ( mắc phải ) , vùng chậu và đùi"
M21.90,"biến dạng mắc phải không đặc hiệu của chi , nhiều vị trí"
M21.91,"biến dạng mắc phải không đặc hiệu của chi , vùng bả vai"
M21.92,"biến dạng mắc phải không đặc hiệu của chi , cánh tay"
M21.93,"biến dạng mắc phải không đặc hiệu của chi , cẳng tay"
M21.94,"biến dạng mắc phải không đặc hiệu của chi , bàn tay"
M21.95,"biến dạng mắc phải không đặc hiệu của chi , vùng chậu và đùi"
M21.96,"biến dạng mắc phải không đặc hiệu của chi , cẳng chân"
M21.97,"biến dạng mắc phải không đặc hiệu của chi , cổ và bàn chân"
M21.99,"biến dạng mắc phải không đặc hiệu của chi , vị trí không xác định"
M21.80,"biến dạng mắc phải đặc hiệu khác của chi , nhiều vị trí"
M21.81,"biến dạng mắc phải đặc hiệu khác của chi , vùng bả vai"
M21.82,"biến dạng mắc phải đặc hiệu khác của chi , cánh tay"
M23.22,sụn chêm di lệch do tổn thương rách hay chấn thương cũ dây chằng chéo sau hoặc sừng sau của sụn chêm trong
M23.23,sụn chêm di lệch do tổn thương rách hay chấn thương cũ dây chằng bên trong hoặc sụn chêm khác và không xác định
M23.24,sụn chêm di lệch do tổn thương rách hay chấn thương cũ dây chằng bên ngoài hoặc sừng trước của sụn chêm ngoài
M23.25,sụn chêm di lệch do tổn thương rách hay chấn thương cũ sừng sau của sụn chêm ngoài
M23.26,sụn chêm di lệch do tổn thương rách hay chấn thương cũ sụn chêm ngoài khác và không xác định
M23.29,sụn chêm di lệch do tổn thương rách hay chấn thương cũ dây chằng không xác định hoặc sụn chêm không xác định
M23.3,các tổn thương sụn chêm khác
M23.30,"các tổn thương sụn chêm khác , nhiều vị trí"
M23.64,"các đứt tự phát khác của dây chằng khớp gối , dây chằng bên ngoài hoặc sừng trước của sụn chêm ngoài"
M23.67,"các đứt tự phát khác của dây chằng khớp gối , dây chằng bao khớp"
M23.69,"các đứt tự phát khác của dây chằng khớp gối , dây chằng không đặc hiệu hoặc sụn chêm không đặc hiệu"
M23.8,các bệnh bên trong khác của khớp gối
M23.80,"các bệnh bên trong khác của khớp gối , nhiều vị trí"
M23.36,"các tổn thương sụn chêm khác , sụn chêm ngoài không đặc hiệu và các loại khác"
M23.39,"các tổn thương sụn chêm khác , dây chằng không đặc hiệu hoặc sụn chêm không đặc hiệu"
M23.4,dị vật khớp gối
M23.40,"dị vật khớp gối , nhiều vị trí"
M23.41,"dị vật khớp gối , dây chằng chéo trước hoặc sừng trước của sụn chêm trong"
M23.81,"các bệnh bên trong khác của khớp gối , dây chằng chéo trước hoặc sừng trước của sụn chêm trong"
M23.82,"các bệnh bên trong khác của khớp gối , dây chằng chéo sau hoặc sừng sau của sụn chêm trong"
M23.83,"các bệnh bên trong khác của khớp gối , dây chằng bên trong hoặc sụn chêm trong không đặc hiệu và các loại khác"
M23.84,"các bệnh bên trong khác của khớp gối , dây chằng bên ngoài hoặc sừng trước của sụn chêm ngoài"
M23.85,"các bệnh bên trong khác của khớp gối , sừng sau của sụn chêm ngoài"
M23.49,"dị vật khớp gối , dây chằng không đặc hiệu hoặc sụn chêm không đặc hiệu"
M23.5,tổn thương mất vững mạn tính của khớp gối
M23.50,"tổn thương mất vững mạn tính của khớp gối , nhiều vị trí"
M23.51,"tổn thương mất vững mạn tính của khớp gối , dây chằng chéo trước hoặc sừng trước của sụn chêm trong"
M23.86,"các bệnh bên trong khác của khớp gối , sụn chêm ngoài không đặc hiệu và các loại khác"
M23.87,"các bệnh bên trong khác của khớp gối , dây chằng bao khớp"
M23.89,"các bệnh bên trong khác của khớp gối , dây chằng không đặc hiệu hoặc sụn chêm không đặc hiệu"
M23.9,bệnh bên trong khớp gối không đặc hiệu
M23.90,"bệnh bên trong khớp gối không đặc hiệu , nhiều vị trí"
M23.91,"bệnh bên trong khớp gối không đặc hiệu , dây chằng chéo trước hoặc sừng trước của sụn chêm trong"
M23.92,"bệnh bên trong khớp gối không đặc hiệu , dây chằng chéo sau hoặc sừng sau của sụn chêm trong"
M23.57,"tổn thương mất vững mạn tính của khớp gối , dây chằng bao khớp"
M23.59,"tổn thương mất vững mạn tính của khớp gối , dây chằng không đặc hiệu hoặc sụn chêm không đặc hiệu"
M23.6,các đứt tự phát khác của dây chằng khớp gối
M23.60,"các đứt tự phát khác của dây chằng khớp gối , nhiều vị trí"
M23.61,"các đứt tự phát khác của dây chằng khớp gối , dây chằng chéo trước hoặc sừng trước của sụn chêm trong"
M23.62,"các đứt tự phát khác của dây chằng khớp gối , dây chằng chéo sau hoặc sừng sau của sụn chêm trong"
M23.63,"các đứt tự phát khác của dây chằng khớp gối , dây chằng bên trong hoặc sụn chêm trong không đặc hiệu và các loại khác"
M23.31,"các tổn thương sụn chêm khác , dây chằng chéo trước hoặc sừng trước của sụn chêm trong"
M23.32,"các tổn thương sụn chêm khác , dây chằng chéo sau hoặc sừng sau của sụn chêm trong"
M23.33,"các tổn thương sụn chêm khác , dây chằng bên trong hoặc sụn chêm trong không đặc hiệu và các loại khác"
M23.34,"các tổn thương sụn chêm khác , dây chằng bên ngoài hoặc sừng trước của sụn chêm ngoài"
M23.35,"các tổn thương sụn chêm khác , sừng sau của sụn chêm ngoài"
M23.52,"tổn thương mất vững mạn tính của khớp gối , dây chằng chéo sau hoặc sừng sau của sụn chêm trong"
M23.53,"tổn thương mất vững mạn tính của khớp gối , dây chằng bên trong hoặc sụn chêm trong không đặc hiệu và các loại khác"
M23.54,"tổn thương mất vững mạn tính của khớp gối , dây chằng bên ngoài hoặc sừng trước của sụn chêm ngoài"
M23.55,"tổn thương mất vững mạn tính của khớp gối , sừng sau của sụn chêm ngoài"
M23.56,"tổn thương mất vững mạn tính của khớp gối , sụn chêm ngoài không đặc hiệu và các loại khác"
M23.42,"dị vật khớp gối , dây chằng chéo sau hoặc sừng sau của sụn chêm trong"
M23.43,"dị vật khớp gối , dây chằng bên trong hoặc sụn chêm trong không đặc hiệu và các loại khác"
M23.44,"dị vật khớp gối , dây chằng bên ngoài hoặc sừng trước của sụn chêm ngoài"
M23.45,"dị vật khớp gối , sừng sau của sụn chêm ngoài"
M23.46,"dị vật khớp gối , sụn chêm ngoài không đặc hiệu và các loại khác"
M23.47,"dị vật khớp gối , dây chằng bao khớp"
M24.52,"cứng khớp , cánh tay"
M24.53,"cứng khớp , cẳng tay"
M24.54,"cứng khớp , bàn tay"
M24.55,"cứng khớp , vùng chậu và đùi"
M24.56,"cứng khớp , cẳng chân"
M24.57,"cứng khớp , cổ và bàn chân"
M24.58,"cứng khớp , vị trí khác"
M24.59,"cứng khớp , vị trí không xác định"
M24.6,dính khớp
M24.60,"dính khớp , nhiều vị trí"
M24.61,"dính khớp , vùng bả vai"
M24.62,"dính khớp , cánh tay"
M24.63,"dính khớp , cẳng tay"
M24.64,"dính khớp , bàn tay"
M24.81,"các tổn thương khớp đặc hiệu khác , không phân loại nơi khác , vùng bả vai"
M24.82,"các tổn thương khớp đặc hiệu khác , không phân loại nơi khác , cánh tay"
M24.83,"các tổn thương khớp đặc hiệu khác , không phân loại nơi khác , cẳng tay"
M24.84,"các tổn thương khớp đặc hiệu khác , không phân loại nơi khác , bàn tay"
M24.65,"dính khớp , vùng chậu và đùi"
M24.66,"dính khớp , cẳng chân"
M24.67,"dính khớp , cổ và bàn chân"
M24.68,"dính khớp , vị trí khác"
M24.69,"dính khớp , vị trí không xác định"
M24.7,lồi vào trong ổ cối ( protrusioacetabuli )
M24.8,"các tổn thương khớp đặc hiệu khác , không phân loại nơi khác"
M24.80,"các tổn thương khớp đặc hiệu khác , không phân loại nơi khác , nhiều vị trí"
M25,"bệnh khớp khác , không phân loại nơi khác"
M25.0,tràn máu khớp
M25.00,"tràn máu khớp , nhiều vị trí"
M25.01,"tràn máu khớp , vùng bả vai"
M25.02,"tràn máu khớp , cánh tay"
M25.03,"tràn máu khớp , cẳng tay"
M25.04,"tràn máu khớp , bàn tay"
M24.89,"các tổn thương khớp đặc hiệu khác , không phân loại nơi khác , vị trí không xác định"
M24.9,những bệnh lý khớp không đặc hiệu
M24.90,"những bệnh lý khớp không đặc hiệu , nhiều vị trí"
M24.91,"những bệnh lý khớp không đặc hiệu , vùng bả vai"
M24.92,"những bệnh lý khớp không đặc hiệu , cánh tay"
M24.93,"những bệnh lý khớp không đặc hiệu , cẳng tay"
M24.94,"những bệnh lý khớp không đặc hiệu , bàn tay"
M24.95,"những bệnh lý khớp không đặc hiệu , vùng chậu và đùi"
M24.97,"những bệnh lý khớp không đặc hiệu , cổ và bàn chân"
M24.98,"những bệnh lý khớp không đặc hiệu , vị trí khác"
M24.99,"những bệnh lý khớp không đặc hiệu , vị trí không xác định"
M24.85,"các tổn thương khớp đặc hiệu khác , không phân loại nơi khác , vùng chậu và đùi"
M24.87,"các tổn thương khớp đặc hiệu khác , không phân loại nơi khác , cổ và bàn chân"
M24.88,"các tổn thương khớp đặc hiệu khác , không phân loại nơi khác , vị trí khác"
M21.0,"biến dạng vẹo ra ngoài , không phân loại nơi khác"
M21.00,"biến dạng vẹo ra ngoài , không phân loại nơi khác , nhiều vị trí"
M21.02,"biến dạng vẹo ra ngoài , không phân loại nơi khác , cánh tay"
M21.05,"biến dạng vẹo ra ngoài , không phân loại nơi khác , vùng chậu và đùi"
M17.5,thoái hóa khớp gối thứ phát khác
M17.9,thoái hóa khớp gối không đặc hiệu
M18,thoái hóa khớp cổ - bàn ngón tay cái
M21.10,"biến dạng vẹo vào trong , không phân loại nơi khác , nhiều vị trí"
M21.12,"biến dạng vẹo vào trong , không phân loại nơi khác , cánh tay"
M21.15,"biến dạng vẹo vào trong , không phân loại nơi khác , vùng chậu và đùi"
M18.0,"thoái hóa khớp cổ bàn ngón tay cái , 2 bên"
M18.1,thoái hóa nguyên phát khác của khớp cổ - bàn ngón cái
M21.4,biến dạng bàn chân phẳng ( mắc phải )
M21.5,"biến dạng bàn tay quặp , bàn tay vẹo , bàn chân quặp , bàn chân vẹo ( mắc phải )"
M21.50,"biến dạng bàn tay quặp , bàn tay vẹo , bàn chân quặp , bàn chân vẹo ( mắc phải ) , nhiều vị trí"
M21.54,"biến dạng bàn tay quặp , bàn tay vẹo , bàn chân quặp , bàn chân vẹo ( mắc phải ) , bàn tay"
M21.57,"biến dạng bàn tay quặp , bàn tay vẹo , bàn chân quặp , bàn chân vẹo ( mắc phải ) , cổ và bàn chân"
M21.16,"biến dạng vẹo vào trong , không phân loại nơi khác , cẳng chân"
M21.17,"biến dạng vẹo vào trong , không phân loại nơi khác , cổ và bàn chân"
M21.19,"biến dạng vẹo vào trong , không phân loại nơi khác , vị trí không xác định"
M21.2,biến dạng gấp
M21.28,"biến dạng gấp , vị trí khác"
M21.29,"biến dạng gấp , vị trí không xác định"
M21.30,"biến dạng cổ tay hoặc bàn chân rủ ( mắc phải ) , nhiều vị trí"
M21.33,"biến dạng cổ tay hoặc bàn chân rủ ( mắc phải ) , cẳng tay"
M21.34,"biến dạng cổ tay hoặc bàn chân rủ ( mắc phải ) , bàn tay"
M21.37,"biến dạng cổ tay hoặc bàn chân rủ ( mắc phải ) , cổ và bàn chân"
M21.06,"biến dạng vẹo ra ngoài , không phân loại nơi khác , cẳng chân"
M21.07,"biến dạng vẹo ra ngoài , không phân loại nơi khác , cổ và bàn chân"
M21.08,"biến dạng vẹo ra ngoài , không phân loại nơi khác , vị trí khác"
M21.1,"biến dạng vẹo vào trong , không phân loại nơi khác"
M21.20,"biến dạng gấp , nhiều vị trí"
M21.21,"biến dạng gấp , vùng bả vai"
M21.22,"biến dạng gấp , cánh tay"
M21.23,"biến dạng gấp , cẳng tay"
M20.5,các biến dạng khác của ngón chân ( mắc phải )
M20.6,các biến dạng mắc phải khác của ngón chân không đặc hiệu
M21,biến dạng mắc phải khác của chi
M19.27,"thoái hóa khớp thứ phát khác , cổ và bàn chân"
M19.28,"thoái hóa khớp thứ phát khác , vị trí khác"
M19.29,"thoái hóa khớp thứ phát khác , vị trí không xác định"
M19.8,thoái hóa khớp điển hình khác
M19.81,"thoái hóa khớp điển hình khác , vùng bả vai"
M19.03,"thoái hóa khớp nguyên phát ở các khớp khác , cẳng tay"
M19.04,"thoái hóa khớp nguyên phát ở các khớp khác , bàn tay"
M19.05,"thoái hóa khớp nguyên phát ở các khớp khác , vùng chậu và đùi"
M16.6,"các thoái hóa khớp háng thứ phát khác , 2 bên"
M16.7,các thoái hóa khớp háng thứ phát khác
M16.9,thoái hóa khớp háng không đặc hiệu
M19.15,"thoái hóa khớp sau chấn thương ở các khớp khác , vùng chậu và đùi"
M19.17,"thoái hóa khớp sau chấn thương ở các khớp khác , cổ và bàn chân"
M19.82,"thoái hóa khớp điển hình khác , cánh tay"
M19.83,"thoái hóa khớp điển hình khác , cẳng tay"
M19.84,"thoái hóa khớp điển hình khác , bàn tay"
M19.85,"thoái hóa khớp điển hình khác , vùng chậu và đùi"
M19.87,"thoái hóa khớp điển hình khác , cổ và bàn chân"
M19.88,"thoái hóa khớp điển hình khác , vị trí khác"
M19.89,"thoái hóa khớp đặc hiệu khác , vị trí không xác định"
M19.9,thoái hóa khớp không đặc hiệu
M19.91,"thoái hóa khớp không đặc hiệu , vùng bả vai"
M19.18,"thoái hóa khớp sau chấn thương ở các khớp khác , vị trí khác"
M19.19,"thoái hóa khớp sau chấn thương ở các khớp khác , vị trí không xác định"
M19.2,thoái hóa khớp thứ phát khác
M19.21,"thoái hóa khớp thứ phát khác , vùng bả vai"
M19.22,"thoái hóa khớp thứ phát khác , cánh tay"
M19.23,"thoái hóa khớp thứ phát khác , cẳng tay"
M19.24,"thoái hóa khớp thứ phát khác , bàn tay"
M19.25,"thoái hóa khớp thứ phát khác , vùng chậu và đùi"
M20.0,biến dạng ngón tay
M20.1,biến dạng quẹo ngón chân cái ra ngoài ( mắc phải ) hallux valgus
M20.2,biến dạng cứng ngón chân cái ( hallux rigidus )
M20.3,các biến dạng ngón chân cái mắc phải khác
M20.4,biến dạng ngón chân hình búa ( mắc phải )
M18.5,thoái hóa khớp cổ bàn ngón cái thứ phát khác
M18.9,thoái hóa khớp cổ bàn ngón cái không đặc hiệu
M19,thoái hóa khớp khác
M25.05,"tràn máu khớp , vùng chậu và đùi"
M25.06,"tràn máu khớp , cẳng chân"
M25.07,"tràn máu khớp , cổ và bàn chân"
M25.12,"rò khớp , cánh tay"
M25.13,"rò khớp , cẳng tay"
M25.14,"rò khớp , bàn tay"
M25.15,"rò khớp , vùng chậu và đùi"
K29.6,viêm dạ dày khác
K29.7,"viêm dạ dày , không đặc hiệu"
K29.8,viêm tá tràng
K29.9,"viêm dạ dày tá tràng , không đặc hiệu"
K30,khó tiêu chức năng
K31,bệnh khác của dạ dày và tá tràng
K57.1,"bệnh túi thừa của ruột non , không thủng hay áp xe"
K57.2,"bệnh túi thừa của đại tràng , có thủng và áp xe"
K57.3,"bệnh túi thừa của đại tràng , không thủng hay áp xe"
K57.4,"bệnh túi thừa của ruột non và đại tràng , có thủng và áp xe"
K58.1,"hội chứng ruột kích thích , với tiêu chảy chủ yếu ( ibs - d )"
K58.2,"hội chứng ruột kích thích , với táo bón chủ yếu ( ibs - c )"
K58.3,"hội chứng ruột kích thích , với tiêu chảy và táo bón chủ yếu ( ibs - m )"
K58.8,hội chứng ruột kích thích khác và không đặc hiệu
K59,rối loạn chức năng khác của ruột
K59.2,"rối loạn ruột do nguyên nhân thần kinh , không phân loại nơi khác"
K59.3,"phình đại tràng , không phần loại nơi khác"
K59.4,co thắt hậu môn
K59.8,rối loạn chức năng ruột đặc hiệu khác
K56.4,nghẹt ruột khác
K56.5,dính ruột ( thành dải ) có tắc nghẽn
K56.6,tắc ruột khác và không xác định
K56.7,"liệt ruột , không đặc hiệu"
K57,bệnh túi thừa của ruột
K57.0,"bệnh túi thừa của ruột non , có thủng và áp xe"
K57.5,"bệnh túi thừa của cả ruột non và đại tràng , không thủng hay áp xe"
K57.8,"bệnh túi thừa của ruột , vị trí không xác định , có thủng và áp xe"
K57.9,"bệnh túi thừa của ruột , vị trí không xác định , không thủng hay áp xe"
K58,hội chứng ruột kích thích
K55.9,"rối loạn mạch máu ở ruột , không đặc hiệu"
K56,liệt ruột và tắc ruột không có thoát vị
K56.0,liệt ruột
K56.1,lồng ruột
K56.2,xoắn ruột
K56.3,tắc ruột do sỏi mật
K59.0,táo bón
K59.1,tiêu chảy chức năng
K55.1,rối loạn mạch máu ruột mạn
K55.2,loạn sản mạch máu đại tràng
K55.3,loạn sản mạch máu ruột non
K55.8,rối loạn mạch máu khác của ruột
K52.9,"viêm dạ dày - ruột và đại tràng không nhiễm trùng , không đặc hiệu"
K55,rối loạn mạch máu của ruột
K55.0,rối loạn mạch máu ruột cấp tính
K59.9,"rối loạn ruột chức năng , không đặc hiệu"
K60,nứt và rò vùng hậu môn và trực tràng
K65,viêm phúc mạc
K65.0,viêm phúc mạc cấp
K65.8,viêm phúc mạc khác
K65.9,"viêm phúc mạc , không đặc hiệu"
K66,bệnh lý khác của phúc mạc
K63.9,"bệnh ruột , không đặc hiệu"
K64,trĩ và huyết khối tĩnh mạch quanh hậu môn
K64.0,trĩ độ i
K64.1,trĩ độ ii
K64.2,trĩ độ iii
K64.3,trĩ độ iv
K71,bệnh gan do độc chất
K71.0,"bệnh gan nhiễm độc , có ứ mật"
K71.1,bệnh gan nhiễm độc có hoại tử gan
K71.2,bệnh gan nhiễm độc có viêm gan cấp
K70,bệnh gan do rượu
K70.0,gan nhiễm mỡ do rượu
K70.1,viêm gan do rượu
K64.4,nếp da thừa hậu môn do trĩ sót lại
K64.5,huyết khối tĩnh mạch quanh hậu môn
K64.8,trĩ xác định khác
K64.9,"trĩ , không đặc hiệu"
K66.9,"bệnh lý của phúc mạc , không đặc hiệu"
K67*,rối loạn của phúc mạc trong bệnh nhiễm trùng phân loại nơi khác
K67.0*,viêm phúc mạc do chlamydia ( a74 . 8 † )
K67.1*,viêm phúc mạc do lậu cầu ( a54 . 8 † )
K67.2*,viêm phúc mạc do giang mai ( a52 . 7 † )
K67.3*,viêm phúc mạc do lao ( a18 . 3 † )
K67.8*,rối loạn khác của phúc mạc trong bệnh nhiễm trùng phân loại nơi khác
K70.2,bệnh xơ hóa gan do rượu
K70.3,xơ gan do rượu
K70.4,suy gan do rượu
K70.9,"bệnh gan do rượu , không đặc hiệu"
K66.0,dính phúc mạc
K66.1,cổ trướng máu
K66.2,xơ hóa sau màng bụng
K66.8,bệnh lý đặc hiệu khác của phúc mạc
K12.0,loét miệng tái diễn
K12.1,dạng khác của viêm miệng
K12.2,viêm mô tế bào và áp xe của miệng
K51.0,viêm loét toàn ruột ( mạn tính )
K51.2,viêm loét trực tràng chảy máu ( mạn )
K51.3,viêm loét đại tràng sigma - trực tràng chảy máu ( mạn )
K52.2,viêm dạ dày - ruột và đại tràng do dị ứng và thức ăn
K52.3,viêm đại tràng không xác định
K52.8,viêm dạ dày - ruột và đại tràng không nhiễm trùng đặc hiệu khác
K51.9,"viêm loét đại tràng chảy máu , không đặc hiệu"
K52,viêm dạ dày - ruột và viêm đại tràng không nhiễm trùng khác
K50,bệnh crohn ( viêm ruột từng vùng )
K50.0,bệnh crohn ( viêm ruột từng vùng ) của ruột non
K50.1,bênh crohn ( viêm ruột từng vùng ) của đại tràng
K50.8,bệnh crohn ( viêm ruột từng vùng ) khác
K50.9,"bệnh crohn ( viêm ruột từng vùng ) , không đặc hiệu"
K51,viêm loét đại tràng chảy máu
K52.0,viêm dạ dày - ruột và đại tràng do tia xạ
K52.1,viêm dạ dày - ruột và đại tràng do nhiễm độc
K45.0,"thoát vị thành bụng xác định khác có tắc , không hoại thư"
K45.1,"thoát vị thành bụng đặc hiệu khác , có hoại tử"
K45.8,"thoát vị thành bụng đặc hiệu khác , không tắc hay hoại tử"
K51.4,nhiều polyp viêm
K51.5,viêm niêm mạc đại - trực tràng
K51.8,viêm loét đại tràng chảy máu khác
K46,thoát vị thành bụng không đặc hiệu
K46.0,"thoát vị thành bụng không đặc hiệu có tắc , không hoại tử"
K46.1,"thoát vị thành bụng không đặc hiệu , có hoại tử"
K46.9,"thoát vị thành bụng không đặc hiệu , không tắc hay hoại tử"
K44.0,"thoát vị hoành có tắc , không hoại tử"
K44.1,thoát vị hoành có hoại tử
K44.9,"thoát vị hoành , không tắc hay hoại tử"
K45,thoát vị thành bụng khác
J38.0,liệt dây thanh âm và thanh quản
J38.1,polyp của dây thanh âm và thanh quản
K62.5,xuất huyết hậu môn và trực tràng
K62.6,loét hậu môn và trực tràng
K61.1,áp xe trực tràng
K61.2,áp xe hậu môn trực tràng
K61.3,áp xe ụ ngồi - trực tràng
K61.4,áp xe trong cơ thắt hậu môn
K62,bệnh khác của hậu môn và trực tràng
K62.2,sa hậu môn
K62.3,sa trực tràng qua hậu môn
K62.4,hẹp trực tràng và ống hậu môn
K60.0,nứt kẽ hậu môn cấp
K60.1,nứt kẽ hậu môn mạn
K60.2,"nứt ống hậu môn , không đặc hiệu"
K60.3,rò hậu môn
K62.0,polyp hậu môn
K62.1,polyp trực tràng
K63.3,loét ruột
K63.4,sa ruột
K63.5,polyp đại tràng
K63.8,bệnh đặc hiệu khác của ruột
K62.7,viêm trực tràng do tia xạ
K62.8,bệnh đặc hiệu khác của hậu môn và trực tràng
K62.9,"bệnh hậu môn và trực tràng , không đặc hiệu"
K60.4,rò trực tràng
K60.5,rò hậu môn trực tràng
K61,áp xe vùng hậu môn - trực tràng
K61.0,áp xe hậu môn
K63,bệnh khác của ruột
K63.0,áp xe ruột
K63.1,thủng ruột ( không có chấn thương )
K63.2,rò ruột
K31.3,"co thắt môn vị , không phân loại nơi khác"
K31.4,túi thừa dạ dày
K31.5,tắc tá tràng
K31.6,rò dạ dày và tá tràng
K31.7,polyp dạ dày và tá tràng
K38.3,rò ruột thừa
K38.8,bệnh ruột thừa đặc hiệu khác
K38.9,"bệnh ruột thừa , không đặc hiệu"
K40,thoát vị bẹn
K40.0,"thoát vị bẹn hai bên , có tắc , không hoại tử"
K40.1,"thoát vị bẹn hai bên , có hoại tử"
K35.8,"viêm ruột thừa cấp , khác và không đặc hiệu"
K36,viêm ruột thừa khác
K37,viêm ruột thừa không đặc hiệu
K38,bệnh khác của ruột thừa
K38.0,tăng sản ở ruột thừa
K38.1,sỏi ở ruột thừa
K38.2,túi thừa của ruột thừa
K43,thoát vị thành bụng
K43.0,"thoát vị qua đường mổ có tắc nghẽn , không hoại thư"
K43.1,thoát vị thành bụng có hoại tử
K43.2,thoát vị qua đường mổ không tắc hoặc hoại thư
K43.3,"thoát vị cạnh lỗ mở thông có tắc , không hoại tử"
K40.2,"thoát vị bẹn hai bên , không tắc hoặc không hoại tử"
K40.3,"thoát vị bẹn một bên hay không xác định , có tắc , không hoại tử"
K40.4,"thoát vị bẹn một bên hay không xác định , có hoại tử"
K40.9,"thoát vị bẹn một bên hay không xác định , không tắc hoặc không hoại tử"
K42,thoát vị rốn
K42.0,"thoát vị rốn có tắc , không hoại tử"
K42.1,thoát vị rốn có hoại tử
K42.9,"thoát vị rốn , không tắc hay hoại tử"
K31.8,bệnh dạ dày và tá tràng đặc hiệu khác
K31.9,"bệnh dạ dày và tá tràng , không đặc hiệu"
K35,viêm ruột thừa cấp
K35.2,viêm ruột thừa cấp kèm viêm phúc mạc toàn bộ
K35.3,viêm ruột thừa cấp kèm viêm phúc mạc khu trú
K41,thoát vị đùi
K41.0,"thoát vị đùi hai bên , có tắc , không hoại tử"
K41.1,"thoát vị đùi hai bên , có hoại tử"
K41.2,"thoát vị đùi hai bên , không tắc hoặc không hoại tử"
K41.3,"thoát vị đùi một bên hay không xác định , có tắc , không hoại tử"
K41.4,"thoát vị đùi một bên hay không xác định , có hoại tử"
K41.9,"thoát vị đùi một bên hay không xác định , không tắc hoặc không hoại tử"
K43.4,thoát vị cạnh lỗ mở thông có hoại tử
K43.5,thoát vị cạnh lỗ mở thông không tắc hay hoại tử
K43.6,"thoát vị thành bụng khác và không xác định có tắc , không hoại tử"
K43.7,thoát vị thành bụng khác và không xác định có hoại thư
K43.9,thoát vị bụng không tắc hay hoại thư
K44,thoát vị hoành
K13.1,đau má và môi
K13.2,"bạch sản và rối loạn khác của thượng bì miệng , bao gồm lưỡi"
K08.9,"bệnh của răng và cấu trúc nâng đỡ , không đặc hiệu"
K09,"nang vùng miệng , không phân loại nơi khác"
K09.0,nang nguồn gốc răng
K09.1,nang vùng miệng không có nguồn gốc răng
K09.2,nang khác của xương hàm
K22.5,"túi thừa thực quản , mắc phải"
K22.6,hội chứng rách - chảy máu thực quản - dạ dày
K22.7,thực quản barrett
K22.8,bệnh đặc hiệu khác của thực quản
K22.9,"bệnh thực quản , không đặc hiệu"
K23*,rối loạn thực quản trong bệnh phân loại nơi khác
K23.0*,viêm thực quản do lao ( a18 . 8 † )
K23.1*,phình thực quản trong bệnh chagas ( b57 . 3 † )
K23.8*,bệnh lý thực quản trong bệnh phân loại nơi khác
K25,loét dạ dày
K25.0,"loét dạ dày , cấp có xuất huyết"
K11.2,viêm tuyến nước bọt
K11.3,áp xe tuyến nước bọt
K11.4,lỗ rò tuyến nước bọt
K11.5,sỏi tuyến nước bọt
K11.6,nang nhầy tuyến nước bọt
K25.4,"loét dạ dày , mạn hay không đặc hiệu có xuất huyết"
K25.5,"loét dạ dày , mạn hay không đặc hiệu có thủng"
K25.6,"loét dạ dày , mạn hay không xác định có xuất huyết và thủng"
K25.7,"loét dạ dày , mạn không có xuất huyết hay thủng"
K26.4,"loét tá tràng , mạn hay không đặc hiệu có xuất huyết"
K26.5,"loét tá tràng , mạn hay không đặc hiệu có thủng"
K26.6,"loét tá tràng , mạn hay không xác định có xuất huyết và thủng"
K26.7,"loét tá tràng , mạn không có xuất huyết hay thủng"
K26.9,"loét tá tràng , không xác định là cấp hay mạn , không xuất huyết hay thủng"
K27,"loét dạ dày - tá tràng , vị trí không xác định"
K27.0,"loét dạ dày - tá tràng , vị trí không xác định , cấp có xuất huyết"
K27.1,"loét dạ dày - tá tràng , vị trí không xác định , cấp có thủng"
K27.2,"loét dạ dày - tá tràng , vị trí không xác định , cấp , kèm cả xuất huyết và thủng"
K26.2,"loét tá tràng , cấp , kèm cả xuất huyết và thủng"
K26.3,"loét tá tràng , cấp không có xuất huyết hay thủng"
K25.9,"loét dạ dày , không xác định là cấp hay mạn , không xuất huyết hay thủng"
K26,loét tá tràng
K26.0,"loét tá tràng , cấp có xuất huyết"
K26.1,"loét tá tràng , cấp có thủng"
K13.3,bạch sản dạng tóc
K13.4,u hạt và tổn thương dạng u hạt của niêm mạc miệng
K13.5,xơ hóa dưới niêm mạc miệng
K13.6,tăng sản do kích thích của niêm mạc miệng
K12.3,viêm miệng ( loét )
K13,bệnh khác của môi và niêm mạc miệng
K13.0,bệnh của môi
K10.8,bệnh xác định khác của xương hàm
K10.9,"bệnh xương hàm , không đặc hiệu"
K11,bệnh tuyến nước bọt
K11.0,teo tuyến nước bọt
K11.1,phì đại tuyến nước bọt
K11.7,rối loạn tiết nước bọt
K11.8,bệnh khác của tuyến nước bọt
K11.9,"bệnh tuyến nước bọt , không đặc hiệu"
K12,viêm miệng và tổn thương liên quan
K21.0,bệnh trào ngược dạ dày - thực quản với viêm thực quản
K21.9,bệnh trào ngược dạ dày - thực quản không có viêm thực quản
K22,bệnh khác của thực quản
K22.0,co thắt tâm vị
K14.8,bệnh khác của lưỡi
K14.9,"bệnh lưỡi , không đặc hiệu"
K20,viêm thực quản
K21,bệnh trào ngược dạ dày - thực quản
K13.7,tổn thương khác và không xác định của niêm mạc miệng
K14,bệnh của lưỡi
K14.0,viêm lưỡi
K14.1,lưỡi bản đồ
K14.2,viêm lưỡi dạng thoi
K09.8,"nang khác ở vùng miệng , không phân loại nơi khác"
K09.9,nang vùng miệng không đặc hiệu
K10,bệnh khác của xương hàm
K10.0,rối loạn phát triển của xương hàm
K10.1,"u hạt tế bào khổng lồ , trung tâm"
K10.2,tình trạng viêm của xương hàm
K10.3,viêm ổ răng xương hàm
K14.3,phì đại gai lưỡi
K14.4,teo gai lưỡi
K14.5,lưỡi gấp nếp
K14.6,đau lưỡi
K22.1,loét thực quản
K22.2,tắc nghẽn thực quản
K22.3,thủng thực quản
K22.4,rối loạn vận động thực quản
H26.4,đục bao sau sau mổ đục thể thủy tinh ngoài bao
H26.8,đục thể thủy tinh xác định khác
H26.9,"đục thể thủy tinh , không đặc hiệu khác"
H27,các bệnh khác của thủy tinh thể
H62.3*,viêm tai ngoài trong bệnh nhiễm trùng và ký sinh trùng khác phân loại nơi khác
H62.4*,viêm tai ngoài trong bệnh khác phân loại nơi khác
H62.8*,bệnh khác của tai ngoài trong bệnh phân loại nơi khác
H65,viêm tai giữa không mủ
H65.0,viêm tai giữa ứ dịch cấp và bán cấp
H80.2,xốp xơ ốc tai
H80.8,xốp xơ tai khác
H80.9,xốp xơ tai không xác định
H81,rối loạn chức năng tiền đình
H81.0,bệnh mèniere
H74.3,những bất thường mắc phải khác của chuỗi xương con
H74.4,polyp tai giữa
H83.9,"bệnh tai trong , không đặc hiệu"
H90,nghe kém dẫn truyền và nghe kém tiếp nhận
H90.0,nghe kém dẫn truyền hai bên
H83.0,viêm mê nhĩ
H83.1,rò mê nhĩ
H83.2,rối loạn chức năng mê nhĩ
H83.3,điếc tiếng ồn
H83.8,bệnh tai trong xác định khác
H90.1,nghe kém dẫn truyền một bên với sức nghe không hạn chế bên đối diện
H90.2,nghe kém dẫn truyền không đặc hiệu
H90.3,"nghe kém giác quan , hai bên"
H81.8,rối loạn chức năng tiền đình khác
H81.9,"rối loạn chức năng tiền đình , không đặc hiệu"
H82*,hội chứng chóng mặt tiền đình trong các bệnh phân loại nơi khác
H83,bệnh khác của tai trong
H81.1,chóng mặt kịch phát lành tính
H81.2,viêm thần kinh tiền đình
H81.3,chóng mặt do rối loạn tiền đình ngoại biên khác
H81.4,chóng mặt do rối loạn tiền đình trung ương
H75*,rối loạn tai giữa và xương chũm trong các bệnh phân loại nơi khác
H75.0*,viêm xương chũm trong bệnh nhiễm trùng và ký sinh trùng phân loại nơi khác
H75.8*,những rối loạn đặc hiệu khác của tai giữa và xương chũm trong các bệnh phân loại nơi khác
H80,xốp xơ tai
H80.0,"xốp xơ tai vùng cửa sổ bầu dục , không bít lấp cửa sổ bầu dục"
H80.1,"xốp xơ tai vùng cửa sổ bầu dục , bít lấp cửa sổ bầu dục ."
K31.0,giãn dạ dày cấp
K31.1,hẹp môn vị do phì đại ở người lớn
K31.2,hẹp dạ dày và chít hẹp dạng đồng hồ cát
K07.3,bất thường chức năng răng mặt
K07.4,khớp cắn lệch không xác định
K07.5,bất thường chức năng hàm mặt
K07.6,loạn năng khớp thái dương hàm
K07.8,các bất thường răng mặt khác
K07.9,"bất thường răng mặt , không đặc hiệu"
K08,bệnh khác của răng và cấu trúc nâng đỡ
K08.0,mẻ răng do nguyên nhân hệ thống
K08.1,"mất răng do tai nạn , do nhổ răng hay bệnh nha chu khu trú"
K08.2,teo sống hàm
K08.3,chân răng còn sót
K08.8,bệnh đặc hiệu khác của răng và cấu trúc nâng đỡ
K25.1,"loét dạ dày , cấp có thủng"
K25.2,"loét dạ dày , cấp , kèm cả xuất huyết và thủng"
K25.3,"loét dạ dày , cấp không có xuất huyết hay thủng"
K28,loét dạ dày - hỗng tràng
K28.0,"loét dạ dày - hỗng tràng , cấp có xuất huyết"
K28.1,"loét dạ dày - hỗng tràng , cấp có thủng"
K28.2,"loét dạ dày - hỗng tràng , cấp , kèm cả xuất huyết và thủng"
K07,bất thường hàm mặt ( bao gồm khớp cắn lệch )
K07.0,bất thường lớn về kích thước xương hàm
K07.1,bất thường tương quan sọ mặt
K07.2,bất thường tương quan cung răng
K28.3,"loét dạ dày - hỗng tràng , cấp không có xuất huyết hay thủng"
K28.4,"loét dạ dày - hỗng tràng , mạn hay không xác định , có xuất huyết"
K28.5,"loét dạ dày - hỗng tràng , mạn hay không xác định , có thủng"
K28.6,"loét dạ dày - hỗng tràng , mạn hay không xác định có xuất huyết và thủng"
K28.7,"loét dạ dày - hỗng tràng , mạn không có xuất huyết hay thủng"
K28.9,"loét dạ dày - hỗng tràng , không xác định là cấp hay mạn , không xuất huyết hay thủng"
K29.2,viêm dạ dày do rượu
K29.3,viêm nông niêm mạc dạ dày mạn tính
K29.4,viêm teo niêm mạc dạ dày mạn tính
K29.5,"viêm dạ dày mạn , không đặc hiệu"
K27.3,"loét dạ dày - tá tràng , vị trí không xác định , cấp không có xuất huyết hay thủng"
K27.4,"loét dạ dày - tá tràng , vị trí không xác định , mạn hay không xác định có xuất huyết"
K27.5,"loét dạ dày - tá tràng , vị trí không xác định , mạn hay không xác định có thủng"
K27.6,"loét dạ dày - tá tràng , vị trí không xác định , mạn hay không xác định có xuất huyết và thủng"
K27.7,"loét dạ dày - tá tràng , vị trí không xác định , mạn không có xuất huyết hay thủng"
K27.9,"loét dạ dày - tá tràng , vị trí không xác định , không xác định là cấp hay mạn , không xuất huyết hay thủng"
K29,viêm dạ dày và tá tràng
K29.0,viêm dạ dày xuất huyết cấp tính
K29.1,viêm dạ dày cấp khác
J35,bệnh mạn tính của amiđan và va
M09.24*,"viêm khớp trẻ em trong bệnh viêm loét đại tràng ( k51 . - † ) , bàn tay"
M09.25*,"viêm khớp trẻ em trong bệnh viêm loét đại tràng ( k51 . - † ) , vùng chậu và đùi"
M09.26*,"viêm khớp trẻ em trong bệnh viêm loét đại tràng ( k51 . - † ) , cẳng chân"
M09.27*,"viêm khớp trẻ em trong bệnh viêm loét đại tràng ( k51 . - † ) , cổ và bàn chân"
M09.12*,"viêm khớp trẻ em trong bệnh crohn ( viêm ruột từng vùng ) ( k50 . - † ) , cánh tay"
M09.13*,"viêm khớp trẻ em trong bệnh crohn ( viêm ruột từng vùng ) ( k50 . - † ) , cẳng tay"
M14.6*,bệnh khớp trong bệnh lý thần kinh
M14.8*,bệnh khớp trong các bệnh đặc hiệu phân loại nơi khác
M15,thoái hóa đa khớp
M15.0,thoái hóa nhiều khớp nguyên phát
M16.0,thoái hóa khớp háng nguyên phát cả 2 bên
M16.1,thoái hóa khớp háng nguyên phát khác
M16.2,"thoái hóa khớp háng do loạn sản , 2 bên"
M13.92,"viêm khớp không đặc hiệu , cánh tay"
M13.93,"viêm khớp không đặc hiệu , cẳng tay"
M13.94,"viêm khớp không đặc hiệu , bàn tay"
M13.95,"viêm khớp không đặc hiệu , vùng chậu và đùi"
M13.96,"viêm khớp không đặc hiệu , cẳng chân"
M13.97,"viêm khớp không đặc hiệu , cổ và bàn chân"
M13.98,"viêm khớp không đặc hiệu , vị trí khác"
M13.99,"viêm khớp không đặc hiệu , vị trí không xác định"
M14,bệnh khớp trong các bệnh phân loại nơi khác
M14.0*,bệnh khớp gút do thiếu men và các bệnh lý di truyền khác
M14.1*,bệnh khớp do vi tinh thể sau các rối loạn chuyển hóa phân loại nơi khác
M14.2*,bệnh khớp do đái tháo đường đường ( e10 - e14 với ký tự thứ tư là . 6 † )
M15.1,có hạt heberden ( có kèm tổn thương khớp )
M15.2,hạt bouchard ( có kèm tổn thương khớp )
M15.3,thoái hóa nhiều khớp thứ phát
M15.4,thoái hóa khớp kiểu bào mòn
M15.8,thoái hóa đa khớp khác
M16.3,thoái hóa khớp háng do loạn sản khác
M16.4,"thoái hóa khớp háng sau chấn thương , 2 bên"
M16.5,thoái hóa khớp háng sau chấn thương khác
M14.3*,viêm khớp và da nhiễm mỡ ( e78 . 8 † )
M14.4*,bệnh khớp trong bệnh thoái hóa dạng bột ( amyloidosis ) ( e85 . - † )
M14.5*,"bệnh khớp trong các bệnh nội tiết , dinh dưỡng và các bệnh chuyển hóa khác"
M15.9,thoái hóa đa khớp không đặc hiệu
M16,thoái hóa khớp háng
M11.07,"bệnh do lắng đọng hydroxyapatit , cổ và bàn chân"
M11.08,"bệnh do lắng đọng hydroxyapatit , vị trí khác"
M11.09,"bệnh do lắng đọng hydroxyapatit , vị trí không xác định"
M11.1,bệnh vôi hóa sụn có tính chất gia đình
M11.10,"bệnh vôi hóa sụn có tính chất gia đình , nhiều vị trí"
M10.34,"bệnh gút do tổn thương chức năng thận , bàn tay"
M10.35,"bệnh gút do tổn thương chức năng thận , vùng chậu và đùi"
M10.36,"bệnh gút do tổn thương chức năng thận , cẳng chân"
M09.18*,"viêm khớp trẻ em trong bệnh crohn ( viêm ruột từng vùng ) ( k50 . - † ) , vị trí khác"
M09.19*,"viêm khớp trẻ em trong bệnh crohn ( viêm ruột từng vùng ) ( k50 . - † ) , vị trí không xác định"
M09.2*,viêm khớp trẻ em trong bệnh viêm loét đại tràng ( k51 . - † )
M09.20*,"viêm khớp trẻ em trong bệnh viêm loét đại tràng ( k51 . - † ) , nhiều vị trí"
M11.23,"bệnh vôi hóa sụn khác , cẳng tay"
M11.24,"bệnh vôi hóa sụn khác , bàn tay"
M11.25,"bệnh vôi hóa sụn khác , vùng chậu và đùi"
M11.11,"bệnh vôi hóa sụn có tính chất gia đình , vùng bả vai"
M11.12,"bệnh vôi hóa sụn có tính chất gia đình , cánh tay"
M11.13,"bệnh vôi hóa sụn có tính chất gia đình , cẳng tay"
M11.14,"bệnh vôi hóa sụn có tính chất gia đình , bàn tay"
M11.26,"bệnh vôi hóa sụn khác , cẳng chân"
M11.27,"bệnh vôi hóa sụn khác , cổ và bàn chân"
M11.28,"bệnh vôi hóa sụn khác , vị trí khác"
M11.29,"bệnh vôi hóa sụn khác , vị trí không xác định"
M11.8,bệnh khớp khác do các vi tinh thể được xác định
M10.92,"bệnh gút không đặc hiệu , cánh tay"
M10.93,"bệnh gút không đặc hiệu , cẳng tay"
M10.94,"bệnh gút không đặc hiệu , bàn tay"
M10.95,"bệnh gút không đặc hiệu , vùng chậu và đùi"
M10.96,"bệnh gút không đặc hiệu , cẳng chân"
M10.97,"bệnh gút không đặc hiệu , cổ và bàn chân"
M10.98,"bệnh gút không đặc hiệu , vị trí khác"
M10.99,"bệnh gút không đặc hiệu , vị trí không xác định"
M11,các bệnh khớp khác do vi tinh thể
M11.0,bệnh do lắng đọng hydroxyapatit
M11.04,"bệnh do lắng đọng hydroxyapatit , bàn tay"
M11.05,"bệnh do lắng đọng hydroxyapatit , vùng chậu và đùi"
M11.06,"bệnh do lắng đọng hydroxyapatit , cẳng chân"
M11.18,"bệnh vôi hóa sụn có tính chất gia đình , vị trí khác"
M11.19,"bệnh vôi hóa sụn có tính chất gia đình , vị trí không xác định"
M11.2,bệnh vôi hóa sụn khác
M11.20,"bệnh vôi hóa sụn khác , nhiều vị trí"
M11.21,"bệnh vôi hóa sụn khác , vùng bả vai"
M11.22,"bệnh vôi hóa sụn khác , cánh tay"
M11.00,"bệnh do lắng đọng hydroxyapatit , nhiều vị trí"
M11.01,"bệnh do lắng đọng hydroxyapatit , vùng bả vai"
M11.02,"bệnh do lắng đọng hydroxyapatit , cánh tay"
M11.03,"bệnh do lắng đọng hydroxyapatit , cẳng tay"
M12.34,"bệnh thấp khớp thoáng qua , bàn tay"
M12.35,"bệnh thấp khớp thoáng qua , vùng chậu và đùi"
M12.36,"bệnh thấp khớp thoáng qua , cẳng chân"
M12.37,"bệnh thấp khớp thoáng qua , cổ và bàn chân"
M09.06*,"viêm khớp thiếu niên sau vảy nến ( k50 . - † ) , cẳng chân"
M09.07*,"viêm khớp thiếu niên sau vảy nến ( k50 . - † ) , cổ và bàn chân"
M09.08*,"viêm khớp thiếu niên sau vảy nến ( k50 . - † ) , vị trí khác"
M09.09*,"viêm khớp thiếu niên sau vảy nến ( k50 . - † ) , vị trí không xác định"
M09.1*,viêm khớp thiếu niên trong bệnh crohn ( viêm ruột từng vùng ) ( k50 . - † )
M12.54,"bệnh khớp do chấn thương , bàn tay"
M12.55,"bệnh khớp do chấn thương , vùng chậu và đùi"
M12.56,"bệnh khớp do chấn thương , cẳng chân"
M12.57,"bệnh khớp do chấn thương , cổ và bàn chân"
M12.46,"tràn dịch khớp hay tái phát , cẳng chân"
M12.47,"tràn dịch khớp hay tái phát , cổ và bàn chân"
M12.48,"tràn dịch khớp hay tái phát , vị trí khác"
M12.49,"tràn dịch khớp hay tái phát , vị trí không xác định"
M12.5,bệnh khớp do chấn thương
M12.25,"viêm màng hoạt dịch thể lông nốt ( sắc tố ) , vùng chậu và đùi"
M12.26,"viêm màng hoạt dịch thể lông nốt ( sắc tố ) , cẳng chân"
M12.43,"tràn dịch khớp hay tái phát , cẳng tay"
M12.44,"tràn dịch khớp hay tái phát , bàn tay"
M12.45,"tràn dịch khớp hay tái phát , vùng chậu và đùi"
M12.27,"viêm màng hoạt dịch thể lông nốt ( sắc tố ) , cổ và bàn chân"
M12.28,"viêm màng hoạt dịch thể lông nốt ( sắc tố ) , vị trí khác"
M12.29,"viêm màng hoạt dịch thể lông nốt ( sắc tố ) , vị trí không xác định"
M12.3,bệnh thấp khớp thoáng qua
M12.30,"bệnh thấp khớp thoáng qua , nhiều vị trí"
M12.31,"bệnh thấp khớp thoáng qua , vùng bả vai"
M12.32,"bệnh thấp khớp thoáng qua , cánh tay"
M12.33,"bệnh thấp khớp thoáng qua , cẳng tay"
M12.50,"bệnh khớp do chấn thương , nhiều vị trí"
M12.51,"bệnh khớp do chấn thương , vùng bả vai"
M12.52,"bệnh khớp do chấn thương , cánh tay"
M12.53,"bệnh khớp do chấn thương , cẳng tay"
M12.38,"bệnh thấp khớp thoáng qua , vị trí khác"
M12.39,"bệnh thấp khớp thoáng qua , vị trí không xác định"
M12.4,tràn dịch khớp hay tái phát
M12.40,"tràn dịch khớp hay tái phát , nhiều vị trí"
M12.41,"tràn dịch khớp hay tái phát , vùng bả vai"
M12.42,"tràn dịch khớp hay tái phát , cánh tay"
M07.65*,"bệnh khớp trong bệnh đường ruột khác , vùng chậu và đùi"
M07.66*,"bệnh khớp trong bệnh đường ruột khác , cẳng chân"
M07.67*,"bệnh khớp trong bệnh đường ruột khác , cổ và bàn chân"
M12.58,"bệnh khớp do chấn thương , vị trí khác"
M12.59,"bệnh khớp do chấn thương , vị trí không xác định"
M12.8,"các bệnh khớp đặc hiệu khác , không phân loại nơi khác"
M12.80,"các bệnh khớp đặc hiệu khác , không phân loại nơi khác , nhiều vị trí"
M12.81,"các bệnh khớp đặc hiệu khác , không phân loại nơi khác , vùng bả vai"
M12.82,"các bệnh khớp đặc hiệu khác , không phân loại nơi khác , cánh tay"
M13.12,"viêm một khớp , không phân loại nơi khác , cánh tay"
M13.13,"viêm một khớp , không phân loại nơi khác , cẳng tay"
M13.14,"viêm một khớp , không phân loại nơi khác , bàn tay"
M13.15,"viêm một khớp , không phân loại nơi khác , vùng chậu và đùi"
M13.84,"các viêm khớp đặc hiệu khác , bàn tay"
M13.85,"các viêm khớp đặc hiệu khác , vùng chậu và đùi"
M13.86,"các viêm khớp đặc hiệu khác , cẳng chân"
M12.88,"các bệnh khớp đặc hiệu khác , không phân loại nơi khác , vị trí khác"
M12.89,"các bệnh khớp đặc hiệu khác , không phân loại nơi khác , vị trí không xác định"
M13,các viêm khớp khác
M13.0,viêm đa khớp không đặc hiệu
M13.1,"viêm một khớp , không phân loại nơi khác"
M13.11,"viêm một khớp , không phân loại nơi khác , vùng bả vai"
M12.83,"các bệnh khớp đặc hiệu khác , không phân loại nơi khác , cẳng tay"
M12.84,"các bệnh khớp đặc hiệu khác , không phân loại nơi khác , bàn tay"
M12.85,"các bệnh khớp đặc hiệu khác , không phân loại nơi khác , vùng chậu và đùi"
M13.19,"viêm một khớp , không phân loại nơi khác , vị trí không xác định"
M13.8,các viêm khớp đặc hiệu khác
M13.80,"các viêm khớp đặc hiệu khác , nhiều vị trí"
M13.81,"các viêm khớp đặc hiệu khác , vùng bả vai"
M13.82,"các viêm khớp đặc hiệu khác , cánh tay"
M13.83,"các viêm khớp đặc hiệu khác , cẳng tay"
M12.86,"các bệnh khớp đặc hiệu khác , không phân loại nơi khác , cẳng chân"
M12.87,"các bệnh khớp đặc hiệu khác , không phân loại nơi khác , cổ và bàn chân"
M13.87,"các viêm khớp đặc hiệu khác , cổ và bàn chân"
M13.88,"các viêm khớp đặc hiệu khác , vị trí khác"
M13.89,"các viêm khớp đặc hiệu khác , vị trí không xác định"
M13.9,viêm khớp không đặc hiệu
M13.90,"viêm khớp không đặc hiệu , nhiều vị trí"
M13.91,"viêm khớp không đặc hiệu , vùng bả vai"
M13.16,"viêm một khớp , không phân loại nơi khác , cẳng chân"
M13.17,"viêm một khớp , không phân loại nơi khác , cổ và bàn chân"
M13.18,"viêm một khớp , không phân loại nơi khác , vị trí khác"
M11.15,"bệnh vôi hóa sụn có tính chất gia đình , vùng chậu và đùi"
M11.16,"bệnh vôi hóa sụn có tính chất gia đình , cẳng chân"
M11.17,"bệnh vôi hóa sụn có tính chất gia đình , cổ và bàn chân"
M11.80,"bệnh khớp khác do các vi tinh thể được xác định , nhiều vị trí"
M11.81,"bệnh khớp khác do các vi tinh thể được xác định , vùng bả vai"
M11.82,"bệnh khớp khác do các vi tinh thể được xác định , cánh tay"
M11.83,"bệnh khớp khác do các vi tinh thể được xác định , cẳng tay"
M11.84,"bệnh khớp khác do các vi tinh thể được xác định , bàn tay"
M11.85,"bệnh khớp khác do các vi tinh thể được xác định , vùng chậu và đùi"
M12.18,"bệnh kaschin - beck , vị trí khác"
M12.19,"bệnh kaschin - beck , vị trí không xác định"
M12.2,viêm màng hoạt dịch thể lông nốt ( sắc tố )
M12.20,"viêm màng hoạt dịch thể lông nốt ( sắc tố ) , nhiều vị trí"
M12.21,"viêm màng hoạt dịch thể lông nốt ( sắc tố ) , vùng bả vai"
M12.15,"bệnh kaschin - beck , vùng chậu và đùi"
M12.16,"bệnh kaschin - beck , cẳng chân"
M12.17,"bệnh kaschin - beck , cổ và bàn chân"
M12.22,"viêm màng hoạt dịch thể lông nốt ( sắc tố ) , cánh tay"
M12.23,"viêm màng hoạt dịch thể lông nốt ( sắc tố ) , cẳng tay"
M12.24,"viêm màng hoạt dịch thể lông nốt ( sắc tố ) , bàn tay"
M12.06,"bệnh khớp mạn tính sau thấp ( jaccoud ) , cẳng chân"
M12.07,"bệnh khớp mạn tính sau thấp ( jaccoud ) , cổ và bàn chân"
M12.08,"bệnh khớp mạn tính sau thấp ( jaccoud ) , vị trí khác"
M12.09,"bệnh khớp mạn tính sau thấp ( jaccoud ) , vị trí không xác định"
M12.1,bệnh kaschin - beck
M11.96,"bệnh khớp do vi tinh thể không đặc hiệu , cẳng chân"
M11.97,"bệnh khớp do vi tinh thể không đặc hiệu , cổ và bàn chân"
M11.98,"bệnh khớp do vi tinh thể không đặc hiệu , vị trí khác"
M11.99,"bệnh khớp do vi tinh thể không đặc hiệu , vị trí không xác định"
M12,các bệnh khớp đặc hiệu khác
M12.0,biến dạng bàn tay kiểu jaccoud sau bệnh thấp mạn tính
M12.00,"bệnh khớp mạn tính sau thấp ( jaccoud ) , nhiều vị trí"
M12.01,"bệnh khớp mạn tính sau thấp ( jaccoud ) , vùng bả vai"
M11.86,"bệnh khớp khác do các vi tinh thể được xác định , cẳng chân"
M11.87,"bệnh khớp khác do các vi tinh thể được xác định , cổ và bàn chân"
M11.88,"bệnh khớp khác do các vi tinh thể được xác định , vị trí khác"
M11.89,"bệnh khớp khác do các vi tinh thể được xác định , vị trí không xác định"
M11.9,bệnh khớp do vi tinh thể không đặc hiệu
M11.90,"bệnh khớp do vi tinh thể không đặc hiệu , nhiều vị trí"
M11.91,"bệnh khớp do vi tinh thể không đặc hiệu , vùng bả vai"
M11.92,"bệnh khớp do vi tinh thể không đặc hiệu , cánh tay"
M11.93,"bệnh khớp do vi tinh thể không đặc hiệu , cẳng tay"
M11.94,"bệnh khớp do vi tinh thể không đặc hiệu , bàn tay"
M11.95,"bệnh khớp do vi tinh thể không đặc hiệu , vùng chậu và đùi"
M12.02,"bệnh khớp mạn tính sau thấp ( jaccoud ) , cánh tay"
M12.03,"bệnh khớp mạn tính sau thấp ( jaccoud ) , cẳng tay"
M12.04,"bệnh khớp mạn tính sau thấp ( jaccoud ) , bàn tay"
M12.05,"bệnh khớp mạn tính sau thấp ( jaccoud ) , vùng chậu và đùi"
M12.10,"bệnh kaschin - beck , nhiều vị trí"
M12.11,"bệnh kaschin - beck , vùng bả vai"
M12.12,"bệnh kaschin - beck , cánh tay"
M12.13,"bệnh kaschin - beck , cẳng tay"
M12.14,"bệnh kaschin - beck , bàn tay"
M10.30,"bệnh gút do tổn thương chức năng thận , nhiều vị trí"
M10.31,"bệnh gút do tổn thương chức năng thận , vùng bả vai"
M10.32,"bệnh gút do tổn thương chức năng thận , cánh tay"
M10.33,"bệnh gút do tổn thương chức năng thận , cẳng tay"
M09.11*,"viêm khớp trẻ em trong bệnh crohn ( viêm ruột từng vùng ) ( k50 . - † ) , vùng bả vai"
M09.10*,"viêm khớp trẻ em trong bệnh crohn ( viêm ruột từng vùng ) ( k50 . - † ) , nhiều vị trí"
M10.23,"bệnh gút do thuốc , cẳng tay"
M10.24,"bệnh gút do thuốc , bàn tay"
M10.25,"bệnh gút do thuốc , vùng chậu và đùi"
M10.26,"bệnh gút do thuốc , cẳng chân"
M10.14,"bệnh gút do ngộ độc chì , bàn tay"
M10.15,"bệnh gút do ngộ độc chì , vùng chậu và đùi"
M10.16,"bệnh gút do ngộ độc chì , cẳng chân"
M10.17,"bệnh gút do ngộ độc chì , cổ và bàn chân"
M10.37,"bệnh gút do tổn thương chức năng thận , cổ và bàn chân"
M10.38,"bệnh gút do tổn thương chức năng thận , vị trí khác"
M10.39,"bệnh gút do tổn thương chức năng thận , vị trí không xác định"
M10.4,bệnh gút thứ phát khác
M10.40,"bệnh gút thứ phát khác , nhiều vị trí"
M10.41,"bệnh gút thứ phát khác , vùng bả vai"
M10.18,"bệnh gút do ngộ độc chì , vị trí khác"
M10.19,"bệnh gút do ngộ độc chì , vị trí không xác định"
M10.2,bệnh gút do thuốc
M10.20,"bệnh gút do thuốc , nhiều vị trí"
M10.21,"bệnh gút do thuốc , vùng bả vai"
M10.22,"bệnh gút do thuốc , cánh tay"
M10.42,"bệnh gút thứ phát khác , cánh tay"
M10.43,"bệnh gút thứ phát khác , cẳng tay"
M10.44,"bệnh gút thứ phát khác , bàn tay"
M10.45,"bệnh gút thứ phát khác , vùng chậu và đùi"
M10.27,"bệnh gút do thuốc , cổ và bàn chân"
M10.28,"bệnh gút do thuốc , vị trí khác"
M10.29,"bệnh gút do thuốc , vị trí không xác định"
M10.3,bệnh gút do tổn thương chức năng thận
M10.46,"bệnh gút thứ phát khác , cẳng chân"
M10.47,"bệnh gút thứ phát khác , cổ và bàn chân"
M10.48,"bệnh gút thứ phát khác , vị trí khác"
M10.49,"bệnh gút thứ phát khác , vị trí không xác định"
M10.9,bệnh gút không đặc hiệu
M10.90,"bệnh gút không đặc hiệu , nhiều vị trí"
M10.91,"bệnh gút không đặc hiệu , vùng bả vai"
M10.01,"bệnh gút vô căn , vùng bả vai"
M10.02,"bệnh gút vô căn , cánh tay"
M10.03,"bệnh gút vô căn , cẳng tay"
M10.04,"bệnh gút vô căn , bàn tay"
M10.05,"bệnh gút vô căn , vùng chậu và đùi"
M10.06,"bệnh gút vô căn , cẳng chân"
M10.07,"bệnh gút vô căn , cổ và bàn chân"
M10.08,"bệnh gút vô căn , vị trí khác"
M10.09,"bệnh gút vô căn , vị trí không xác định"
M10.1,bệnh gút do ngộ độc chì
M09.85*,viêm khớp trẻ em trong các bệnh phân loại nơi khác vùng chậu và đùi
M09.86*,"viêm khớp trẻ em trong các bệnh phân loại nơi khác , cẳng chân"
M09.21*,"viêm khớp trẻ em trong bệnh viêm loét đại tràng ( k51 . - † ) , vùng bả vai"
M09.22*,"viêm khớp trẻ em trong bệnh viêm loét đại tràng ( k51 . - † ) , cánh tay"
M09.23*,"viêm khớp trẻ em trong bệnh viêm loét đại tràng ( k51 . - † ) , cẳng tay"
M09.28*,"viêm khớp trẻ em trong bệnh viêm loét đại tràng ( k51 . - † ) , vị trí khác"
M09.29*,"viêm khớp trẻ em trong bệnh viêm loét đại tràng ( k51 . - † ) , vị trí không xác định"
M09.8*,viêm khớp trẻ em trong các bệnh phân loại nơi khác
M09.80*,"viêm khớp trẻ em trong các bệnh phân loại nơi khác , nhiều vị trí"
M09.81*,"viêm khớp trẻ em trong các bệnh phân loại nơi khác , vùng bả vai"
M09.82*,"viêm khớp trẻ em trong các bệnh phân loại nơi khác , cánh tay"
M09.87*,"viêm khớp trẻ em trong các bệnh phân loại nơi khác , cổ và bàn chân"
M09.88*,"viêm khớp trẻ em trong các bệnh phân loại nơi khác , vị trí khác"
M09.89*,"viêm khớp trẻ em trong các bệnh phân loại nơi khác , vị trí không xác định"
M09.83*,"viêm khớp trẻ em trong các bệnh phân loại nơi khác , cẳng tay"
M09.84*,"viêm khớp trẻ em trong các bệnh phân loại nơi khác , bàn tay"
M10.10,"bệnh gút do ngộ độc chì , nhiều vị trí"
M10.11,"bệnh gút do ngộ độc chì , vùng bả vai"
M10.12,"bệnh gút do ngộ độc chì , cánh tay"
M10.13,"bệnh gút do ngộ độc chì , cẳng tay"
M10,gút ( thống phong )
M10.0,bệnh gút tiên phát
M10.00,"bệnh gút vô căn , nhiều vị trí"
M19.0,thoái hóa khớp nguyên phát ở các khớp khác
M19.01,"thoái hóa khớp nguyên phát ở các khớp khác , vùng bả vai"
M19.02,"thoái hóa khớp nguyên phát ở các khớp khác , cánh tay"
M17,thoái hóa khớp gối
M17.0,"thoái hóa khớp gối nguyên phát , 2 bên"
M17.1,thoái hóa khớp gối nguyên phát khác
M17.2,"thoái hóa khớp gối sau chấn thương , 2 bên"
M17.3,thoái hóa khớp gối sau chấn thương khác
M17.4,"thoái hóa khớp gối thứ phát khác , 2 bên"
M07*,viêm khớp vảy nến và viêm khớp liên quan đến viêm ruột
M07.0*,bệnh khớp vảy nến có tổn thương khớp ngón xa ( l40 . 5 † )
M07.00*,"bệnh khớp vảy nến có tổn thương khớp ngón xa ( l40 . 5 † ) , nhiều vị trí"
M07.04*,"bệnh khớp vảy nến có tổn thương khớp ngón xa ( l40 . 5 † ) , bàn tay"
M07.07*,"bệnh khớp vảy nến có tổn thương khớp ngón xa ( l40 . 5 † ) , cổ và bàn chân"
M08.85,"các viêm khớp trẻ em khác , vùng chậu và đùi"
M08.86,"các viêm khớp trẻ em khác , cẳng chân"
M08.87,"các viêm khớp trẻ em khác , cổ và bàn chân"
M08.42,"viêm khớp trẻ em thể ít khớp , cánh tay"
M08.43,"viêm khớp trẻ em thể ít khớp , cẳng tay"
M08.44,"viêm khớp trẻ em thể ít khớp , bàn tay"
M08.45,"viêm khớp trẻ em thể ít khớp , vùng chậu và đùi"
M09.0*,viêm khớp thiếu niên do vẩy nến ( k50 . - † )
M09.00*,"viêm khớp thiếu niên sau vảy nến ( k50 . - † ) , nhiều vị trí"
M09.01*,"viêm khớp thiếu niên sau vảy nến ( k50 . - † ) , vùng bả vai"
M09.02*,"viêm khớp thiếu niên sau vảy nến ( k50 . - † ) , cánh tay"
M09.03*,"viêm khớp thiếu niên sau vảy nến ( k50 . - † ) , cẳng tay"
M09.04*,"viêm khớp thiếu niên sau vảy nến ( k50 . - † ) , bàn tay"
M09.05*,"viêm khớp thiếu niên sau vảy nến ( k50 . - † ) , vùng chậu và đùi"
M08.28,"viêm khớp trẻ em thể khởi đầu hệ thống , vị trí khác"
M08.29,"viêm khớp trẻ em thể khởi đầu hệ thống , vị trí không xác định"
M08.3,viêm nhiều khớp thiếu niên thể huyết thanh âm tính
M08.4,viêm khớp trẻ em thể ít khớp
M08.40,"viêm khớp trẻ em thể ít khớp , nhiều vị trí"
M08.41,"viêm khớp trẻ em thể ít khớp , vùng bả vai"
M08.88,"các viêm khớp trẻ em khác , vị trí khác"
M08.89,"các viêm khớp trẻ em khác , vị trí không xác định"
M08.9,các viêm khớp trẻ em không đặc hiệu
M08.90,"các viêm khớp trẻ em không đặc hiệu , nhiều vị trí"
M08.91,"các viêm khớp trẻ em không đặc hiệu , vùng bả vai"
M08.92,"các viêm khớp trẻ em không đặc hiệu , cánh tay"
M08.93,"các viêm khớp trẻ em không đặc hiệu , cẳng tay"
M08.94,"các viêm khớp trẻ em không đặc hiệu , bàn tay"
M08.95,"các viêm khớp trẻ em không đặc hiệu , vùng chậu và đùi"
M08.96,"các viêm khớp trẻ em không đặc hiệu , cẳng chân"
M08.97,"các viêm khớp trẻ em không đặc hiệu , cổ và bàn chân"
M08.98,"các viêm khớp trẻ em không đặc hiệu , vị trí khác"
M08.99,"các viêm khớp trẻ em không đặc hiệu , vị trí không xác định"
M09*,viêm khớp thiếu niên trong các bệnh phân loại nơi khác
M08.49,"viêm khớp trẻ em thể ít khớp , vị trí không xác định"
M08.8,các viêm khớp trẻ em khác
M08.80,"các viêm khớp trẻ em khác , nhiều vị trí"
M08.81,"các viêm khớp trẻ em khác , vùng bả vai"
M08.82,"các viêm khớp trẻ em khác , cánh tay"
M08.83,"các viêm khớp trẻ em khác , cẳng tay"
M08.84,"các viêm khớp trẻ em khác , bàn tay"
M08.46,"viêm khớp trẻ em thể ít khớp , cẳng chân"
M08.47,"viêm khớp trẻ em thể ít khớp , cổ và bàn chân"
M08.48,"viêm khớp trẻ em thể ít khớp , vị trí khác"
M06.09,"viêm khớp dạng thấp huyết thanh âm tính , vị trí không xác định"
M06.1,bệnh still khởi phát ở người lớn
M06.10,"bệnh still khởi phát ở người lớn , nhiều vị trí"
M06.11,"bệnh still khởi phát ở người lớn , vùng bả vai"
M03.21*,"bệnh khớp sau nhiễm khuẩn khác trong bệnh phân loại nơi khác , vùng bả vai"
M03.22*,"bệnh khớp sau nhiễm khuẩn phân loại nơi khác , cánh tay"
M03.23*,"bệnh khớp sau nhiễm khuẩn phân loại nơi khác , cẳng tay"
M03.24*,"bệnh khớp sau nhiễm khuẩn phân loại nơi khác , bàn tay"
M03.25*,"bệnh khớp sau nhiễm khuẩn phân loại nơi khác , vùng chậu và đùi"
M05.03,"hội chứng felty , cẳng tay"
M05.04,"hội chứng felty , bàn tay"
M05.05,"hội chứng felty , vùng chậu và đùi"
M05.06,"hội chứng felty , cẳng chân"
M05.07,"hội chứng felty , cổ và bàn chân"
M06.18,"bệnh still khởi phát ở người lớn , vị trí khác"
M06.19,"bệnh still khởi phát ở người lớn , vị trí không xác định"
M06.2,viêm bao hoạt dịch do thấp
M06.20,"viêm bao hoạt dịch do thấp , nhiều vị trí"
M06.21,"viêm bao hoạt dịch do thấp , vùng bả vai"
M06,viêm khớp dạng thấp khác
M06.0,viêm khớp dạng thấp huyết thanh âm tính
M06.00,"viêm khớp dạng thấp huyết thanh âm tính , nhiều vị trí"
M06.01,"viêm khớp dạng thấp huyết thanh âm tính , vùng bả vai"
M06.02,"viêm khớp dạng thấp huyết thanh âm tính , cánh tay"
M06.03,"viêm khớp dạng thấp huyết thanh âm tính , cẳng tay"
M06.04,"viêm khớp dạng thấp huyết thanh âm tính , bàn tay"
M06.05,"viêm khớp dạng thấp huyết thanh âm tính , vùng chậu và đùi"
M05.86,"viêm khớp dạng thấp huyết thanh dương tính khác , cẳng chân"
M05.87,"viêm khớp dạng thấp huyết thanh dương tính khác , cổ và bàn chân"
M06.12,"bệnh still khởi phát ở người lớn , cánh tay"
M06.13,"bệnh still khởi phát ở người lớn , cẳng tay"
M06.14,"bệnh still khởi phát ở người lớn , bàn tay"
M05.88,"viêm khớp dạng thấp huyết thanh dương tính khác , vị trí khác"
M05.89,"viêm khớp dạng thấp huyết thanh dương tính khác , vị trí không xác định"
M05.9,viêm khớp dạng thấp huyết thanh dương tính không đặc hiệu
M05.90,"viêm khớp dạng thấp huyết thanh dương tính không đặc hiệu , nhiều vị trí"
M05.91,"viêm khớp dạng thấp huyết thanh dương tính không đặc hiệu , vùng bả vai"
M05.92,"viêm khớp dạng thấp huyết thanh dương tính không đặc hiệu , cánh tay"
M05.93,"viêm khớp dạng thấp huyết thanh dương tính không đặc hiệu , cẳng tay"
M05.94,"viêm khớp dạng thấp huyết thanh dương tính không đặc hiệu , bàn tay"
M05.95,"viêm khớp dạng thấp huyết thanh dương tính không đặc hiệu , vùng chậu và đùi"
M05.96,"viêm khớp dạng thấp huyết thanh dương tính không đặc hiệu , cẳng chân"
M05.97,"viêm khớp dạng thấp huyết thanh dương tính không đặc hiệu , cổ và bàn chân"
M05.98,"viêm khớp dạng thấp huyết thanh dương tính không đặc hiệu , vị trí khác"
M05.99,"viêm khớp dạng thấp huyết thanh dương tính không đặc hiệu , vị trí không xác định"
M06.06,"viêm khớp dạng thấp huyết thanh âm tính , cẳng chân"
M06.07,"viêm khớp dạng thấp huyết thanh âm tính , cổ và bàn chân"
M06.08,"viêm khớp dạng thấp huyết thanh âm tính , vị trí khác"
M03.04*,"viêm khớp phản ứng sau nhiễm não mô cầu ( a39 . 8 † ) , bàn tay"
M03.05*,"viêm khớp phản ứng sau nhiễm não mô cầu ( a39 . 8 † ) , vùng chậu và đùi"
M03.06*,"viêm khớp phản ứng sau nhiễm não mô cầu ( a39 . 8 † ) , cẳng chân"
M05.28,"viêm mạch trong bệnh lý thấp khớp , vị trí khác"
M05.29,"viêm mạch trong bệnh lý thấp khớp , vị trí không xác định"
M05.3†,viêm khớp dạng thấp có tổn thương các tạng liên quan
M05.8,viêm khớp dạng thấp huyết thanh dương tính khác
M05.80,"viêm khớp dạng thấp huyết thanh dương tính khác , nhiều vị trí"
M05.81,"viêm khớp dạng thấp huyết thanh dương tính khác , vùng bả vai"
M05.82,"viêm khớp dạng thấp huyết thanh dương tính khác , cánh tay"
M05.83,"viêm khớp dạng thấp huyết thanh dương tính khác , cẳng tay"
M03.14*,"bệnh khớp sau nhiễm giang mai , bàn tay"
M03.15*,"bệnh khớp sau nhiễm giang mai , vùng chậu và đùi"
M03.16*,"bệnh khớp sau nhiễm giang mai , cẳng chân"
M03.07*,"viêm khớp phản ứng sau nhiễm não mô cầu ( a39 . 8 † ) , cổ và bàn chân"
M03.08*,"viêm khớp phản ứng sau nhiễm não mô cầu ( a39 . 8 † ) , vị trí khác"
M03.09*,"viêm khớp phản ứng sau nhiễm não mô cầu ( a39 . 8 † ) , vị trí không xác định"
M03.1*,bệnh khớp sau nhiễm giang mai
M03.10*,"bệnh khớp sau nhiễm giang mai , nhiều vị trí"
M03.11*,"bệnh khớp sau nhiễm giang mai , vùng bả vai"
M03.12*,"bệnh khớp sau nhiễm giang mai , cánh tay"
M03.13*,"bệnh khớp sau nhiễm giang mai , cẳng tay"
M05.0,hội chứng felty
M05.00,"hội chứng felty , nhiều vị trí"
M05.01,"hội chứng felty , vùng bả vai"
M05.02,"hội chứng felty , cánh tay"
M05.84,"viêm khớp dạng thấp huyết thanh dương tính khác , bàn tay"
M05.85,"viêm khớp dạng thấp huyết thanh dương tính khác , vùng chậu và đùi"
M05.08,"hội chứng felty , vị trí khác"
M05.09,"hội chứng felty , vị trí không xác định"
M05.1†,bệnh phổi do viêm khớp dạng thấp ( j99 . 0 * )
M05.2,viêm mạch trong bệnh lý thấp khớp
M05.20,"viêm mạch trong bệnh lý thấp khớp , nhiều vị trí"
M05.21,"viêm mạch trong bệnh lý thấp khớp , vùng bả vai"
M05.22,"viêm mạch trong bệnh lý thấp khớp , cánh tay"
M03.61*,"bệnh khớp phản ứng sau một số bệnh phân loại nơi khác , vùng bả vai"
M03.62*,"bệnh khớp phản ứng sau một số bệnh phân loại nơi khác , cánh tay"
M03.63*,"bệnh khớp phản ứng sau một số bệnh phân loại nơi khác , cẳng tay"
M03.64*,"bệnh khớp phản ứng sau một số bệnh phân loại nơi khác , bàn tay"
M03.65*,"bệnh khớp phản ứng sau một số bệnh phân loại nơi khác , vùng chậu và đùi"
M06.4,viêm nhiều khớp
M06.40,"viêm nhiều khớp , nhiều vị trí"
M06.41,"viêm nhiều khớp , vùng bả vai"
M06.42,"viêm nhiều khớp , cánh tay"
M06.43,"viêm nhiều khớp , cẳng tay"
M06.29,"viêm bao hoạt dịch do thấp , vị trí không xác định"
M06.3,hạt ( nốt ) thấp dưới da
M06.30,"hạt ( nốt ) thấp dưới da , nhiều vị trí"
M06.31,"hạt ( nốt ) thấp dưới da , vùng bả vai"
M06.44,"viêm nhiều khớp , bàn tay"
M06.45,"viêm nhiều khớp , vùng chậu và đùi"
M06.46,"viêm nhiều khớp , cẳng chân"
M06.47,"viêm nhiều khớp , cổ và bàn chân"
M06.83,"viêm khớp dạng thấp đặc hiệu khác , cẳng tay"
M06.84,"viêm khớp dạng thấp đặc hiệu khác , bàn tay"
M06.85,"viêm khớp dạng thấp đặc hiệu khác , vùng chậu và đùi"
M06.26,"viêm bao hoạt dịch do thấp , cẳng chân"
M06.27,"viêm bao hoạt dịch do thấp , cổ và bàn chân"
M06.28,"viêm bao hoạt dịch do thấp , vị trí khác"
M06.48,"viêm nhiều khớp , vị trí khác"
M06.49,"viêm nhiều khớp , vị trí không xác định"
M06.8,viêm khớp dạng thấp đặc hiệu khác
M06.80,"viêm khớp dạng thấp đặc hiệu khác , nhiều vị trí"
M06.81,"viêm khớp dạng thấp đặc hiệu khác , vùng bả vai"
M06.82,"viêm khớp dạng thấp đặc hiệu khác , cánh tay"
M06.37,"hạt ( nốt ) thấp dưới da , cổ và bàn chân"
M06.38,"hạt ( nốt ) thấp dưới da , vị trí khác"
M06.39,"hạt ( nốt ) thấp dưới da , vị trí không xác định"
M06.35,"hạt ( nốt ) thấp dưới da , vùng chậu và đùi"
M06.36,"hạt ( nốt ) thấp dưới da , cẳng chân"
M06.32,"hạt ( nốt ) thấp dưới da , cánh tay"
M06.33,"hạt ( nốt ) thấp dưới da , cẳng tay"
M06.34,"hạt ( nốt ) thấp dưới da , bàn tay"
M02.20,"bệnh khớp sau tiêm vaccin , nhiều vị trí"
M02.21,"bệnh khớp sau tiêm vaccin , vùng bả vai"
M02.22,"bệnh khớp sau tiêm vaccin , cánh tay"
M02.23,"bệnh khớp sau tiêm vaccin , cẳng tay"
M02.32,"hội chứng reiter , cánh tay"
M02.33,"hội chứng reiter , cẳng tay"
M02.34,"hội chứng reiter , bàn tay"
M02.35,"hội chứng reiter , vùng chậu và đùi"
M03.26*,"bệnh khớp sau nhiễm khuẩn phân loại nơi khác , cẳng chân"
M03.27*,"bệnh khớp sau nhiễm khuẩn phân loại nơi khác , cổ và bàn chân"
M03.28*,"bệnh khớp sau nhiễm khuẩn phân loại nơi khác , vị trí khác"
M03.29*,"bệnh khớp sau nhiễm khuẩn phân loại nơi khác , vị trí không xác định"
M03.6*,bệnh khớp phản ứng sau một số bệnh phân loại nơi khác
M03.60*,"bệnh khớp phản ứng sau một số bệnh phân loại nơi khác , nhiều vị trí"
M03.66*,"bệnh khớp phản ứng sau một số bệnh phân loại nơi khác , cẳng chân"
M03.67*,"bệnh khớp phản ứng sau một số bệnh phân loại nơi khác , cổ và bàn chân"
M03.68*,"bệnh khớp phản ứng sau một số bệnh phân loại nơi khác , vị trí khác"
M03.69*,"bệnh khớp phản ứng sau một số bệnh phân loại nơi khác , vị trí không xác định"
M05,viêm khớp dạng thấp huyết thanh dương tính
M02.27,"bệnh khớp sau tiêm vaccin , cổ và bàn chân"
M02.28,"bệnh khớp sau tiêm vaccin , vị trí khác"
M02.29,"bệnh khớp sau tiêm vaccin , vị trí không xác định"
M02.3,hội chứng reiter
M02.30,"hội chứng reiter , nhiều vị trí"
M02.31,"hội chứng reiter , vùng bả vai"
M02.24,"bệnh khớp sau tiêm vaccin , bàn tay"
M02.25,"bệnh khớp sau tiêm vaccin , vùng chậu và đùi"
M02.26,"bệnh khớp sau tiêm vaccin , cẳng chân"
M02.36,"hội chứng reiter , cẳng chân"
M02.37,"hội chứng reiter , cổ và bàn chân"
M02.38,"hội chứng reiter , vị trí khác"
M02.39,"hội chứng reiter , vị trí không xác định"
M02.8,bệnh viêm khớp phản ứng khác
M02.80,"bệnh viêm khớp phản ứng khác , nhiều vị trí"
M02.88,"bệnh viêm khớp phản ứng khác , vị trí khác"
M02.89,"bệnh viêm khớp phản ứng khác , vị trí không xác định"
M02.9,bệnh viêm khớp phản ứng không đặc hiệu
M02.90,"bệnh viêm khớp phản ứng không đặc hiệu , nhiều vị trí"
M02.91,"bệnh viêm khớp phản ứng không đặc hiệu , vùng bả vai"
M02.92,"bệnh viêm khớp phản ứng không đặc hiệu , cánh tay"
M02.93,"bệnh viêm khớp phản ứng không đặc hiệu , cẳng tay"
M02.94,"bệnh viêm khớp phản ứng không đặc hiệu , bàn tay"
M02.95,"bệnh viêm khớp phản ứng không đặc hiệu , vùng chậu và đùi"
M02.96,"bệnh viêm khớp phản ứng không đặc hiệu , cẳng chân"
M02.97,"bệnh viêm khớp phản ứng không đặc hiệu , cổ và bàn chân"
M02.98,"bệnh viêm khớp phản ứng không đặc hiệu , vị trí khác"
M02.99,"bệnh viêm khớp phản ứng không đặc hiệu , vị trí không xác định"
M03*,bệnh khớp sau nhiễm khuẩn và bệnh khớp phản ứng phân loại nơi khác
M03.17*,"bệnh khớp sau nhiễm giang mai , cổ và bàn chân"
M03.18*,"bệnh khớp sau nhiễm giang mai , vị trí khác"
M03.19*,"bệnh khớp sau nhiễm giang mai , vị trí không xác định"
M03.2*,bệnh khớp sau nhiễm khuẩn phân loại nơi khác
M03.20*,"bệnh khớp sau nhiễm khuẩn phân loại nơi khác , nhiều vị trí"
M02.81,"bệnh viêm khớp phản ứng khác , vùng bả vai"
M02.82,"bệnh viêm khớp phản ứng khác , cánh tay"
M02.83,"bệnh viêm khớp phản ứng khác , cẳng tay"
M02.84,"bệnh viêm khớp phản ứng khác , bàn tay"
M03.0*,viêm khớp phản ứng sau nhiễm não mô cầu ( a39 . 8 † )
M03.00*,"viêm khớp phản ứng sau nhiễm não mô cầu ( a39 . 8 † ) , nhiều vị trí"
M03.01*,"viêm khớp phản ứng sau nhiễm não mô cầu ( a39 . 8 † ) , vùng bả vai"
M03.02*,"viêm khớp phản ứng sau nhiễm não mô cầu ( a39 . 8 † ) , cánh tay"
M03.03*,"viêm khớp phản ứng sau nhiễm não mô cầu ( a39 . 8 † ) , cẳng tay"
M08.23,"viêm khớp trẻ em thể khởi đầu hệ thống , cẳng tay"
M08.24,"viêm khớp trẻ em thể khởi đầu hệ thống , bàn tay"
M08.25,"viêm khớp trẻ em thể khởi đầu hệ thống , vùng chậu và đùi"
M08.17,"viêm cột sống dính khớp trẻ em , cổ và bàn chân"
M08.18,"viêm cột sống dính khớp trẻ em , vị trí khác"
M08.19,"viêm cột sống dính khớp trẻ em , vị trí không xác định"
M08.2,viêm khớp thiếu niên khởi phát hệ thống
M08.20,"viêm khớp trẻ em thể khởi đầu hệ thống , nhiều vị trí"
M08.21,"viêm khớp trẻ em thể khởi đầu hệ thống , vùng bả vai"
M08.22,"viêm khớp trẻ em thể khởi đầu hệ thống , cánh tay"
M08.12,"viêm cột sống dính khớp trẻ em , cánh tay"
M08.13,"viêm cột sống dính khớp trẻ em , cẳng tay"
M08.14,"viêm cột sống dính khớp trẻ em , bàn tay"
M08.08,"viêm khớp dạng thấp trẻ em , vị trí khác"
M08.09,"viêm khớp dạng thấp trẻ em , vị trí không xác định"
M08.1,viêm khớp thiếu niên thể viêm cột sống dính khớp
M08.10,"viêm cột sống dính khớp trẻ em , nhiều vị trí"
M08.11,"viêm cột sống dính khớp trẻ em , vùng bả vai"
M08.15,"viêm cột sống dính khớp trẻ em , vùng chậu và đùi"
M08.16,"viêm cột sống dính khớp trẻ em , cẳng chân"
M08.04,"viêm khớp dạng thấp trẻ em , bàn tay"
M08.05,"viêm khớp dạng thấp trẻ em , vùng chậu và đùi"
M08.26,"viêm khớp trẻ em thể khởi đầu hệ thống , cẳng chân"
M08.27,"viêm khớp trẻ em thể khởi đầu hệ thống , cổ và bàn chân"
M08.06,"viêm khớp dạng thấp trẻ em , cẳng chân"
M08.07,"viêm khớp dạng thấp trẻ em , cổ và bàn chân"
M06.22,"viêm bao hoạt dịch do thấp , cánh tay"
M06.23,"viêm bao hoạt dịch do thấp , cẳng tay"
M06.24,"viêm bao hoạt dịch do thấp , bàn tay"
M06.25,"viêm bao hoạt dịch do thấp , vùng chậu và đùi"
M05.23,"viêm mạch trong bệnh lý thấp khớp , cẳng tay"
M05.24,"viêm mạch trong bệnh lý thấp khớp , bàn tay"
M05.25,"viêm mạch trong bệnh lý thấp khớp , vùng chậu và đùi"
M07.62*,"bệnh khớp trong bệnh đường ruột khác , cánh tay"
M07.63*,"bệnh khớp trong bệnh đường ruột khác , cẳng tay"
M07.64*,"bệnh khớp trong bệnh đường ruột khác , bàn tay"
M07.58*,"bệnh khớp trong viêm loét đại tràng ( k51 . - † ) , vị trí khác"
M07.59*,"bệnh khớp trong viêm loét đại tràng ( k51 . - † ) , vị trí không xác định"
M07.6,bệnh khớp trong bệnh đường ruột khác
M07.60*,"bệnh khớp trong bệnh đường ruột khác , nhiều vị trí"
M07.61*,"bệnh khớp trong bệnh đường ruột khác , vùng bả vai"
M07.54*,"bệnh khớp trong viêm loét đại tràng ( k51 . - † ) , bàn tay"
M07.55*,"bệnh khớp trong viêm loét đại tràng ( k51 . - † ) , vùng chậu và đùi"
M07.56*,"bệnh khớp trong viêm loét đại tràng ( k51 . - † ) , cẳng chân"
M07.57*,"bệnh khớp trong viêm loét đại tràng ( k51 . - † ) , cổ và bàn chân"
M07.41*,"bệnh khớp trong bệnh crohn ( viêm ruột từng vùng ) ( k50 . - † ) , vùng bả vai"
M07.42*,"bệnh khớp trong bệnh crohn ( viêm ruột từng vùng ) ( k50 . - † ) , cánh tay"
M07.43*,"bệnh khớp trong bệnh crohn ( viêm ruột từng vùng ) ( k50 . - † ) , cẳng tay"
M07.44*,"bệnh khớp trong bệnh crohn ( viêm ruột từng vùng ) ( k50 . - † ) , bàn tay"
M07.45*,"bệnh khớp trong bệnh crohn ( viêm ruột từng vùng ) ( k50 . - † ) , vùng chậu và đùi"
M07.68*,"bệnh khớp trong bệnh đường ruột khác , vị trí khác"
M07.69*,"bệnh khớp trong bệnh đường ruột khác , vị trí không xác định"
M08,viêm khớp thiếu niên
M08.0,viêm khớp dạng thấp thiếu niên
M08.00,"viêm khớp dạng thấp thiếu niên , nhiều vị trí"
M07.5,bệnh khớp trong viêm loét trực tràng ( k51 . - † )
M07.50*,"bệnh khớp trong viêm loét đại tràng ( k51 . - † ) , nhiều vị trí"
M07.51*,"bệnh khớp trong viêm loét đại tràng ( k51 . - † ) , vùng bả vai"
M07.52*,"bệnh khớp trong viêm loét đại tràng ( k51 . - † ) , cánh tay"
M07.53*,"bệnh khớp trong viêm loét đại tràng ( k51 . - † ) , cẳng tay"
M08.01,"viêm khớp dạng thấp thiếu niên , vùng bả vai"
M08.02,"viêm khớp dạng thấp trẻ em , cánh tay"
M08.03,"viêm khớp dạng thấp trẻ em , cẳng tay"
M07.46*,"bệnh khớp trong bệnh crohn ( viêm ruột từng vùng ) ( k50 . - † ) , cẳng chân"
M07.47*,"bệnh khớp trong bệnh crohn ( viêm ruột từng vùng ) ( k50 . - † ) , cổ và bàn chân"
M07.48*,"bệnh khớp trong bệnh crohn ( viêm ruột từng vùng ) ( k50 . - † ) , vị trí khác"
M07.49*,"bệnh khớp trong bệnh crohn ( viêm ruột từng vùng ) ( k50 . - † ) , vị trí không xác định"
M05.26,"viêm mạch trong bệnh lý thấp khớp , cẳng chân"
M05.27,"viêm mạch trong bệnh lý thấp khớp , cổ và bàn chân"
M06.15,"bệnh still khởi phát ở người lớn , vùng chậu và đùi"
M06.16,"bệnh still khởi phát ở người lớn , cẳng chân"
M06.17,"bệnh still khởi phát ở người lớn , cổ và bàn chân"
M07.12*,"viêm khớp vảy nến có hủy khớp ( l40 . 5 † ) , cánh tay"
M07.13*,"viêm khớp vảy nến có hủy khớp ( l40 . 5 † ) , cẳng tay"
M07.14*,"viêm khớp vảy nến có hủy khớp ( l40 . 5 † ) , bàn tay"
M07.09*,"bệnh khớp vảy nến có tổn thương khớp ngón xa ( l40 . 5 † ) , vị trí không xác định"
M07.1*,viêm khớp vảy nến có hủy khớp ( l40 . 5 † )
M07.10*,"viêm khớp vảy nến có hủy khớp ( l40 . 5 † ) , nhiều vị trí"
M07.11*,"viêm khớp vảy nến có hủy khớp ( l40 . 5 † ) , vùng bả vai"
M07.15*,"viêm khớp vảy nến có hủy khớp ( l40 . 5 † ) , vùng chậu và đùi"
M07.16*,"viêm khớp vảy nến có hủy khớp ( l40 . 5 † ) , cẳng chân"
M06.86,"viêm khớp dạng thấp đặc hiệu khác , cẳng chân"
M06.87,"viêm khớp dạng thấp đặc hiệu khác , cổ và bàn chân"
M06.88,"viêm khớp dạng thấp đặc hiệu khác , vị trí khác"
M06.89,"viêm khớp dạng thấp đặc hiệu khác , vị trí không xác định"
M06.9,viêm khớp dạng thấp không đặc hiệu
M07.17*,"viêm khớp vảy nến có hủy khớp ( l40 . 5 † ) , cổ và bàn chân"
M07.31*,"bệnh viêm khớp vảy nến khác ( l40 . 5 † ) , vùng bả vai"
M07.32*,"bệnh viêm khớp vảy nến khác ( l40 . 5 † ) , cánh tay"
M07.33*,"bệnh viêm khớp vảy nến khác ( l40 . 5 † ) , cẳng tay"
M07.34*,"bệnh viêm khớp vảy nến khác ( l40 . 5 † ) , bàn tay"
M07.35*,"bệnh viêm khớp vảy nến khác ( l40 . 5 † ) , vùng chậu và đùi"
M07.36*,"bệnh viêm khớp vảy nến khác ( l40 . 5 † ) , cẳng chân"
M07.18*,"viêm khớp vảy nến có hủy khớp ( l40 . 5 † ) , vị trí khác"
M07.19*,"viêm khớp vảy nến có hủy khớp ( l40 . 5 † ) , vị trí không xác định"
M07.2*,viêm cột sống vảy nến ( l40 . 5 † )
M07.3*,bệnh viêm khớp vảy nến khác ( l40 . 5 † )
M07.30*,"bệnh viêm khớp vảy nến khác ( l40 . 5 † ) , nhiều vị trí"
M07.37*,"bệnh viêm khớp vảy nến khác ( l40 . 5 † ) , cổ và bàn chân"
M07.38*,"bệnh viêm khớp vảy nến khác ( l40 . 5 † ) , vị trí khác"
M07.39*,"bệnh viêm khớp vảy nến khác ( l40 . 5 † ) , vị trí không xác định"
M07.4,bệnh khớp trong bệnh crohn ( viêm ruột từng vùng ) ( k50 . - † )
M07.40*,"bệnh khớp trong bệnh crohn ( viêm ruột từng vùng ) ( k50 . - † ) , nhiều vị trí"
M09.14*,"viêm khớp trẻ em trong bệnh crohn ( viêm ruột đoạn ) ( k50 . - † ) , bàn tay"
M09.15*,"viêm khớp trẻ em trong bệnh crohn ( viêm ruột từng vùng ) ( k50 . - † ) , vùng chậu và đùi"
M09.16*,"viêm khớp trẻ em trong bệnh crohn ( viêm ruột từng vùng ) ( k50 . - † ) , cẳng chân"
M09.17*,"viêm khớp trẻ em trong bệnh crohn ( viêm ruột từng vùng ) ( k50 . - † ) , cổ và bàn chân"
H46,viêm thị thần kinh
H47,các bệnh khác của thần kinh thị ( dây thần kinh số ii ) và đường thị giác
H90.4,"nghe kém giác quan , một bên với sức nghe không hạn chế bên đối diện"
H90.5,nghe kém giác quan không đặc hiệu
H90.6,"nghe kém hỗn hợp dẫn truyền và giác quan , hai bên"
H91,nghe kém khác
H91.0,nghe kém do ngộ độc tai
H91.1,nghe kém tuổi già ( lão thính )
H91.2,nghe kém đột ngột không rõ nguyên nhân
H91.3,"câm điếc , không phân loại nơi khác"
H91.8,nghe kém đặc hiệu khác
H91.9,nghe kém không đặc hiệu
H92,đau tai và chảy dịch ở tai
H93.8,bệnh tai đặc hiệu khác
H93.9,"bệnh tai , không đặc hiệu"
H94*,bệnh khác của tai trong bệnh phân loại nơi khác
H94.0*,viêm dây thần kinh thính giác trong bệnh nhiễm trùng và ký sinh trùng phân loại nơi khác
H94.8*,những rối loạn đặc hiệu khác của tai trong các bệnh phân loại nơi khác
H95,"bệnh tai và xương chũm sau phẫu thuật , không phân loại nơi khác"
H95.0,cholesteatoma tái diễn ở hố mổ khoét chũm
H90.7,"nghe kém hỗn hợp dẫn truyền và giác quan , một bên với sức nghe không hạn chế bên đối diện"
H90.8,nghe kém hỗn hợp dẫn truyền và giác quan không đặc hiệu
H92.0,đau tai
H92.1,chảy dịch tai
H92.2,chảy máu tai
H93,"bệnh khác của tai , không phân loại nơi khác"
H93.0,bệnh do thoái hóa và do mạch máu của tai
H95.1,bệnh khác sau mổ khoét chũm
H95.8,rối loạn khác của tai và xương chũm sau phẫu thuật
H95.9,"rối loạn của tai và xương chũm sau phẫu thuật , không đặc hiệu"
I00,thấp không có tổn thương tim
H93.1,ù tai
H93.2,nhận thức thính giác bất thường khác .
H93.3,rối loạn của thần kinh thính giác
G94.1*,tràn dịch não trong u ( c00 - d48 † )
G94.2*,tràn dịch não trong các bệnh phân loại nơi khác
G94.3*,bệnh não phân loại nơi khác
G94.8*,bệnh lý xác định khác của não trong các bệnh phân loại nơi khác
G95,bệnh khác của tủy sống
G95.0,bệnh rỗng tủy sống và rỗng hành não
H10.0,viêm kết mạc nhầy mủ
H10.1,viêm kết mạc dị ứng cấp
H10.2,viêm kết mạc cấp khác
H10.3,"viêm kết mạc cấp , không đặc hiệu"
H10.4,viêm kết mạc mạn tính
H10.5,"viêm kết mạc , mi mắt"
H10.8,viêm kết mạc khác
H10.9,"viêm kết mạc , không đặc hiệu"
H11,bệnh khác của kết mạc
H11.9,"bệnh của kết mạc , không đặc hiệu"
H13*,bệnh của kết mạc trong các bệnh phân loại nơi khác
H13.0*,nhiễm giun chỉ ở kết mạc ( b74 . - † )
H13.1*,viêm kết mạc trong các bệnh nhiễm trùng và ký sinh trùng phân loại nơi khác
H13.2*,viêm kết mạc trong bệnh phân loại nơi khác
H13.3*,pempigus ở mắt ( l12 . - † )
H11.0,mộng thịt
H11.1,"cặn lắng và thoái hóa kết mạc , sạn vôi"
H11.2,sẹo kết mạc
H06.2*,lồi mắt do tuyến giáp ( e05 . - † )
H06.3*,bệnh khác của hốc mắt trong các bệnh phân loại nơi khác
H10,viêm kết mạc
H13.8*,bệnh khác của kết mạc trong các bệnh phân loại nơi khác
H15,bệnh của củng mạc
H15.0,viêm củng mạc
H15.1,viêm thượng củng mạc
H11.3,xuất huyết kết mạc
H11.4,nang các bệnh mạch máu kết mạc khác
H11.8,bệnh xác định khác của kết mạc
H05.9,"bệnh của hốc mắt , không xác định"
H06*,bệnh của lệ bộ và hốc mắt trong các bệnh phân loại nơi khác
H06.0*,bệnh của lệ bộ trong các bệnh phân loại nơi khác
H06.1*,nhiễm ký sinh trùng của hốc mắt trong các bệnh phân loại nơi khác
H05.4,lõm mắt
H05.5,dị vật ( cũ ) hậu nhãn cầu
H05.8,bệnh khác của hốc mắt
G93.9,"rối loạn ở não , không đặc hiệu"
G94*,bệnh khác của não trong bệnh phân loại nơi khác
G94.0*,tràn dịch não trong bệnh nhiễm trùng và ký sinh trùng phân loại nơi khác ( a00 - b99 † )
H02.5,bệnh khác ảnh hưởng đến chức năng của mi mắt
H02.6,u vàng ở mi mắt
H02.0,quặm và lông xiêu của mi mắt
H02.7,bệnh thoái hóa khác của mi mắt và vùng quanh mắt
H05.1,viêm tổ chức hốc mắt mạn tính
H05.2,bệnh lý lồi mắt
H05.3,biến dạng của hốc mắt
H03.0*,nhiễm ký sinh trùng ở mi mắt trong các bệnh phân loại nơi khác
H03.1*,tổn thương mi mắt trong các bệnh truyền nhiễm phân loại nơi khác
H03.8*,liên quan đến mi mắt trong các bệnh phân loại nơi khác
H04,bệnh của lệ bộ
H04.0,viêm tuyến lệ
H04.1,bệnh khác của tuyến lệ
H04.2,chảy nước mắt
H04.3,viêm lệ đạo cấp tính và không đặc hiệu
H04.4,viêm lệ đạo mạn tính
H04.5,"hẹp , tắc lệ đạo và suy giảm chức năng lệ đạo"
H04.6,biến đổi khác của lệ đạo
H04.8,bệnh khác của lệ bộ
H04.9,"bệnh của lệ bộ , không đặc hiệu"
H05,bệnh của hốc mắt
H05.0,viêm hốc mắt cấp tính
H02.1,lật mi
H02.2,hở mi
H02.3,sa da mi
H02.4,sụp mi
H02.8,bệnh khác của mi mắt
H02.9,bệnh mi mắt không đặc hiệu
H03*,bệnh mí mắt trong các bệnh phân loại nơi khác
H47.0,"bệnh thần kinh thị , không phân loại nơi khác"
H47.1,"phù gai thị , không đặc hiệu"
H47.2,teo thị thần kinh
H47.3,bệnh khác của đĩa thị - khuyết gai thị
H27.0,không có thể thủy tinh
H27.1,lệch thể thủy tinh
H27.8,bệnh thể thủy tinh xác định khác
H27.9,"bệnh thể thủy tinh , không đặc hiệu"
H28*,đục thủy tinh thể và bệnh của thủy tinh thể khác trong các bệnh phân loại nơi khác
H25,đục thể thủy tinh người già
H44.5,bệnh lý thoái hóa của nhãn cầu
H44.6,"dị vật nội nhãn , có từ tính ( cũ )"
H44.7,"dị vật nội nhãn , không từ tính ( cũ )"
H21.3,"nang mống mắt , thể mi và tiền phòng"
H21.4,màng đồng tử
H21.5,dính và đứt khác của mống mắt và thể mi
H44.8,các bệnh khác của nhãn cầu
H44.9,"bệnh nhãn cầu , không xác định"
H45*,bệnh của dịch kính và nhãn cầu trong các bệnh phân loại nơi khác
H45.0*,xuất huyết dịch kính trong các bệnh phân loại nơi khác
H45.1*,viêm nội nhãn trong các bệnh phân loại nơi khác
H45.8*,các bệnh khác của dịch kính và nhãn cầu trong các bệnh phân loại nơi khác
H49.4,liệt vận nhãn ngoài tiến triển
H49.8,các loại lác liệt khác
H49.9,"các loại lác liệt , không đặc hiệu"
H50,lác khác
H50.0,lác trong ( lác hội tụ đồng hành )
H50.1,lác ngoài ( lác phân kỳ đồng hành )
H50.2,lác đứng
H50.3,lác luân hồi
H50.4,lác khác và lác không xác định
H50.5,lác ẩn
H51.8,rối loạn vận nhãn hai mắt xác định khác
H51.9,"rối loạn vận nhãn hai mắt , không đặc hiệu"
H52,bệnh khúc xạ và điều tiết
H52.0,viễn thị
H52.1,cận thị
H52.2,loạn thị
H49,lác liệt
H49.0,liệt dây thần kinh ( vận nhãn ) iii
H49.1,liệt dây thần kinh ( ròng rọc ) iv
H49.2,liệt dây thần kinh ( giạng ) vi
H49.3,liệt vận nhãn ( ngoài ) toàn bộ
H50.6,lác cơ học
H50.8,lác xác định khác
H50.9,"lác , không đặc hiệu"
H51,các rối loạn vận nhãn hai mắt khác
H51.0,liệt phối hợp hướng nhìn
H51.1,thiểu năng hay gia tăng quy tụ
H51.2,liệt vận nhãn gian
H25.0,đục thể thủy tinh bắt đầu ở người già
H25.2,đục thể thủy tinh hình thái morgagni
H25.8,đục thể thủy tinh người già khác
H25.1,đục thể thủy tinh vùng nhân ở người già
H40.0,nghi ngờ glocom
H40.1,glocom góc mở nguyên phát
H40.2,glocom góc đóng nguyên phát
H44,bệnh của nhãn cầu
H44.0,viêm mủ nội nhãn
H44.1,viêm nội nhãn khác
H44.2,cận thị thoái hóa
H44.3,bệnh lý thoái hóa khác của nhãn cầu
H44.4,hạ nhãn áp
H42.8*,glocom trong các bệnh phân loại nơi khác
H43,bệnh của dịch kính
H43.0,vỡ khối dịch kính
H40.3,glocom thứ phát do chấn thương mắt
H40.4,glocom thứ phát do viêm mắt
H40.5,glocom thứ phát do bệnh mắt khác
H35.9,"các bệnh lý võng mạc , không đặc hiệu"
H36*,bệnh lý võng mạc trong các bệnh phân loại nơi khác
H36.0*,bệnh võng mạc đái tháo đường ( e10 - e14 với ký tự thứ tư chung là . 3 † )
H36.8*,bệnh võng mạc khác trong các bệnh phân loại nơi khác
H40,glocom
H40.6,glocom thứ phát do thuốc
H40.8,glocom khác
H40.9,"glocom , không đặc hiệu"
H43.1,xuất huyết dịch kính
H43.2,cặn lắng tinh thể trong dịch kính
H43.3,vẩn đục dịch kính khác
H43.8,bệnh khác của dịch kính
H43.9,"bệnh dịch kính , không xác định"
G72.2,bệnh cơ do độc tố khác
G72.3,liệt chu kỳ
G72.4,"viêm cơ , không phân loại nơi khác"
G72.8,bệnh cơ xác định khác
G72.9,"bệnh cơ , không đặc hiệu"
G73*,bệnh khớp thần kinh - cơ và cơ trong các bệnh phân loại nơi khác
G71.3,"bệnh cơ do thể ty lạp , không phân loại nơi khác"
G71.8,các bệnh tiên phát khác của cơ
G71.9,"bệnh cơ tiên phát , không đặc hiệu"
G72,bệnh cơ khác
G72.0,bệnh cơ do thuốc
G72.1,bệnh cơ do rượu
G73.7*,bệnh cơ trong bệnh phân loại nơi khác
G80,bại não
G80.0,bại não liệt tứ chi co cứng
G93.3,hội chứng mệt mỏi sau nhiễm virus
G93.4,"bệnh não , không đặc hiệu"
G93.5,chèn ép não
G93.6,phù não
G93.7,hội chứng reye
G93.8,bệnh lý xác định khác của não
G91.9,"não úng thủy , không đặc hiệu"
G92,bệnh não nhiễm độc
G93,bệnh khác của não
G93.0,kén dịch não
G93.1,"tổn thương não do thiếu oxy , không phân loại nơi khác"
G93.2,tăng áp lực trong sọ lành tính
G70.8,bệnh thần kinh - cơ xác định khác
G70.9,"bệnh thần kinh - cơ , không đặc hiệu"
G71,bệnh cơ tiên phát
G71.0,loạn dưỡng cơ
G71.1,bệnh loạn trương lực cơ
G71.2,bệnh cơ bẩm sinh
G82.1,liệt cứng hai chi dưới
G82.2,"liệt hai chi dưới , không đặc hiệu"
G82.3,liệt mềm tứ chi
G82.4,liệt cứng tứ chi
G83.3,"liệt một chi , không đặc hiệu"
G83.4,hội chứng đuôi ngựa
G83.5,hội chứng khóa trong
G83.6,liệt mặt do tổn thương tế bào thần kinh vận động trên
G90.1,rối loạn thần kinh tự động gia đình ( riley - day )
G90.2,hội chứng horner
G90.4,rối loạn phản xạ thần kinh tự động
G90.5,hội chứng đau theo vùng phức tạp ( crps ) loại 1
G90.9,"bệnh hệ thần kinh tự chủ , không đặc hiệu"
G91,não úng thủy
G91.0,não úng thủy thể thông
G91.1,não úng thủy thể tắc nghẽn
G91.2,não úng thủy áp lực bình thường
G91.3,"não úng thủy sau chấn thương , không đặc hiệu"
G91.8,não úng thủy khác
G99*,bệnh khác của hệ thần kinh trong bệnh phân loại nơi khác
G99.0*,bệnh hệ thần kinh tự động trong bệnh nội tiết và chuyển hóa
G99.1*,bệnh khác của hệ thần kinh tự chủ trong các bệnh phân loại nơi khác
G99.2*,bệnh tủy trong các bệnh phân loại nơi khác
G99.8*,các bệnh xác định khác của hệ thần kinh trong các bệnh phân loại nơi khác
H00,lẹo và chắp
H21.0,xuất huyết tiền phòng
H21.1,bệnh mạch máu khác của mống mắt và thể mi
H21.2,thoái hóa mống mắt và thể mi
H20.2,viêm mống mắt thể mi do thể thủy tinh
H20.8,viêm mống mắt thể mi khác
H20.9,"viêm mống mắt thể mi , không đặc hiệu"
H21,bệnh khác của mống mắt và thể mi
H16.9,"viêm giác mạc , không đặc hiệu"
H17,sẹo và đục giác mạc
H17.0,sẹo dính giác mạc
H17.1,đục giác mạc trung tâm khác
H17.8,sẹo và đục giác mạc khác
H17.9,"sẹo và đục giác mạc , không đặc hiệu"
H18,bệnh khác của giác mạc
H15.8,bệnh khác của củng mạc
H15.9,"bệnh củng mạc , không đặc hiệu"
H16,viêm giác mạc
H16.0,loét giác mạc
H18.4,thoái hóa giác mạc
H18.5,loạn dưỡng giác mạc di truyền
H18.6,giác mạc hình chóp
H18.7,biến dạng giác mạc khác
H18.8,bệnh giác mạc xác định khác
H18.9,bệnh giác mạc không đặc hiệu
H19*,bệnh củng mạc và giác mạc trong các bệnh phân loại nơi khác
H18.0,nhiễm sắc tố và lắng đọng ở giác mạc
H18.1,bệnh giác mạc bọng
H18.2,phù giác mạc khác
H18.3,biến đổi ở các lớp giác mạc
H20,viêm mống mắt thể mi
H20.0,viêm mống mắt thể mi cấp và bán cấp
H20.1,viêm mống mắt thể mi mạn
H16.1,viêm giác mạc nông khác không viêm kết mạc
H16.2,viêm kết giác mạc
H16.3,viêm giác mạc sâu và viêm giác mạc kẽ
H16.4,tân mạch giác mạc
H16.8,viêm giác mạc khác
H19.0*,viêm củng mạc và thượng củng mạc trong các bệnh phân loại nơi khác
H19.1*,viêm giác mạc và viêm kết mạc do virus herpes ( b00 . 5 † )
H19.2*,viêm giác mạc và viêm kết giác mạc trong bệnh nhiễm trùng và nhiễm ký sinh khác phân loại nơi khác
H19.3*,viêm giác mạc và viêm kết giác mạc trong bệnh phân loại nơi khác
H19.8*,bệnh khác của củng mạc và giác mạc trong bệnh phân loại nơi khác
H28.0*,đục thể thủy tinh do đái tháo đường ( e10 - e14 với ký tự thứ tư là . 3 † )
H28.1*,"đục thể thủy tinh trong các bệnh nội tiết , dinh dưỡng và chuyển hóa khác"
H28.2*,đục thể thủy tinh trong bệnh khác phân loại nơi khác
H28.8*,bệnh khác của thể thủy tinh trong các bệnh phân loại nơi khác
H33.0,bong võng mạc có vết rách
H33.1,tách lớp võng mạc và nang võng mạc
H33.2,bong thanh dịch võng mạc
H33.3,rách võng mạc không có bong
H33.4,bong võng mạc co kéo
H30,viêm hắc võng mạc
H30.0,viêm hắc võng mạc khu trú
H30.1,viêm hắc võng mạc rải rác
H30.2,viêm thể mi sau
H30.8,bệnh viêm hắc võng mạc khác
H30.9,"viêm hắc võng mạc , không xác định"
H31,bệnh khác của hắc mạc
H31.4,bong hắc mạc
H31.8,bệnh hắc mạc xác định khác
H31.9,"bệnh hắc mạc , không xác định"
H32*,bệnh hắc võng mạc trong các bệnh phân loại nơi khác
H32.0*,viêm hắc võng mạc trong bệnh nhiễm trùng và ký sinh trùng phân loại nơi khác
H32.8*,bệnh hắc võng mạc khác trong các bệnh phân loại nơi khác
H33,bong và rách võng mạc
H31.0,sẹo hắc võng mạc
H31.1,thoái hóa hắc mạc
H31.2,loạn dưỡng hắc mạc di truyền
H31.3,xuất huyết và rách hắc mạc
H34.9,"tắc mạch máu võng mạc , không đặc hiệu"
H35,các bệnh lý võng mạc khác
H35.0,bệnh lý võng mạc và biến đổi mạch máu võng mạc
H35.1,bệnh lý võng mạc của trẻ đẻ non
H35.2,bệnh lý võng mạc tăng sinh khác
H21.8,bệnh khác của mống mắt và thể mi
H21.9,"bệnh của mống mắt và thể mi , không đặc hiệu"
H22*,bệnh của mống mắt và thể mi trong bệnh phân loại nơi khác
H22.0*,viêm mống mắt thể mi trong các bệnh nhiễm trùng và ký sinh trùng phân loại nơi khác
H22.1*,viêm mống mắt thể mi trong các bệnh phân loại nơi khác
H22.8*,bệnh khác của mống mắt và thể mi trong các bệnh phân loại nơi khác
H25.9,"đục thể thủy tinh người già , không đặc hiệu"
H26,đục thủy tinh thể khác
H26.0,"đục thể thủy tinh trẻ em , người trẻ và trước tuổi già ( loại trừ bẩm sinh )"
H35.3,thoái hóa hoàng điểm và cực sau
H35.4,thoái hóa võng mạc ngoại biên
H35.5,loạn dưỡng võng mạc di truyền
H35.6,xuất huyết võng mạc
H35.7,bệnh lý có tổn thương chia tách các lớp võng mạc
H35.8,các bệnh lý võng mạc đặc hiệu khác
H33.5,bong võng mạc khác
H34,các bệnh lý tắc mạch máu võng mạc
H34.0,tắc động mạch võng mạc thoáng qua
H34.1,tắc động mạch trung tâm võng mạc
H34.2,các bệnh lý tắc động mạch võng mạc khác
H34.8,các bệnh lý tắc mạch máu võng mạc khác
H42*,glocom trong các bệnh phân loại nơi khác
H42.0*,"glocom trong các bệnh nội tiết , dinh dưỡng và chuyển hóa"
I23,một số biến chứng thường gặp sau nhồi máu cơ tim cấp
I23.0,biến chứng tràn máu màng ngoài tim sau nhồi máu cơ tim cấp
I23.1,biến chứng thủng vách liên nhĩ xảy ra sau nhồi máu cơ tim cấp
I23.2,biến chứng thủng vách liên thất sau nhồi máu cơ tim cấp
I23.3,biến chứng nứt thành tim không có tràn máu màng ngoài tim sau nhồi máu cơ tim cấp
I25.1,bệnh tim mạch do xơ vữa động mạch
I25.2,nhồi máu cơ tim cũ
I25.3,phình thành tim
I25.4,phình động mạch vành
I25.5,bệnh cơ tim do thiếu máu cục bộ
I25.6,thiếu máu cơ tim thầm lặng
I25.8,dạng khác của bệnh tim thiếu máu cục bộ mạn
I25.9,"bệnh tim thiếu máu cục bộ mạn , không đặc hiệu"
I26,tắc mạch phổi
I24.8,dạng khác của bệnh tim thiếu máu cục bộ cấp
I24.9,"bệnh tim do thiếu máu cục bộ cấp , không đặc hiệu"
I25,bệnh tim thiếu máu cục bộ mạn
I25.0,bệnh tim mạch do xơ vữa động mạch vành
I22.1,nhồi máu cơ tim tiến triển của thành dưới
I22.8,nhồi máu cơ tim tiến triển ở vị trí khác
I22.9,nhồi máu cơ tim tiến triển ở vị trí không xác định
I23.4,biến chứng đứt dây chằng van hai lá sau nhồi máu cơ tim cấp
I23.5,biến chứng đứt cơ nhú sau nhồi máu cơ tim cấp
I23.6,"biến chứng huyết khối trong buồng tim tâm nhĩ , tiểu nhĩ và tâm thất sau nhồi máu cơ tim cấp"
I26.0,thuyên tắc mạch phổi có tâm phế cấp
I26.9,thuyên tắc mạch phổi không có tâm phế cấp
I27,các bệnh tim do phổi khác
I27.0,tăng áp động mạch phổi nguyên phát
I27.1,bệnh tim do gù vẹo cột sống
I23.8,biến chứng khác xảy ra sau nhồi máu cơ tim cấp
I24,bệnh tim do thiếu máu cục bộ cấp khác
I24.0,huyết khối mạch vành không gây nhồi máu cơ tim
I24.1,hội chứng dressler
I27.2,tăng áp động mạch phổi thứ phát khác
I27.8,bệnh tim do phổi xác định khác
I27.9,"bệnh tim do phổi , không đặc hiệu"
I28,bệnh mạch máu phổi khác
I28.0,rò động - tĩnh mạch phổi
I28.1,phình động mạch phổi
I28.8,bệnh mạch máu phổi xác định khác
I28.9,"bệnh mạch máu phổi , không đặc hiệu"
I30,viêm màng ngoài tim cấp
H26.1,đục thể thủy tinh do chấn thương
H26.2,đục thể thủy tinh biến chứng
H26.3,đục thể thủy tinh do thuốc
I02,múa giật do thấp
I02.0,múa giật do thấp có ảnh hưởng đến tim
I02.9,múa giật do thấp không ảnh hưởng đến tim
I05,bệnh lý van hai lá do thấp
I05.0,hẹp van hai lá
I07.9,bệnh lý van ba lá khác không đặc hiệu
I08,bệnh lý của nhiều van tim
I08.0,bệnh lý cả van hai lá và van động mạch chủ
I08.1,bệnh cả van hai lá và van ba lá
I05.9,"bệnh van hai lá , không đặc hiệu"
I06,bệnh van động mạch chủ do thấp
I06.0,hẹp van động mạch chủ do thấp
I06.1,hở van động mạch chủ do thấp
I06.2,hẹp hở van động mạch chủ do thấp
I06.8,bệnh van động mạch chủ do thấp khác
I06.9,bệnh van động mạch chủ do thấp không đặc hiệu
I07,bệnh lý van ba lá do thấp
I07.0,hẹp van ba lá
I01,thấp ảnh hưởng đến tim
I01.0,viêm màng ngoài tim do thấp cấp
I01.1,viêm nội tâm mạc cấp do thấp
I01.2,viêm cơ tim do thấp cấp
I01.8,bệnh tim cấp khác do thấp
I01.9,"bệnh tim do thấp cấp , không đặc hiệu"
I07.1,hở van ba lá
I07.2,hẹp hở van ba lá
I07.8,bệnh lý khác của van ba lá
I09.0,viêm cơ tim do thấp
I09.1,"bệnh nội tâm mạc do thấp , có tổn thương van không đặc hiệu"
I09.2,viêm màng ngoài tim do thấp mạn tính
I09.8,các bệnh tim do thấp khác
I09.9,"bệnh tim do thấp , không đặc hiệu"
I10,tăng huyết áp vô căn ( nguyên phát )
I08.2,bệnh cả van động mạch chủ và van ba lá
I08.3,"bệnh lý phối hợp van hai lá , van động mạch chủ và van ba lá"
I08.8,bệnh lý nhiều van khác
I08.9,"bệnh lý nhiều van khác , không đặc hiệu"
I09,các bệnh tim khác do thấp
I05.1,hở van hai lá do thấp
I05.2,hẹp hở van hai lá
I05.8,bệnh van hai lá khác
M33.9,viêm da cơ - viêm đa cơ không đặc hiệu
M34,xơ cứng bì toàn thể
M34.0,xơ cứng bì toàn thể tiến triển
M34.1,hội chứng xơ cứng bì hạn chế ( crest )
M41.4,vẹo cột sống do nguyên nhân thần kinh - cơ
M41.40,"vẹo cột sống do nguyên nhân thần kinh - cơ , nhiều vị trí cột sống"
M41.43,"vẹo cột sống do nguyên nhân thần kinh - cơ , vùng cổ lưng"
M41.44,"vẹo cột sống do nguyên nhân thần kinh - cơ , vùng ngực"
M41.29,"các vẹo cột sống tự phát khác , vị trí không xác định"
M41.3,vẹo cột sống do bất thường vùng ngực
M41.30,"vẹo cột sống do bất thường vùng ngực , nhiều vị trí cột sống"
M41.34,"vẹo cột sống do bất thường vùng ngực , vùng ngực"
M41.35,"vẹo cột sống do bất thường vùng ngực , vùng ngực thắt lưng"
M41.41,"vẹo cột sống do nguyên nhân thần kinh - cơ , vùng chẩm - trục - đội"
M41.42,"vẹo cột sống do nguyên nhân thần kinh - cơ , vùng cổ"
M41.25,"các vẹo cột sống tự phát khác , vùng ngực thắt lưng"
M41.26,"các vẹo cột sống tự phát khác , vùng thắt lưng"
M41.27,"các vẹo cột sống tự phát khác , vùng thắt lưng - cùng"
M41.28,"các vẹo cột sống tự phát khác , vùng cùng và cùng cụt"
M41.15,"vẹo cột sống tự phát thiếu niên , vùng ngực thắt lưng"
M41.16,"vẹo cột sống tự phát thiếu niên , vùng thắt lưng"
M41.17,"vẹo cột sống tự phát thiếu niên , vùng thắt lưng - cùng"
M41.18,"vẹo cột sống tự phát thiếu niên , vùng cùng và cùng cụt"
M41.19,"vẹo cột sống tự phát thiếu niên , vị trí không xác định"
M41.2,các vẹo cột sống tự phát khác
M41.20,"các vẹo cột sống tự phát khác , nhiều vị trí cột sống"
M41.21,"các vẹo cột sống tự phát khác , vùng chẩm - trục - đội"
M41.22,"các vẹo cột sống tự phát khác , vùng cổ"
M41.23,"các vẹo cột sống tự phát khác , vùng cổ lưng"
M41.24,"các vẹo cột sống tự phát khác , vùng ngực"
M41.13,"vẹo cột sống tự phát thiếu niên , vùng cổ lưng"
M41.14,"vẹo cột sống tự phát thiếu niên , vùng ngực"
M25.72,"gai xương , cánh tay"
M25.73,"gai xương , cẳng tay"
M25.74,"gai xương , bàn tay"
M25.75,"gai xương , vùng chậu và đùi"
M40.51,"ưỡn cột sống không đặc hiệu , vùng chẩm - trục - đội"
M40.52,"ưỡn cột sống không đặc hiệu , vùng cổ"
M40.53,"ưỡn cột sống không đặc hiệu , vùng cổ lưng"
M40.54,"ưỡn cột sống không đặc hiệu , vùng ngực"
M40.55,"ưỡn cột sống không đặc hiệu , vùng ngực thắt lưng"
M40.56,"ưỡn cột sống không đặc hiệu , vùng thắt lưng"
M40.57,"ưỡn cột sống không đặc hiệu , vùng thắt lưng - cùng"
M40.58,"ưỡn cột sống không đặc hiệu , vùng cùng và cùng cụt"
M40.59,"ưỡn cột sống không đặc hiệu , vị trí không xác định"
M41,vẹo cột sống
M41.0,vẹo cột sống tự phát ở trẻ nhỏ
M41.03,"vẹo cột sống tự phát ở trẻ nhỏ , vùng cổ lưng"
M41.04,"vẹo cột sống tự phát ở trẻ nhỏ , vùng ngực"
M41.05,"vẹo cột sống tự phát ở trẻ nhỏ , vùng ngực thắt lưng"
M40.44,"các ưỡn cột sống khác , vùng ngực"
M40.45,"các ưỡn cột sống khác , vùng ngực thắt lưng"
M40.46,"các ưỡn cột sống khác , vùng thắt lưng"
M41.10,"vẹo cột sống tự phát thiếu niên , nhiều vị trí cột sống"
M41.11,"vẹo cột sống tự phát thiếu niên , vùng chẩm - trục - đội"
M41.12,"vẹo cột sống tự phát thiếu niên , vùng cổ"
M41.06,"vẹo cột sống tự phát ở trẻ nhỏ , vùng thắt lưng"
M41.07,"vẹo cột sống tự phát ở trẻ nhỏ , vùng thắt lưng - cùng"
M41.00,"vẹo cột sống tự phát ở trẻ nhỏ , nhiều vị trí cột sống"
M41.01,"vẹo cột sống tự phát ở trẻ nhỏ , vùng chẩm - trục - đội"
M41.02,"vẹo cột sống tự phát ở trẻ nhỏ , vùng cổ"
M41.08,"vẹo cột sống tự phát ở trẻ nhỏ , vùng cùng và cùng cụt"
M41.09,"vẹo cột sống tự phát ở trẻ nhỏ , vị trí không xác định"
M41.1,vẹo cột sống tự phát thiếu niên
M40.41,"các ưỡn cột sống khác , vùng chẩm - trục - đội"
M40.42,"các ưỡn cột sống khác , vùng cổ"
M40.43,"các ưỡn cột sống khác , vùng cổ lưng"
M40.47,"các ưỡn cột sống khác , vùng thắt lưng - cùng"
M40.48,"các ưỡn cột sống khác , vùng cùng và cùng cụt"
M40.49,"các ưỡn cột sống khác , vị trí không xác định"
M40.5,ưỡn cột sống không đặc hiệu
M40.50,"ưỡn cột sống không đặc hiệu , nhiều vị trí cột sống"
M31.6,bệnh viêm động mạch có tế bào khổng lồ khác
M31.7,viêm đa động mạch vi thể
M31.8,các bệnh viêm mạch đặc hiệu hoại tử khác
M31.9,viêm mạch hoại tử không đặc hiệu
M32,lupus ban đỏ hệ thống
M40.06,"gù do tư thế , vùng thắt lưng"
M40.07,"gù do tư thế , vùng thắt lưng - cùng"
M40.08,"gù do tư thế , vùng cùng và cùng cụt"
M36.4*,bệnh khớp trong phản ứng quá mẫn phân loại nơi khác
M36.8*,tổn thương hệ thống mô liên kết trong các bệnh phân loại nơi khác
M40,gù và ưỡn cột sống
M40.0,gù do tư thế
M40.00,"gù do tư thế , nhiều vị trí cột sống"
M25.16,"rò khớp , cẳng chân"
M25.17,"rò khớp , cổ và bàn chân"
M25.18,"rò khớp , vị trí khác"
M25.19,"rò khớp , vị trí không xác định"
M25.2,lỏng lẻo khớp
M40.01,"gù do tư thế , vùng chẩm - trục - đội"
M40.02,"gù do tư thế , vùng cổ"
M40.03,"gù do tư thế , vùng cổ lưng"
M40.04,"gù do tư thế , vùng ngực"
M40.05,"gù do tư thế , vùng ngực thắt lưng"
M40.37,"hội chứng lưng phẳng , vùng thắt lưng - cùng"
M40.38,"hội chứng lưng phẳng , vùng cùng và cùng cụt"
M40.39,"hội chứng lưng phẳng , vị trí không xác định"
M40.4,các ưỡn cột sống khác
M40.40,"các ưỡn cột sống khác , nhiều vị trí cột sống"
M40.17,"các gù cột sống thứ phát khác , vùng thắt lưng - cùng"
M40.18,"các gù cột sống thứ phát khác , vùng cùng và cùng cụt"
M40.19,"các gù cột sống thứ phát khác , vị trí không xác định"
M40.2,các gù khác và không xác định
M40.14,"các gù cột sống thứ phát khác , vùng ngực"
M40.15,"các gù cột sống thứ phát khác , vùng ngực thắt lưng"
M40.16,"các gù cột sống thứ phát khác , vùng thắt lưng"
M40.3,hội chứng lưng phẳng
M40.30,"hội chứng lưng phẳng , nhiều vị trí cột sống"
M40.35,"hội chứng lưng phẳng , vùng ngực thắt lưng"
M40.36,"hội chứng lưng phẳng , vùng thắt lưng"
M40.20,"các gù khác và không xác định , nhiều vị trí cột sống"
M40.21,"các gù khác và không xác định , vùng chẩm - trục - đội"
M40.22,"các gù khác và không xác định , vùng cổ"
M40.23,"các gù khác và không xác định , vùng cổ lưng"
M40.24,"các gù khác và không xác định , vùng ngực"
M40.25,"các gù khác và không xác định , vùng ngực thắt lưng"
M40.26,"các gù khác và không xác định , vùng thắt lưng"
M40.27,"các gù khác và không xác định , vùng thắt lưng - cùng"
M40.28,"các gù khác và không xác định , vùng cùng và cùng cụt"
M40.29,"các gù khác và không xác định , vị trí không xác định"
M40.09,"gù do tư thế , vị trí không xác định"
M40.1,các gù cột sống thứ phát khác
M40.10,"các gù cột sống thứ phát khác , nhiều vị trí cột sống"
M40.11,"các gù cột sống thứ phát khác , vùng chẩm - trục - đội"
M40.12,"các gù cột sống thứ phát khác , vùng cổ"
M40.13,"các gù cột sống thứ phát khác , vùng cổ lưng"
M41.56,"các vẹo cột sống thứ phát khác , vùng thắt lưng"
M41.57,"các vẹo cột sống thứ phát khác , vùng thắt lưng - cùng"
M41.58,"các vẹo cột sống thứ phát khác , vùng cùng và cùng cụt"
M41.59,"các vẹo cột sống thứ phát khác , vị trí không xác định"
M41.8,các dạng khác của vẹo cột sống
M41.45,"vẹo cột sống do nguyên nhân thần kinh - cơ , vùng ngực thắt lưng"
M41.46,"vẹo cột sống do nguyên nhân thần kinh - cơ , vùng thắt lưng"
M41.47,"vẹo cột sống do nguyên nhân thần kinh - cơ , vùng thắt lưng - cùng"
M41.82,"các dạng khác của vẹo cột sống , vùng cổ"
M41.83,"các dạng khác của vẹo cột sống , vùng cổ lưng"
M41.84,"các dạng khác của vẹo cột sống , vùng ngực"
M41.48,"vẹo cột sống do nguyên nhân thần kinh - cơ , vùng cùng và cùng cụt"
M41.49,"vẹo cột sống do nguyên nhân thần kinh - cơ , vị trí không xác định"
M41.5,các vẹo cột sống thứ phát khác
M41.50,"các vẹo cột sống thứ phát khác , nhiều vị trí cột sống"
M41.53,"các vẹo cột sống thứ phát khác , vùng cổ lưng"
M41.54,"các vẹo cột sống thứ phát khác , vùng ngực"
M41.55,"các vẹo cột sống thứ phát khác , vùng ngực thắt lưng"
M41.85,"các dạng khác của vẹo cột sống , vùng ngực thắt lưng"
M41.86,"các dạng khác của vẹo cột sống , vùng thắt lưng"
M41.87,"các dạng khác của vẹo cột sống , vùng thắt lưng - cùng"
M41.51,"các vẹo cột sống thứ phát khác , vùng chẩm - trục - đội"
M41.52,"các vẹo cột sống thứ phát khác , vùng cổ"
M41.80,"các dạng khác của vẹo cột sống , nhiều vị trí cột sống"
M41.81,"các dạng khác của vẹo cột sống , vùng chẩm - trục - đội"
M25.32,"các tổn thương mất vững khác của khớp , cánh tay"
M25.33,"các tổn thương mất vững khác của khớp , cẳng tay"
M25.63,"cứng khớp , không phân loại nơi khác , cẳng tay"
M25.64,"cứng khớp , không phân loại nơi khác , bàn tay"
M25.65,"cứng khớp , không phân loại nơi khác , vùng chậu và đùi"
M25.66,"cứng khớp , không phân loại nơi khác , cẳng chân"
M25.67,"cứng khớp , không phân loại nơi khác , cổ và bàn chân"
M25.27,"lỏng lẻo khớp , cổ và bàn chân"
M25.28,"lỏng lẻo khớp , vị trí khác"
M25.29,"lỏng lẻo khớp , vị trí không xác định"
M25.3,các tổn thương mất vững khác của khớp
M35.7,hội chứng tăng vận động
M35.8,các tổn thương hệ thống đặc hiệu khác của mô liên kết
M35.9,"các tổn thương hệ thống của mô liên kết , không đặc hiệu"
M36*,tổn thương mô liên kết hệ thống trong các bệnh phân loại nơi khác
M36.0*,viêm da cơ và viêm đa cơ tự miễn trong các bệnh lý khối u ( c00 - d48 † )
M34.2,xơ cứng bì do thuốc và hóa chất
M34.8,các dạng khác của xơ cứng bì toàn thể
M34.9,"xơ cứng bì toàn thể , không đặc hiệu"
M32.0,bệnh lupus ban đỏ hệ thống do thuốc
M32.1†,bệnh lupus ban đỏ hệ thống có tổn thương phủ tạng
M32.8,các dạng khác của lupus ban đỏ hệ thống
M32.9,lupus ban đỏ hệ thống không đặc hiệu
M33,viêm da cơ - viêm đa cơ
M33.0,viêm da cơ trẻ em
M33.1,các bệnh viêm da cơ khác
M33.2,viêm đa cơ
M35.4,viêm cân mạc lan tỏa ( tăng bạch cầu ái toan )
M35.5,xơ cứng nhiều ổ
M35.6,viêm mô mỡ dưới da hay tái phát ( weber - christian )
M35,các tổn thương hệ thống khác của mô liên kết
M35.0,hội chứng khô miệng ( hội chứng sjogren )
M35.1,các hội chứng trùng lắp khác
M35.2,bệnh behcet
M35.3,bệnh đau cơ dạng thấp
M36.1*,bệnh khớp trong các bệnh ung thư phân loại nơi khác ( c00 - d48 † )
M36.2*,tổn thương khớp trong bệnh ưa chảy máu ( d66 - d68 † )
M36.3*,bệnh khớp trong các bệnh về máu khác ( d50 - d76 † )
M25.20,"lỏng lẻo khớp , nhiều vị trí"
M25.21,"lỏng lẻo khớp , vùng bả vai"
M25.22,"lỏng lẻo khớp , cánh tay"
M25.23,"lỏng lẻo khớp , cẳng tay"
M25.90,"các bệnh khớp không đặc hiệu , nhiều vị trí"
M25.91,"các bệnh khớp không đặc hiệu , vùng bả vai"
M25.92,"các bệnh khớp không đặc hiệu , cánh tay"
M25.93,"các bệnh khớp không đặc hiệu , cẳng tay"
M25.94,"các bệnh khớp không đặc hiệu , bàn tay"
M25.95,"các bệnh khớp không đặc hiệu , vùng chậu và đùi"
M25.96,"các bệnh khớp không đặc hiệu , cẳng chân"
M25.97,"các bệnh khớp không đặc hiệu , cổ và bàn chân"
M25.98,"các bệnh khớp không đặc hiệu , vị trí khác"
M25.99,"các bệnh khớp không đặc hiệu , vị trí không xác định"
M30,viêm nút quanh động mạch và bệnh liên quan
M25.24,"lỏng lẻo khớp , bàn tay"
M25.25,"lỏng lẻo khớp , vùng chậu và đùi"
M25.26,"lỏng lẻo khớp , cẳng chân"
M25.68,"cứng khớp , không phân loại nơi khác , vị trí khác"
M25.69,"cứng khớp , không phân loại nơi khác , vị trí không xác định"
M25.7,gai xương
M25.70,"gai xương , nhiều vị trí"
M25.71,"gai xương , vùng bả vai"
M25.80,"các bệnh khớp đặc hiệu khác , nhiều vị trí"
M25.81,"các bệnh khớp đặc hiệu khác , vùng bả vai"
M25.82,"các bệnh khớp đặc hiệu khác , cánh tay"
M25.83,"các bệnh khớp đặc hiệu khác , cẳng tay"
M25.84,"các bệnh khớp đặc hiệu khác , bàn tay"
M25.85,"các bệnh khớp đặc hiệu khác , vùng chậu và đùi"
M25.86,"các bệnh khớp đặc hiệu khác , cẳng chân"
M25.87,"các bệnh khớp đặc hiệu khác , cổ và bàn chân"
M25.88,"các bệnh khớp đặc hiệu khác , vị trí khác"
M25.89,"các bệnh khớp đặc hiệu khác , vị trí không xác định"
M25.9,các bệnh khớp không đặc hiệu
M25.76,"gai xương , cẳng chân"
M25.77,"gai xương , cổ và bàn chân"
M25.78,"gai xương , vị trí khác"
M25.79,"gai xương , vị trí không xác định"
M25.8,các bệnh khớp đặc hiệu khác
M30.0,viêm đa động mạch hình nút
M30.1,viêm đa động mạch có tổn thương phổi ( churg - strauss )
M30.2,viêm đa động mạch trẻ em
M30.3,hội chứng hạch - da - niêm mạc ( kawasaki )
M30.8,các bệnh khác liên quan đến viêm nút quanh động mạch
M31,bệnh mạch máu hoại tử khác
M31.0,viêm đa mạch quá mẫn
M31.1,bệnh lý huyết khối vi mạch
M31.3,bệnh u hạt wegener
M31.4,hội chứng quai động mạch chủ ( takayasu )
M31.5,bệnh viêm động mạch tế bào khổng lồ với đau cơ dạng thấp
M25.55,"đau khớp , vùng chậu và đùi"
M25.56,"đau khớp , cẳng chân"
M25.57,"đau khớp , cổ và bàn chân"
M25.47,"tràn dịch khớp , cổ và bàn chân"
M25.48,"tràn dịch khớp , vị trí khác"
M25.49,"tràn dịch khớp , vị trí không xác định"
M25.5,đau khớp
M25.50,"đau khớp , nhiều vị trí"
M25.36,"các tổn thương mất vững khác của khớp , cẳng chân"
M25.37,"các tổn thương mất vững khác của khớp , cổ và bàn chân"
M25.43,"tràn dịch khớp , cẳng tay"
M25.44,"tràn dịch khớp , bàn tay"
M25.45,"tràn dịch khớp , vùng chậu và đùi"
M25.46,"tràn dịch khớp , cẳng chân"
M25.51,"đau khớp , vùng bả vai"
M25.52,"đau khớp , cánh tay"
M25.53,"đau khớp , cẳng tay"
M25.54,"đau khớp , bàn tay"
M25.58,"đau khớp , vị trí khác"
M25.59,"đau khớp , vị trí không xác định"
M25.6,"cứng khớp , không phân loại nơi khác"
M25.60,"cứng khớp , không phân loại nơi khác , nhiều vị trí"
M25.61,"cứng khớp , không phân loại nơi khác , vùng bả vai"
M25.62,"cứng khớp , không phân loại nơi khác , cánh tay"
M25.38,"các tổn thương mất vững khác của khớp , vị trí khác"
M25.39,"các tổn thương mất vững khác của khớp , vị trí không xác định"
M25.4,tràn dịch khớp
M25.40,"tràn dịch khớp , nhiều vị trí"
M25.41,"tràn dịch khớp , vùng bả vai"
M25.42,"tràn dịch khớp , cánh tay"
M25.08,"tràn máu khớp , vị trí khác"
M25.09,"tràn máu khớp , vị trí không xác định"
M25.1,rò khớp
M25.10,"rò khớp , nhiều vị trí"
M25.11,"rò khớp , vùng bả vai"
M25.34,"các tổn thương mất vững khác của khớp , bàn tay"
M25.35,"các tổn thương mất vững khác của khớp , vùng chậu và đùi"
M25.30,"các tổn thương mất vững khác của khớp , nhiều vị trí"
M25.31,"các tổn thương mất vững khác của khớp , vùng bả vai"
M42.04,"viêm xương sụn cột sống thanh thiếu niên , vùng ngực"
M42.05,"viêm xương sụn cột sống thanh thiếu niên , vùng ngực thắt lưng"
M42.06,"viêm xương sụn cột sống thanh thiếu niên , vùng thắt lưng"
M42.07,"viêm xương sụn cột sống thanh thiếu niên , vùng thắt lưng - cùng"
M42.08,"viêm xương sụn cột sống thanh thiếu niên , vùng cùng và cùng cụt"
M42.09,"viêm xương sụn cột sống thanh thiếu niên , vị trí không xác định"
M42.1,hư điểm cốt hóa cột sống người lớn
M42.10,"hư điểm cốt hóa cột sống người lớn , nhiều vị trí cột sống"
M41.89,"các dạng khác của vẹo cột sống , vị trí không xác định"
M41.9,vẹo cột sống không đặc hiệu
M41.90,"vẹo cột sống không đặc hiệu , nhiều vị trí cột sống"
M41.91,"vẹo cột sống không đặc hiệu , vùng chẩm - trục - đội"
M41.92,"vẹo cột sống không đặc hiệu , vùng cổ"
M41.93,"vẹo cột sống không đặc hiệu , vùng cổ lưng"
M41.94,"vẹo cột sống không đặc hiệu , vùng ngực"
M41.95,"vẹo cột sống không đặc hiệu , vùng ngực thắt lưng"
M41.96,"vẹo cột sống không đặc hiệu , vùng thắt lưng"
M41.97,"vẹo cột sống không đặc hiệu , vùng thắt lưng - cùng"
M41.98,"vẹo cột sống không đặc hiệu , vùng cùng và cùng cụt"
M41.99,"vẹo cột sống không đặc hiệu , vị trí không xác định"
M42,viêm xương sụn cột sống
J01.8,viêm đa xoang cấp tính khác
J01.9,"viêm mũi xoang cấp , không đặc hiệu"
J02,viêm họng cấp
J02.0,viêm họng do liên cầu
J02.8,viêm họng cấp do các vi sinh vật xác định khác
J02.9,"viêm họng cấp , không đặc hiệu"
J03,viêm amiđan cấp
J05.0,viêm thanh quản tắc nghẽn cấp ( croup )
J05.1,viêm thanh thiệt cấp
J06,nhiễm trùng đường hô hấp trên cấp ở nhiều và không xác định vị trí
I80.1,viêm tĩnh mạch và viêm tắc tĩnh mạch đùi
I80.2,viêm tĩnh mạch và viêm tắc tĩnh mạch của các tĩnh mạch sâu khác ở chi dưới
J06.0,viêm họng - thanh quản cấp
J06.8,các nhiễm trùng đường hô hấp trên cấp khác ở nhiều vị trí
J06.9,"nhiễm trùng đường hô hấp trên cấp , không xác định"
J09,cúm do virus đã được định danh
J10,cảm cúm do virus cúm mùa đặc hiệu khác
J04.0,viêm thanh quản cấp
J04.1,viêm khí quản cấp
J04.2,viêm thanh khí quản cấp
J05,viêm thanh quản tắc nghẽn cấp ( viêm thanh khí phế quản cấp ) và viêm thanh thiệt cấp
J01.0,viêm xoang hàm cấp tính
J01.1,viêm xoang trán cấp
J01.2,viêm xoang sàng cấp
J01.3,viêm xoang bướm cấp
J01.4,viêm đa xoang cấp tính
J03.8,viêm amiđan cấp tính do các vi sinh vật xác định khác
J03.9,"viêm amiđan cấp , không đặc hiệu"
J04,viêm thanh quản và khí quản cấp
J11.8,"cúm với các biểu hiện khác , virus không được định danh"
J12,"viêm phổi do virus , không phân loại nơi khác"
J12.0,viêm phổi do adenovirus
J12.1,viêm phổi do virus hợp bào hô hấp
J10.0,"cảm cúm với viêm phổi , virus cúm mùa được định danh khác"
J10.1,"cảm cúm với biểu hiện hô hấp khác , virus cúm mùa được định danh khác"
J10.8,"cảm cúm với biểu hiện khác , virus cúm được định danh khác"
J11,"cúm , virus không được định danh"
J11.0,"cúm kèm viêm phổi , virus không được định danh"
J11.1,"cúm với các biểu hiện hô hấp khác , virus không được định danh"
J03.0,viêm amiđan do liên cầu streptococcus
S33.7,bong gân và giãn khớp của các phần không xác định và khác của cột sống thắt lưng và chậu
S34,"tổn thương dây thần kinh và dây sống tại bụng , lưng và vùng chậu"
S49.7,đa tổn thương ở vai và cánh tay trên
S49.8,tổn thương xác định khác ở vai và cánh tay trên
S49.9,tổn thương không xác định ở vai và cánh tay trên
S50,tổn thương nông ở cẳng tay
S48.0,chấn thương đứt lìa khớp vai
S48.1,chấn thương cát cụt tại giữa vai và khuỷu
S48.9,"chấn thương đứt lìa ở vai và cánh tay trên , tầm không xác định"
S49,tổn thương khác và không xác định ở vai và cánh tay trên
S32.7,gãy nhiều xương ở cột sống thắt lưng và khung chậu
S32.70,"gãy nhiều xương ở cột sống thắt lưng và vùng chậu , gãy kín"
S32.71,"gãy nhiều xương ở cột sống thắt lưng và vùng chậu , gãy hở"
S32.8,gãy các phần không xác định và khác của gai thắt lưng và chậu
S32.80,"gãy các phần không xác định và khác của gai thắt lưng và chậu , gãy kín"
S32.81,"gãy các phần không xác định và khác của gai thắt lưng và chậu , gãy hở"
S33,"trật khớp , bong gân và giãn khớp và dây chằng cột sống thắt lưng và chậu"
S31.0,"vết thương hở của lưng dưới và vùng chậu , phần không xác định"
S31.1,vết thương hở của thành bụng
S31.2,vết thương hở của dương vật
S31.3,vết thương hở của bìu và tinh hoàn
S47,tổn thương giập nát vai và cánh tay trên
S48,chấn thương đứt lìa vai và cánh tay trên
S46.8,tổn thương các cơ và gân khác tại vai và cánh tay trên
S46.9,tổn thương cơ và gân không xác định tại vai và cánh tay trên
S50.9,"tổn thương nông cẳng tay , không xác định"
S51,vết thương hở ở cẳng tay
S51.0,vết thương hở ở khuỷu tay
S51.7,đa vết thương hở ở cẳng tay
S50.0,đụng giập ở khuỷu tay
S50.1,đụng giập khác và phần không xác định của cẳng tay
S50.7,nhiều ( đa ) tổn thương nông ở cẳng tay
S50.8,tổn thương khác cẳng tay
S61.1,vết thương hở các ngón tay với tổn thương móng
S61.7,đa vết thương hở ở cổ tay và bàn tay
S61.8,vết thương hở các phần khác của cổ tay và bàn tay
S93.5,bong gân và căng cơ ngón chân
S93.6,bong gân và căng cơ ở phần khác và không xác định của bàn chân
S92.70,"gãy nhiều xương bàn chân , gãy kín"
S92.71,"gãy nhiều xương bàn chân , gãy hở"
S92.9,gãy xương bàn chân không xác định
S93,"trật khớp , bong gân , căng cơ khớp và dây chằng tại tầm cẳng chân và bàn chân"
S93.3,trật khớp phần khác và không xác định tại bàn chân
S93.4,bong gân và căng cơ cổ chân
S94.1,tổn thương dây thần kinh giữa bàn chân
S94.2,tổn thương dây thần kinh mác sâu tại tầm cổ chân và bàn chân
S94.7,tổn thương đa dây thần kinh tại tầm cổ chân và bàn chân
S94.8,tổn thương dây thần kinh khác tại tầm cổ chân và bàn chân
S93.0,trật khớp cổ chân
S93.1,trật khớp ngón chân
S93.2,đứt dây chằng tại tầm cẳng chân và bàn chân
S94.3,tổn thương dây thần kinh cảm giác da tầm cổ chân và bàn chân
S94,tổn thương dây thần kinh tại tầm cổ chân và bàn chân
S94.0,tổn thương dây thần kinh bên bàn chân
S94.9,tổn thương dây thần kinh không xác định tại tầm cổ chân và bàn chân
S95,tổn thương mạch máu tại tầm cổ chân và bàn chân
T34.4,tổn thương do cóng lạnh với hoại tử mô tại cánh tay
T34.5,tổn thương do cóng lạnh với hoại tử mô tại cổ tay và bàn tay
T34.6,tổn thương do cóng lạnh với hoại tử mô tại hông và đùi
T70.1,viêm xoang do chấn thương khí áp
T70.2,tác dụng khác và không xác định của độ cao
T70.3,bệnh do thùng lặn ( bệnh lý do giảm áp )
T70.4,tác động của áp lực dịch cao
T70.8,tác động khác của áp lực khí và áp lực nước
T78.0,sốc phản vệ do phản ứng phụ của thực phẩm
T78.1,"phản ứng phụ khác của thực phẩm , không phân loại nơi khác"
T78.2,"sốc phản vệ , không xác định"
T78.3,phù nề do rối loạn thần kinh huyết quản
T78.4,dị ứng không xác định
T70.9,tác động áp lực khí và áp lực nước không xác định
T71,ngạt thở
T73,tác động của các thiếu hụt khác
T73.0,tác động của đói
T73.1,tác động của khát
T73.2,kiệt sức do phơi nhiễm
T73.3,kiệt sức do cố gắng quá sức
T73.8,tác động khác của thiếu hụt
T75.3,chứng say tàu xe
T75.4,tác động của dòng điện
T75.8,tác động xác định khác của nguyên nhân ngoại sinh khác
T76,các tác dụng không xác định của nguyên nhân ngoại sinh
T78,"tác dụng phụ , không phân loại nơi khác"
T73.9,tác dụng thiếu hụt không xác định
T74,hội chứng đối xử sai trái
T74.0,sao nhãng hoặc từ bỏ
T74.1,lạm dụng thể lực
T74.2,lạm dụng tình dục
T74.3,lạm dụng tâm lý học
T74.8,hội chứng đối xử sai trái khác
T74.9,"hội chứng đối xử sai trái , không xác định"
T75,tác động của các nguyên nhân ngoại sinh khác
T75.0,tác động của tia chớp sét
T75.1,đuối nước và ngập nước không chết
T75.2,tác động của chấn động
T78.8,"tác dụng phụ khác , không phân loại nơi khác"
T78.9,tác dụng phụ không xác định
T79,"một số biến chứng sớm của chấn thương , không phân loại nơi khác"
T79.0,thuyên tắc mạch do khí ( sau chấn thương )
T69.9,"tác dụng hạ nhiệt , không xác định"
T70,tác động của áp lực không khí và áp lực nước
T70.0,viêm tai do chấn thương khí áp
T27.7,"ăn mòn đường hô hấp , phần không xác định"
T28,bỏng và ăn mòn nội tạng khác
T28.0,bỏng tại miệng và hầu họng
T28.1,bỏng tại thực quản
T28.2,bỏng tại phần khác của đường tiêu hóa
T56.7,nhiễm độc beryllium và hợp chất của beryllium
T56.8,nhiễm độc kim loại khác
T56.9,nhiễm độc kim loại không xác định
T57,ngộ độc chất vô cơ
T57.0,nhiễm độc arsen và hợp chất của arsen
T57.1,nhiễm độc phospho và hợp chất của phospho
T56.4,nhiễm độc đồng và hợp chất của đồng
T56.5,nhiễm độc kẽm và hợp chất của kẽm
T56.6,nhiễm độc thiếc và hợp chất của thiếc
T60.0,nhiễm độc thuốc diệt côn trùng phosphat hữu cơ và carbamat
T60.1,nhiễm độc thuốc diệt côn trùng halogen
T60.2,nhiễm độc thuốc diệt côn trùng khác và không xác định
T60.3,nhiễm độc thuốc diệt cỏ và thuốc diệt nấm
T56.0,nhiễm độc chì và hợp chất của chì
T56.1,nhiễm độc thủy ngân và hợp chất của thủy ngân
T56.2,nhiễm độc crôm và hợp chất của crom
T56.3,nhiễm độc dadmi và hợp chất của dadmi
T60.4,nhiễm độc thuốc diệt chuột
T60.8,nhiễm độc thuốc trừ sâu khác
T60.9,nhiễm độc thuốc trừ sâu không xác định
T61,ngộ độc các chất độc do ăn đồ biển
T61.0,nhiễm độc cá ciguatera
T61.1,nhiễm độc cá scombroid
T61.2,nhiễm độc cá khác và sò ốc
T61.8,nhiễm độc hải sản khác
T61.9,nhiễm độc hải sản không xác định
T62,ngộ độc chất độc do ăn thực phẩm
T62.0,ngộ độ do ăn nấm
T62.1,ngộ độc do ăn quả dâu
T59.4,nhiễm độc hơi chlorin
T59.5,nhiễm độc hơi fluorin và hydrogen fluorid
T59.6,nhiễm độc hydrogen sulfid
T59.7,nhiễm độc carbon dioxid ( co2 )
T59.8,"nhiễm độc khí , khói hơi xác định khác"
T59.9,"nhiễm độc khí , khói hơi không xác định"
T60,ngộ độc thuốc trừ sâu
T57.9,"nhiễm độc chất vô cơ , không xác định"
T58,ngộ độc carbon monoxide
T59,"ngộ độc khí khác , khói và hơi"
T59.0,nhiễm độc nitrogen oxid
T59.1,nhiễm độc sulfur dioxid
T59.2,nhiễm độc formaldehyd
T59.3,nhiễm độc hơi lacrimogenic
T57.2,nhiễm độc mangan và hợp chất của manganes
T57.3,"nhiễm độc toxic effect , hydrogen cyanide"
T57.8,nhiễm độc chất vô cơ xác định khác
T26,bỏng và ăn mòn giới hạn tại mắt và phần phụ của mắt
T26.0,bỏng tại mi mắt và vùng quanh nhãn cầu
T34.1,tổn thương do cóng lạnh với hoại tử mô tại cổ
T34.2,tổn thương do cóng lạnh với hoại tử mô tại ngực
T34.3,"tổn thương do cóng lạnh với hoại tử mô tại thành bụng , lưng dưới và khung chậu"
T52.3,nhiễm độc glycol
T52.4,nhiễm độc keton
T52.8,nhiễm độc dung môi hữu cơ khác
T52.9,nhiễm độc dung môi hữu cơ không xác định
T53,ngộ độc dẫn xuất halogen của hydrocarbon béo và thơm
T54.9,"nhiễm độc chất ăn mòn , không xác định"
T55,tác dụng độc của xà phòng và chất giặt tẩy
T56,ngộ độc kim loại
T50.1,ngộ độc thuốc lợi niệu quai tiểu quản thận
T50.2,"ngộ độc thuốc ức chế anhydrase carbonic , benzothladiazid và lợi tiểu khác"
T50.3,"ngộ độc thuốc cân bằng nước , điện giải và nhiệt lượng"
T50.4,ngộ độc thuốc tác động chuyển hóa acid uric
T50.5,ngộ độc thuốc giảm ngon miệng
T50.6,"ngộ độc thuốc giải độc và tác nhân giải độc , không phân loại nơi khác"
T50.7,ngộ độc thuốc hồi sức và đối kháng cảm thụ opioid
T50.8,ngộ độc thuốc chẩn đoán
T54,ngộ độc chất ăn mòn
T54.0,nhiễm độc phenol và chất đồng đẳng của phenol
T54.1,nhiễm độc hợp chất hữu cơ ăn mòn khác
T54.2,nhiễm độc acid ăn mòn và chất giống acid
T54.3,nhiễm độc kiềm ăn mòn và chất giống kiềm
T53.0,nhiễm độc carbon tetrachlorid
T53.1,nhiễm độc chloroform
T53.2,nhiễm độc trichloroethylene
T53.3,nhiễm độc tetrachloroethylen
T53.4,nhiễm độc dichloromethan
T51.8,nhiễm độc cồn khác
T51.9,nhiễm độc cồn không xác định
T52,ngộ độc dung môi hữu cơ
T52.0,nhiễm độc sản phẩm dầu hỏa
T52.1,nhiễm độc benzen
T52.2,nhiễm độc chất đồng đẳng của benzen
T53.5,nhiễm độc chlorofluorocarbon
T53.6,nhiễm độc dẫn xuất halogen của hydrocarbon béo
T53.7,nhiễm độc dẫn xuất halogen của hydrocarbon thơm
T53.9,nhiễm độc dẫn xuất halogen của hydrocarbon béo và hydrocarbon thơm không xác định
T49.6,"ngộ độc thuốc và chế phẩm điều trị tai , mũi , họng"
T49.7,ngộ độc thuốc nha khoa bôi tại chỗ
T49.8,ngộ độc thuốc dùng tại chỗ khác
T49.9,"ngộ độc thuốc dùng tại chỗ , không xác định"
T50,"ngộ độc do thuốc lợi tiểu và thuốc , dược phẩm và chất sinh học khác và không xác định"
T50.0,ngộ độc thuốc mineralocorticoid và chất đối kháng
T33.3,"tổn thương nông do cóng lạnh tại thành bụng , lưng dưới và khung chậu"
T33.4,tổn thương nông do cóng lạnh tại cánh tay
T33.5,tổn thương nông do cóng lạnh tại cổ tay và bàn tay
T31.6,bỏng tổn thương 60 - 69 bề mặt cơ thể
T31.7,bỏng tổn thương 70 - 79 bề mặt cơ thể
T31.8,bỏng tổn thương 80 - 89 bề mặt cơ thể
T31.9,"bỏng tổn thương 90 hoặc hơn , bề mặt cơ thể"
T32,ăn mòn phân loại theo diện tích bề mặt cơ thể bị tổn thương
T32.0,ăn mòn tổn thương ít hơn 10 bề mặt cơ thể
T32.1,ăn mòn tổn thương 10 - 19 bề mặt cơ thể
T32.2,ăn mòn tổn thương 20 - 29 bề mặt cơ thể
T32.3,ăn mòn tổn thương 30 - 39 bề mặt cơ thể
T32.4,ăn mòn tổn thương 40 - 49 bề mặt cơ thể
T33.6,tổn thương nông do cóng lạnh tại hông và đùi
T33.7,tổn thương nông do cóng lạnh tại đầu gối và cẳng chân
T26.4,"bỏng tại mắt và phần phụ của mắt , phần không xác định"
T26.5,ăn mòn tại mi mắt và vùng quanh nhãn cầu
T26.6,ăn mòn tại giác mạc và kết mạc
T37.9,ngộ độc thuốc chống nhiễm trùng và ký sinh trùng khác dùng toàn thân không xác định
T38,"ngộ độc do nội tiết và chất tổng hợp thay thế và chất đối kháng , không phân loại nơi khác"
T38.0,ngộ độc glucocorticoid và chất tổng hợp tương tự
T38.1,ngộ độc hormon tuyến giáp và chất thay thế
T33.8,tổn thương nông do cóng lạnh tại cổ chân và bàn chân
T33.9,tổn thương nông do cóng lạnh tại vị trí khác và không xác định
T34,tổn thương do cóng lạnh với hoại tử mô
T34.0,tổn thương do cóng lạnh với hoại tử mô tại đầu
T35.2,tổn thương do cóng lạnh không xác định tại đầu và cổ
T35.3,"tổn thương do cóng lạnh không xác định tại ngực , bụng , lưng dưới và khung chậu"
T35.4,tổn thương do cóng lạnh không xác định tại chi trên
T35.5,tổn thương do cóng lạnh không xác định tại chi dưới
T35.6,tổn thương do cóng lạnh không xác định tác động nhiều vùng cơ thể
T35.7,tổn thương do cóng lạnh không xác định tại vị trí không xác định
T36,ngộ độc do dùng kháng sinh toàn thân
T36.0,ngộ độc kháng sinh penicillin
T36.1,ngộ độc kháng sinh cefalosporin và kháng sinh beta - lactam khác
T36.2,ngộ độc kháng sinh nhóm chloramphenicol
T36.3,ngộ độc kháng sinh macrolid
T36.4,ngộ độc kháng sinh tetracyclin
T36.5,ngộ độc kháng sinh aminoglycosid
T36.6,ngộ độc kháng sinh rifamycin
T36.7,ngộ độc kháng sinh chống nấm toàn thân
T36.8,ngộ độc kháng sinh toàn thân khác
T36.9,ngộ độc kháng sinh toàn thân không xác định
T37,ngộ độc do chất chống nhiễm trùng và chống ký sinh trùng khác dùng toàn thân
T37.0,ngộ độc sulfonamid
T37.1,ngộ độc thuốc chống mycobacterial
T37.2,ngộ độc thuốc chống sốt rét và thuốc tác động trên đơn bào máu khác
T37.3,ngộ độc thuốc chống đơn bào khác
T37.4,ngộ độc thuốc chống giun sán
T37.5,ngộ độc thuốc chống virus
T37.8,ngộ độc thuốc chống nhiễm trùng và chống ký sinh trùng khác dùng toàn thân đã xác định
T28.3,bỏng tại phần trong của đường tiết niệu sinh dục
T28.4,bỏng nơi khác và các nội tạng không xác định
T28.5,ăn mòn tại miệng và hầu họng
T34.7,tổn thương do cóng lạnh với hoại tử mô tại đầu gối và cẳng chân
T34.8,tổn thương do cóng lạnh với hoại tử mô cổ chân và bàn chân
T38.2,ngộ độc thuốc kháng giáp
T38.3,ngộ độc insulin và thuốc hạ đường huyết uống ( chống đái tháo đường )
T38.4,ngộ độc thuốc tránh thai uống
T38.5,ngộ độc estrogen và progestogen khác
T38.6,"ngộ độc thuốc kháng gonadotrophin , kháng estrogen , kháng androgen , không phân loại nơi khác"
T38.7,ngộ độc androgen và sản phẩm đồng hóa tương tự
T42.0,ngộ độc do dẫn xuất hydantoin
T42.1,ngộ độc do iminostilben
T42.2,ngộ độc do succinimid và oxazolidinedion
T42.3,ngộ độc barbiturat
T42.4,ngộ độc benzodiazepin
T42.5,"ngộ độc hỗn hợp chống động kinh , không phân loại nơi khác"
T42.6,ngộ độc thuốc chống động kinh an thần gây ngủ khác
T42.7,"ngộ độc thuốc chống động kinh , an thần gây ngủ , không xác định"
T42.8,ngộ độc thuốc chống hội chứng parkinson và thuốc ức chế trương lực cơ trung tâm khác
T43,"ngộ độc do thuốc hướng tâm thần , không phân loại nơi khác"
T43.0,ngộ độc thuốc chống trầm cảm ba vòng và bốn vòng
T43.1,ngộ độc thuốc chống trầm cảm nhóm ức chế men imao
T43.2,ngộ độc thuốc chống trầm cảm khác và không xác định
T43.3,ngộ độc thuốc phenothiazin thuốc tâm thần và an thần
T40.2,ngộ độc thuốc có thuốc phiện khác
T40.3,ngộ độc methadon
T40.4,ngộ độc thuốc gây nghiện tổng hợp khác
T40.5,ngộ độc cocain
T40.6,ngộ độc thuốc gây nghiện khác và không xác định
T40.7,ngộ độc cannabis ( dẫn xuất )
T38.8,ngộ độc hormon và chất tổng hợp thay thế khác và không xác định
T38.9,ngộ độc hormon đối kháng và không xác định
T39,"ngộ độc do thuốc giảm đau không opioid , hạ nhiệt và chống thấp khớp"
T39.0,ngộ độc salicylat
T39.1,ngộ độc chất dẫn xuất 4 - aminophenol
T39.2,ngộ độc chất dẫn xuất pyrazolone
T40.8,ngộ độc lysergid ( lsd )
T40.9,ngộ độc thuốc gây ảo giác ( sinh ảo giác ) khác và không xác định
T41,ngộ độc do gây tê và khí điều trị
T41.0,ngộ độc do gây mê đường thở
T39.3,ngộ độc thuốc chống viêm không steroid ( nsaid ) khác
T39.4,"ngộ độc thuốc chống thấp khớp , không phân loại nơi khác"
T39.8,"ngộ độc thuốc giảm đau không opioid hạ nhiệt khác , không phân loại nơi khác"
T39.9,"ngộ độc thuốc giảm đau không opioid , hạ nhiệt và chống thấp khớp không xác định"
T40,ngộ độc thuốc gây nghiện và thuốc hướng tâm thần ( thuốc gây ảo giác )
T40.0,ngộ độc opium ( thuốc phiện )
T40.1,ngộ độc heroin
T41.1,ngộ độc do gây mê đường tĩnh mạch
T41.2,ngộ độc do gây mê toàn thân khác và không xác định
T41.3,ngộ độc do gây mê tại chỗ
T41.4,"ngộ độc do gây mê , không xác định"
T41.5,ngộ độc do khí trị liệu
T42,"ngộ độc do thuốc động kinh , an thần - gây ngủ và chống hội chứng parkinson"
T50.9,"ngộ độc thuốc , dược phẩm và chất sinh học khác khác và không xác định"
T51,ngộ độc cồn
T51.0,nhiễm độc ethanol
T51.1,nhiễm độc methanol
T51.2,nhiễm độc 2 - propanol
T51.3,nhiễm độc dầu fusel ( dầu rượu tạp )
T63.6,tác dụng độc do tiếp xúc với động vật biển khác
T63.8,tác dụng độc do tiếp xúc với xúc vật tiết nọc độc khác
T63.9,ngộ độc do tiếp xúc vật tiết nọc độc không xác định
T64,ngộ độc do thực phẩm nhiễm aflatoxin và độc tố nấm khác
T65,ngộ độc do chất khác và không xác định
T65.0,nhiễm độc cyanid
T65.1,nhiễm độc strychnin và muối của nó
T65.2,nhiễm độc thuốc lá và nicotin
T65.3,nhiễm độc dẫn xuất nitro và amino của benzen và chất đồng đẳng
T65.4,nhiễm độc carbon disulfid
T65.5,nhiễm độc nitroglycerin và acid nitric và ester khác
T65.6,"nhiễm độc sơn và thuốc nhuộm , không phân loại nơi khác"
T65.8,nhiễm độc các chất xác định khác
T65.9,nhiễm độc các chất không xác định
T66,tác dụng không xác định của tia xạ
T67,tác dụng do nhiệt và ánh sáng
T67.3,"suy kiệt do nhiệt , giảm tiết mồ hôi"
T67.4,suy kiệt do nhiệt bởi mất muối
T67.5,"suy kiệt do nhiệt , không xác định"
T67.6,"mệt do nhiệt , nhất thời"
T67.7,phù do nhiệt
T67.8,tác động khác của nhiệt và ánh sáng
T67.9,"tác động nhiệt và ánh sáng , không xác định"
T68,hạ thân nhiệt
T69,tác dụng khác của giảm nhiệt độ
T63.1,nhiễm độc nọc độc của loài bò sát khác
T63.2,nhiễm độc nọc độc của bọ cạp
T63.3,nhiễm độc nọc độc nhện
T63.4,nhiễm độc nọc độc của các tiết túc khác
T63.5,tác dụng độc do tiếp xúc cá
T69.0,ngâm nước bàn tay và bàn chân
T69.1,bệnh cước
T69.8,tác dụng xác định khác của hạ nhiệt
T67.0,đột quỵ do nhiệt và say nắng
T67.1,ngất do nhiệt
T67.2,chuột rút do nhiệt
T62.2,ngộ độc do ăn ( một phần ) các cây khác
T62.8,ngộ độc do ăn chất độc khác đã xác định như thực phẩm
T62.9,"ngộ độc do ăn chất độc như thực phẩm , không xác định"
T63,ngộ độc do tiếp xúc với động vật tiết nọc độc
T63.0,nhiễm độc nọc độc rắn ( rắn cắn )
T34.9,tổn thương do cóng lạnh với hoại tử mô tại vị trí khác và không xác định
T35,tổn thương do cóng lạnh tác động nhiều vùng cơ thể và không xác định
T35.0,tổn thương do cóng lạnh tác động nhiều vùng cơ thể
T35.1,tổn thương do cóng lạnh với hoại tử mô tác động nhiều vùng cơ thể
T45.9,ngộ độc thuốc dùng chủ yếu toàn thân và huyết học không xác định
T46,ngộ độc do thuốc tác động chủ yếu hệ thống tim mạch
T46.0,ngộ độc glycosid kích thích tim và thuốc tác dụng tương tự
T46.1,ngộ độc thuốc chẹn calci
T47,ngộ độc do thuốc tác động chủ yếu trên hệ thống tiêu hóa
T47.0,ngộ độc chất đối kháng thụ cảm histamin h2
T47.1,ngộ độc thuốc chống acid và chống tiết dịch vị khác
T47.2,ngộ độc thuốc kích thích nhuận tràng
T47.3,ngộ độc thuốc nhuận tràng thẩm thấu và muối
T47.4,ngộ độc thuốc nhuận tràng khác
T47.5,ngộ độc thuốc lợi tiêu hóa
T43.4,ngộ độc thuốc an thần butyrophenon và thioxanthen
T43.5,ngộ độc thuốc tâm thần và an thần khác và không xác định
T43.6,ngộ độc thuốc kích thích tâm thần có khả năng lạm dụng thuốc
T43.8,"ngộ độc thuốc tâm thần khác , không phân loại nơi khác"
T43.9,"ngộ độc thuốc hướng tâm thần , không xác định"
T44,ngộ độc do thuốc tác động chủ yếu hệ thần kinh tự chủ
T44.0,ngộ độc thuốc kháng cholinesterase
T44.1,ngộ độc thuốc giống phó giao cảm khác ( cholinergics )
T49.2,ngộ độc thuốc làm săn da tại chỗ và thuốc sát trùng tại chỗ
T49.3,"ngộ độc thuốc làm mềm da , làm dịu da và bảo vệ da"
T49.4,"ngộ độc thuốc làm tróc lớp sừng , tạo hình lớp sừng và thuốc và các chế phẩm điều trị tóc khác"
T49.5,ngộ độc thuốc và chế phẩm điều trị mắt
T44.2,"ngộ độc thuốc chẹn hạch , không phân loại nơi khác"
T44.3,"ngộ độc thuốc hủy phó giao cảm ( chống tiết cholin và chống ngộ độc muscarinin ) và giảm co cứng , không phân loại nơi khác"
T44.4,"ngộ độc chủ yếu đối kháng - receptor alpha - adrenalin , không phân loại nơi khác"
T44.5,"ngộ độc thuốc chủ yếu đối kháng receptor beta - adrenalin , không phân loại nơi khác"
T44.6,"ngộ độc thuốc đối kháng receptor alpha adrenalin , không phân loại nơi khác"
T44.7,"ngộ độc thuốc đối kháng receptor beta - adrenalin , không phân loại nơi khác"
T44.8,"ngộ độc thuốc tác động trung tâm và thuốc chẹn thần kinh gây tiết adrenalin , không phân loại nơi khác"
T44.9,ngộ độc thuốc tác động chủ yếu hệ thần kinh tự chủ khác và không xác định
T45,"ngộ độc do thuốc chủ yếu toàn thân và huyết học , không phân loại nơi khác"
T45.0,ngộ độc thuốc chống nôn và chống dị ứng
T46.2,"ngộ độc thuốc chống loạn nhịp khác , không phân loại nơi khác"
T46.3,"ngộ độc thuốc giãn động mạch vành , không phân loại nơi khác"
T46.4,ngộ độc thuốc ức chế men chuyển đổi angiotensin
T46.5,"ngộ độc thuốc hạ huyết áp khác , không phân loại nơi khác"
T46.6,ngộ độc thuốc hạ lipid máu và chống xơ cứng động mạch
T46.7,ngộ độc thuốc giãn động mạch ngoại vi
T46.8,"ngộ độc thuốc chống giãn tĩnh mạch , kể cả thuốc xơ cứng"
T46.9,ngộ độc thuốc tác động chủ yếu hệ thống tim mạch khác và không xác định
T48.2,ngộ độc thuốc chủ yếu tác động trên cơ khác và không xác định
T48.3,ngộ độc thuốc chống ho
T48.4,ngộ độc thuốc long đờm
T48.5,ngộ độc thuốc chống cảm lạnh
T48.6,"ngộ độc thuốc trị hen , không phân loại nơi khác"
T48.7,ngộ độc thuốc tác động chủ yếu trên hệ hô hấp khác và không xác định
T49,"ngộ độc do thuốc dùng tại chỗ tác động chủ yếu trên da và niêm mạc và do thuốc dùng chữa mắt , tai và răng"
T49.0,"ngộ độc thuốc chống nấm , chống nhiễm trùng , chống viêm tại chỗ , không phân loại khác"
T49.1,ngộ độc thuốc chống ngứa
T45.1,ngộ độc thuốc chống ung thư và thuốc ức chế miễn dịch
T45.2,"ngộ độc vitamin , không phân loại nơi khác"
T45.3,"ngộ độc các enzym , không phân loại nơi khác"
T45.4,ngộ độc sắt và thành phẩm
T45.5,ngộ độc thuốc chống đông máu
T45.6,ngộ độc thuốc tác động phân hủy fibrin
T45.7,"ngộ độc thuốc đối kháng chống đông máu , vitamin k , chống đông máu khác"
T45.8,ngộ độc thuốc dùng chủ yếu toàn thân và huyết học khác
T47.6,ngộ độc thuốc chống tiêu chảy
T47.7,ngộ độc chất gây nôn
T47.8,ngộ độc thuốc khác tác động chủ yếu trên hệ thống tiêu hóa
T47.9,"ngộ độc thuốc tác động chủ yếu trên hệ thống tiêu hóa , không xác định"
T48,ngộ độc do thuốc tác động chủ yếu trên cơ trơn và cơ xương và hệ thống hô hấp
T48.0,ngộ độc thuốc trợ đẻ
T48.1,ngộ độc thuốc giãn cơ ( thuốc ức chế thần kinh cơ )
M54.83,"các đau vùng phía sau cơ thể khác , vùng cổ lưng"
M54.84,"các đau vùng phía sau cơ thể khác , vùng ngực"
M54.85,"các đau vùng phía sau cơ thể khác , vùng ngực thắt lưng"
M60.12,"viêm tổ chức kẽ của cơ , cánh tay"
M60.13,"viêm tổ chức kẽ của cơ , cẳng tay"
M60.14,"viêm tổ chức kẽ của cơ , bàn tay"
M60.15,"viêm tổ chức kẽ của cơ , vùng chậu và đùi"
M60.16,"viêm tổ chức kẽ của cơ , cẳng chân"
M60.17,"viêm tổ chức kẽ của cơ , cổ và bàn chân"
M60.18,"viêm tổ chức kẽ của cơ , vị trí khác"
M60.19,"viêm tổ chức kẽ của cơ , vị trí không xác định"
M60.2,"u hạt mô mềm do dị vật , không phân loại nơi khác"
M60.08,"viêm cơ nhiễm khuẩn , vị trí khác"
M60.09,"viêm cơ nhiễm khuẩn , vị trí không xác định"
M60.1,viêm tổ chức kẽ của cơ
M60.10,"viêm tổ chức kẽ của cơ , nhiều vị trí"
M60.11,"viêm tổ chức kẽ của cơ , vùng bả vai"
M60.85,"các loại viêm cơ khác , vùng chậu và đùi"
M60.86,"các loại viêm cơ khác , cẳng chân"
M60.87,"các loại viêm cơ khác , cổ và bàn chân"
M60.81,"các loại viêm cơ khác , vùng bả vai"
M60.82,"các loại viêm cơ khác , cánh tay"
M60.83,"các loại viêm cơ khác , cẳng tay"
M60.84,"các loại viêm cơ khác , bàn tay"
M60.06,"viêm cơ nhiễm khuẩn , cẳng chân"
M60.07,"viêm cơ nhiễm khuẩn , cổ và bàn chân"
M60.24,"u hạt mô mềm do dị vật , không phân loại nơi khác , bàn tay"
M60.25,"u hạt mô mềm do dị vật , không phân loại nơi khác , vùng chậu và đùi"
M60.26,"u hạt mô mềm do dị vật , không phân loại nơi khác , cẳng chân"
M60.27,"u hạt mô mềm do dị vật , không phân loại nơi khác , cổ và bàn chân"
M60.28,"u hạt mô mềm do dị vật , không phân loại nơi khác , vị trí khác"
M60.29,"u hạt mô mềm do dị vật , không phân loại nơi khác , vị trí không xác định"
M60.8,các loại viêm cơ khác
M60.80,"các loại viêm cơ khác , nhiều vị trí"
M60.20,"u hạt mô mềm do dị vật , không phân loại nơi khác , nhiều vị trí"
M60.21,"u hạt mô mềm do dị vật , không phân loại nơi khác , vùng bả vai"
M60.22,"u hạt mô mềm do dị vật , không phân loại nơi khác , cánh tay"
M60.23,"u hạt mô mềm do dị vật , không phân loại nơi khác , cẳng tay"
M49.13*,"viêm đốt sống do brucella ( a23 . - † ) , vùng cổ lưng"
M49.14*,"viêm đốt sống do brucella ( a23 . - † ) , vùng ngực"
M49.15*,"viêm đốt sống do brucella ( a23 . - † ) , vùng ngực thắt lưng"
M61.0,viêm cơ cốt hóa do chấn thương
M61.1,viêm cơ cốt hóa tiến triển
M61.2,vôi hóa và cốt hóa cơ do liệt
M61.3,vôi hóa và cốt hóa cơ liên quan đến bỏng
M62.02,"lỏng nhẽo cơ , cánh tay"
M62.03,"lỏng nhẽo cơ , cẳng tay"
M62.04,"lỏng nhẽo cơ , bàn tay"
M62.05,"lỏng nhẽo cơ , vùng chậu và đùi"
M62.14,"rách cơ khác ( không do chấn thương ) , bàn tay"
M62.15,"rách cơ khác ( không do chấn thương ) , vùng chậu và đùi"
M62.16,"rách cơ khác ( không do chấn thương ) , cẳng chân"
M62.10,"rách cơ khác ( không do chấn thương ) , nhiều vị trí"
M62.11,"rách cơ khác ( không do chấn thương ) , vùng bả vai"
M62.12,"rách cơ khác ( không do chấn thương ) , cánh tay"
M62.13,"rách cơ khác ( không do chấn thương ) , cẳng tay"
M61.4,các dạng vôi hóa cơ khác
M61.5,các dạng cốt hóa cơ khác
M61.9,các chứng vôi hóa và cốt hóa cơ không đặc hiệu
M62,các bệnh cơ khác
M62.0,lỏng nhẽo cơ
M62.00,"lỏng nhẽo cơ , nhiều vị trí"
M62.01,"lỏng nhẽo cơ , vùng bả vai"
M62.06,"lỏng nhẽo cơ , cẳng chân"
M62.07,"lỏng nhẽo cơ , cổ và bàn chân"
M62.08,"lỏng nhẽo cơ , vị trí khác"
M62.09,"lỏng nhẽo cơ , vị trí không xác định"
M62.1,rách cơ khác ( không do chấn thương )
M60.88,"các loại viêm cơ khác , vị trí khác"
M60.89,"các loại viêm cơ khác , vị trí không xác định"
M60.9,viêm cơ không đặc hiệu
M61,vôi hóa và cốt hóa cơ
M62.17,"rách cơ khác ( không do chấn thương ) , cổ và bàn chân"
M62.18,"rách cơ khác ( không do chấn thương ) , vị trí khác"
M62.19,"rách cơ khác ( không do chấn thương ) , vị trí không xác định"
M62.2,nhồi máu cơ do thiếu máu cục bộ
M62.20,"nhồi máu cơ do thiếu máu cục bộ , nhiều vị trí"
M62.21,"nhồi máu cơ do thiếu máu cục bộ , vùng bả vai"
M62.22,"nhồi máu cơ do thiếu máu cục bộ , cánh tay"
M62.23,"nhồi máu cơ do thiếu máu cục bộ , cẳng tay"
M62.24,"nhồi máu cơ do thiếu máu cục bộ , bàn tay"
M62.25,"nhồi máu cơ do thiếu máu cục bộ , vùng chậu và đùi"
M62.26,"nhồi máu cơ do thiếu máu cục bộ , cẳng chân"
M62.27,"nhồi máu cơ do thiếu máu cục bộ , cổ và bàn chân"
M62.28,"nhồi máu cơ do thiếu máu cục bộ , vị trí khác"
M62.29,"nhồi máu cơ do thiếu máu cục bộ , vị trí không xác định"
M62.3,hội chứng bất động ( liệt 2 chi dưới )
M54.05,"viêm mô mỡ dưới da tại vùng cổ và lưng , vùng ngực thắt lưng"
M54.06,"viêm mô mỡ dưới da tại vùng cổ và lưng , vùng thắt lưng"
M54.07,"viêm mô mỡ dưới da tại vùng cổ và lưng , vùng thắt lưng - cùng"
M48.35,"chấn thương cột sống , vùng ngực thắt lưng"
M48.36,"chấn thương cột sống , vùng thắt lưng"
M48.37,"chấn thương cột sống , vùng thắt lưng - cùng"
M48.38,"chấn thương cột sống , vùng cùng và cùng cụt"
M49.59*,"xẹp đốt sống trong các bệnh phân loại nơi khác , vị trí không xác định"
M49.8*,tổn thương thân đốt sống trong các bệnh phân loại nơi khác
M49.80*,"tổn thương thân đốt sống trong các bệnh phân loại nơi khác , nhiều vị trí cột sống"
M54.11,"bệnh rễ thần kinh tủy sống , vùng chẩm - trục - đội"
M54.12,"bệnh rễ thần kinh tủy sống , vùng cổ"
M54.13,"bệnh rễ thần kinh tủy sống , vùng cổ lưng"
M54.14,"bệnh rễ thần kinh tủy sống , vùng ngực"
M54.15,"bệnh rễ thần kinh tủy sống , vùng ngực thắt lưng"
M54.16,"bệnh rễ thần kinh tủy sống , vùng thắt lưng"
M54.08,"viêm mô mỡ dưới da tại vùng cổ và lưng , vùng cùng và cùng cụt"
M54.09,"viêm mô mỡ dưới da tại vùng cổ và lưng , vị trí không xác định"
M54.1,bệnh rễ thần kinh tủy sống
M54.10,"bệnh rễ thần kinh tủy sống , nhiều vị trí cột sống"
M54.17,"bệnh rễ thần kinh tủy sống , vùng thắt lưng - cùng"
M54.18,"bệnh rễ thần kinh tủy sống , vùng cùng và cùng cụt"
M54.0,viêm mô mỡ dưới da tại vùng cổ và lưng
M54.00,"viêm mô mỡ dưới da tại vùng cổ và lưng , nhiều vị trí cột sống"
M54.01,"viêm mô mỡ dưới da tại vùng cổ và lưng , vùng chẩm - trục - đội"
M53.92,"bệnh cột sống không đặc hiệu , vùng cổ"
M53.93,"bệnh cột sống không đặc hiệu , vùng cổ lưng"
M53.94,"bệnh cột sống không đặc hiệu , vùng ngực"
M53.95,"bệnh cột sống không đặc hiệu , vùng ngực thắt lưng"
M53.96,"bệnh cột sống không đặc hiệu , vùng thắt lưng"
M53.97,"bệnh cột sống không đặc hiệu , vùng thắt lưng - cùng"
M53.98,"bệnh cột sống không đặc hiệu , vùng cùng và cùng cụt"
M53.99,"bệnh cột sống không đặc hiệu , vị trí không xác định"
M54,đau lưng
M54.19,"bệnh rễ thần kinh tủy sống , vị trí không xác định"
M54.2,đau vùng cổ gáy
M67.30,"viêm màng hoạt dịch thoáng qua , nhiều vị trí"
M67.31,"viêm màng hoạt dịch thoáng qua , vùng bả vai"
M67.32,"viêm màng hoạt dịch thoáng qua , cánh tay"
M67.33,"viêm màng hoạt dịch thoáng qua , cẳng tay"
M67.80,"các bệnh của màng hoạt dịch và gân đặc hiệu khác , nhiều vị trí"
M67.81,"các bệnh của màng hoạt dịch và gân đặc hiệu khác , vùng bả vai"
M63.81*,"các bệnh cơ khác trong những bệnh phân loại nơi khác , vùng bả vai"
M63.82*,"các bệnh cơ khác trong những bệnh phân loại nơi khác , cánh tay"
M63.83*,"các bệnh cơ khác trong những bệnh phân loại nơi khác , cẳng tay"
M67.84,"các bệnh của màng hoạt dịch và gân đặc hiệu khác , bàn tay"
M67.85,"các bệnh của màng hoạt dịch và gân đặc hiệu khác , vùng chậu và đùi"
M67.86,"các bệnh của màng hoạt dịch và gân đặc hiệu khác , cẳng chân"
M67.87,"các bệnh của màng hoạt dịch và gân đặc hiệu khác , cổ và bàn chân"
M67.82,"các bệnh của màng hoạt dịch và gân đặc hiệu khác , cánh tay"
M67.83,"các bệnh của màng hoạt dịch và gân đặc hiệu khác , cẳng tay"
M67.38,"viêm màng hoạt dịch thoáng qua , vị trí khác"
M67.39,"viêm màng hoạt dịch thoáng qua , vị trí không xác định"
M67.4,nang hoạt dịch
M67.40,"nang hoạt dịch , nhiều vị trí"
M67.41,"nang hoạt dịch , vùng bả vai"
M67.42,"nang hoạt dịch , cánh tay"
M67.43,"nang hoạt dịch , cẳng tay"
M67.44,"nang hoạt dịch , bàn tay"
M67.45,"nang hoạt dịch , vùng chậu và đùi"
M67.46,"nang hoạt dịch , cẳng chân"
M67.47,"nang hoạt dịch , cổ và bàn chân"
M67.48,"nang hoạt dịch , vị trí khác"
M67.49,"nang hoạt dịch , vị trí không xác định"
M67.8,các bệnh của màng hoạt dịch và gân đặc hiệu khác
M67.94,"bệnh của màng hoạt dịch và gân không đặc hiệu , bàn tay"
M67.95,"bệnh của màng hoạt dịch và gân không đặc hiệu , vùng chậu và đùi"
M67.96,"bệnh của màng hoạt dịch và gân không đặc hiệu , cẳng chân"
M67.97,"bệnh của màng hoạt dịch và gân không đặc hiệu , cổ và bàn chân"
M67.98,"bệnh của màng hoạt dịch và gân không đặc hiệu , vị trí khác"
M67.99,"bệnh của màng hoạt dịch và gân không đặc hiệu , vị trí không xác định"
M68*,các bệnh của màng hoạt dịch và gân trong những bệnh phân loại nơi khác
M67.88,"các bệnh của màng hoạt dịch và gân đặc hiệu khác , vị trí khác"
M67.89,"các bệnh của màng hoạt dịch và gân đặc hiệu khác , vị trí không xác định"
M67.9,bệnh của màng hoạt dịch và gân không đặc hiệu
M67.90,"bệnh của màng hoạt dịch và gân không đặc hiệu , nhiều vị trí"
M67.91,"bệnh của màng hoạt dịch và gân không đặc hiệu , vùng bả vai"
M67.92,"bệnh của màng hoạt dịch và gân không đặc hiệu , cánh tay"
M67.93,"bệnh của màng hoạt dịch và gân không đặc hiệu , cẳng tay"
M62.85,"các bệnh cơ đặc hiệu khác , vùng chậu và đùi"
M62.86,"các bệnh cơ đặc hiệu khác , cẳng chân"
M62.87,"các bệnh cơ đặc hiệu khác , cổ và bàn chân"
M62.66,"căng cơ quá mức , cẳng chân"
M62.67,"căng cơ quá mức , cổ và bàn chân"
M62.68,"căng cơ quá mức , vị trí khác"
M62.69,"căng cơ quá mức , vị trí không xác định"
M62.8,các bệnh cơ đặc hiệu khác
M62.80,"các bệnh cơ đặc hiệu khác , nhiều vị trí"
M66.20,"rách ( đứt ) tự nhiên các gân duỗi , nhiều vị trí"
M66.21,"rách ( đứt ) tự nhiên các gân duỗi , vùng bả vai"
M66.22,"rách ( đứt ) tự nhiên các gân duỗi , cánh tay"
M67.12,"các chứng co rút gân ( bao gân ) khác , cánh tay"
M67.13,"các chứng co rút gân ( bao gân ) khác , cẳng tay"
M67.14,"các chứng co rút gân ( bao gân ) khác , bàn tay"
M65.14,"viêm ( màng hoạt dịch ) bao gân nhiễm khuẩn khác , bàn tay"
M65.15,"viêm ( màng hoạt dịch ) bao gân nhiễm khuẩn khác , vùng chậu và đùi"
M65.16,"viêm ( màng hoạt dịch ) bao gân nhiễm khuẩn khác , cẳng chân"
M67.0,gân achille ( gót ) ngắn ( mắc phải )
M67.1,các chứng co rút gân ( bao gân ) khác
M67.10,"các chứng co rút gân ( bao gân ) khác , nhiều vị trí"
M67.11,"các chứng co rút gân ( bao gân ) khác , vùng bả vai"
M67.26,"phì đại màng hoạt dịch , không phân loại nơi khác , cẳng chân"
M67.27,"phì đại màng hoạt dịch , không phân loại nơi khác , cổ và bàn chân"
M67.28,"phì đại màng hoạt dịch , không phân loại nơi khác , vị trí khác"
M67.29,"phì đại màng hoạt dịch , không phân loại nơi khác , vị trí không xác định"
M67.3,viêm màng hoạt dịch thoáng qua
M67.15,"các chứng co rút gân ( bao gân ) khác , vùng chậu và đùi"
M66.56,"rách ( đứt ) tự nhiên các gân không xác định , cẳng chân"
M66.57,"rách ( đứt ) tự nhiên các gân không xác định , cổ và bàn chân"
M66.58,"rách ( đứt ) tự nhiên các gân không xác định , vị trí khác"
M66.59,"rách ( đứt ) tự nhiên các gân không xác định , vị trí không xác định"
M67,các bệnh khác của màng hoạt dịch và gân
M67.18,"các chứng co rút gân ( bao gân ) khác , vị trí khác"
M67.19,"các chứng co rút gân ( bao gân ) khác , vị trí không xác định"
M67.2,"phì đại màng hoạt dịch , không phân loại nơi khác"
M67.20,"phì đại màng hoạt dịch , không phân loại nơi khác , nhiều vị trí"
M67.21,"phì đại màng hoạt dịch , không phân loại nơi khác , vùng bả vai"
M67.16,"các chứng co rút gân ( bao gân ) khác , cẳng chân"
M67.17,"các chứng co rút gân ( bao gân ) khác , cổ và bàn chân"
M72.60,"viêm cân mạc hoại tử , nhiều vị trí"
M72.61,"viêm cân mạc hoại tử , vùng bả vai"
M72.62,"viêm cân mạc hoại tử , cánh tay"
M72.63,"viêm cân mạc hoại tử , cẳng tay"
M72.85,"các bệnh nguyên bào sợi khác , vùng chậu và đùi"
M72.86,"các bệnh nguyên bào sợi khác , cẳng chân"
M72.87,"các bệnh nguyên bào sợi khác , cổ và bàn chân"
M72.64,"viêm cân mạc hoại tử , bàn tay"
M72.65,"viêm cân mạc hoại tử , vùng chậu và đùi"
M72.66,"viêm cân mạc hoại tử , cẳng chân"
M72.0,bệnh xơ cân gan tay ( dupuytren )
M72.1,u đầu xương bàn tay
M72.2,bệnh xơ cân gan chân
M72.82,"các bệnh nguyên bào sợi khác , cánh tay"
M72.83,"các bệnh nguyên bào sợi khác , cẳng tay"
M72.84,"các bệnh nguyên bào sợi khác , bàn tay"
M72.67,"viêm cân mạc hoại tử , cổ và bàn chân"
M72.68,"viêm cân mạc hoại tử , vị trí khác"
M72.69,"viêm cân mạc hoại tử , vị trí không xác định"
M72.8,các bệnh nguyên bào sợi khác
M72.80,"các bệnh nguyên bào sợi khác , nhiều vị trí"
M72.81,"các bệnh nguyên bào sợi khác , vùng bả vai"
M72.43,"bệnh xơ giả sacôm , cẳng tay"
M72.44,"bệnh xơ giả sacôm , bàn tay"
M72.45,"bệnh xơ giả sacôm , vùng chậu và đùi"
M72.46,"bệnh xơ giả sacôm , cẳng chân"
M72.47,"bệnh xơ giả sacôm , cổ và bàn chân"
M72.48,"bệnh xơ giả sacôm , vị trí khác"
M72.49,"bệnh xơ giả sacôm , vị trí không xác định"
M72.6,viêm cân mạc hoại tử
M72.4,bệnh xơ giả sacôm
M72.40,"bệnh xơ giả sacôm , nhiều vị trí"
M72.41,"bệnh xơ giả sacôm , vùng bả vai"
M72.42,"bệnh xơ giả sacôm , cánh tay"
M66.42,"rách ( đứt ) tự nhiên các gân khác , cánh tay"
M66.43,"rách ( đứt ) tự nhiên các gân khác , cẳng tay"
M66.44,"rách ( đứt ) tự nhiên các gân khác , bàn tay"
M66.45,"rách ( đứt ) tự nhiên các gân khác , vùng chậu và đùi"
M67.34,"viêm màng hoạt dịch thoáng qua , bàn tay"
M67.35,"viêm màng hoạt dịch thoáng qua , vùng chậu và đùi"
M67.36,"viêm màng hoạt dịch thoáng qua , cẳng chân"
M67.37,"viêm màng hoạt dịch thoáng qua , cổ và bàn chân"
M63.84*,"các bệnh cơ khác trong những bệnh phân loại nơi khác , bàn tay"
M63.85*,"các bệnh cơ khác trong những bệnh phân loại nơi khác , vùng chậu và đùi"
M63.86*,"các bệnh cơ khác trong những bệnh phân loại nơi khác , cẳng chân"
M70.8,"các bệnh mô mềm khác liên quan đến vận động , vận động quá mức và bị chèn ép"
M70.80,"các bệnh mô mềm khác liên quan đến vận động , vận động quá mức và bị chèn ép , nhiều vị trí"
M70.81,"các bệnh mô mềm khác liên quan đến vận động , vận động quá mức và bị chèn ép , vùng bả vai"
M70.1,viêm túi thanh mạc bàn tay
M70.2,viêm túi thanh mạc mỏm khuỷu
M70.3,viêm túi thanh mạc khác ở khuỷu
M70.4,viêm túi thanh mạc trước xương bánh chè
M70.93,"các bệnh mô mềm không đặc hiệu liên quan đến vận động , vận động quá mức và bị chèn ép , cẳng tay"
M70.94,"các bệnh mô mềm không đặc hiệu liên quan đến vận động , vận động quá mức và bị chèn ép , bàn tay"
M70.95,"các bệnh mô mềm không đặc hiệu liên quan đến vận động , vận động quá mức và bị chèn ép , vùng chậu và đùi"
M70.96,"các bệnh mô mềm không đặc hiệu liên quan đến vận động , vận động quá mức và bị chèn ép , cẳng chân"
M70.97,"các bệnh mô mềm không đặc hiệu liên quan đến vận động , vận động quá mức và bị chèn ép , cổ và bàn chân"
M70.98,"các bệnh mô mềm không đặc hiệu liên quan đến vận động , vận động quá mức và bị chèn ép , vị trí khác"
M70.99,"các bệnh mô mềm không đặc hiệu liên quan đến vận động , vận động quá mức và bị chèn ép , vị trí không xác định"
M71,các bệnh túi thanh mạc khác
M71.0,áp xe túi thanh mạc
M70.87,"các bệnh mô mềm khác liên quan đến vận động , vận động quá mức và bị chèn ép , cổ và bàn chân"
M70.88,"các bệnh mô mềm khác liên quan đến vận động , vận động quá mức và bị chèn ép , vị trí khác"
M70.89,"các bệnh mô mềm khác liên quan đến vận động , vận động quá mức và bị chèn ép , vị trí không xác định"
M70.9,"các bệnh mô mềm không đặc hiệu liên quan đến vận động , vận động quá mức và bị chèn ép"
M70.90,"các bệnh mô mềm không đặc hiệu liên quan đến vận động , vận động quá mức và bị chèn ép , nhiều vị trí"
M70.91,"các bệnh mô mềm không đặc hiệu liên quan đến vận động , vận động quá mức và bị chèn ép , vùng bả vai"
M70.92,"các bệnh mô mềm không đặc hiệu liên quan đến vận động , vận động quá mức và bị chèn ép , cánh tay"
M70.85,"các bệnh mô mềm khác liên quan đến vận động , vận động quá mức và bị chèn ép , vùng chậu và đùi"
M70.86,"các bệnh mô mềm khác liên quan đến vận động , vận động quá mức và bị chèn ép , cẳng chân"
M71.00,"áp xe túi thanh mạc , nhiều vị trí"
M71.01,"áp xe túi thanh mạc , vùng bả vai"
M71.02,"áp xe túi thanh mạc , cánh tay"
M71.03,"áp xe túi thanh mạc , cẳng tay"
M71.04,"áp xe túi thanh mạc , bàn tay"
M70.5,viêm túi thanh mạc khác ở khớp gối
M70.6,viêm túi thanh mạc mấu chuyển
M70.7,viêm túi thanh mạc khác ở hông
M62.81,"các bệnh cơ đặc hiệu khác , vùng bả vai"
M62.82,"các bệnh cơ đặc hiệu khác , cánh tay"
M62.83,"các bệnh cơ đặc hiệu khác , cẳng tay"
M62.84,"các bệnh cơ đặc hiệu khác , bàn tay"
M65.06,"áp xe bao gân , cẳng chân"
M65.07,"áp xe bao gân , cổ và bàn chân"
M65.08,"áp xe bao gân , vị trí khác"
M65.09,"áp xe bao gân , vị trí không xác định"
M65.1,viêm ( màng hoạt dịch ) bao gân nhiễm khuẩn khác
M65.10,"viêm ( màng hoạt dịch ) bao gân nhiễm khuẩn khác , nhiều vị trí"
M66.0,vỡ u nang khoeo chân
M66.1,rách màng hoạt dịch
M66.10,"rách màng hoạt dịch , nhiều vị trí"
M66.11,"rách màng hoạt dịch , vùng bả vai"
M65.80,"các viêm màng hoạt dịch và viêm bao gân khác , nhiều vị trí"
M65.81,"các viêm màng hoạt dịch và viêm bao gân khác , vùng bả vai"
M65.84,"các viêm màng hoạt dịch và viêm bao gân khác , bàn tay"
M65.85,"các viêm màng hoạt dịch và viêm bao gân khác , vùng chậu và đùi"
M65.0,áp xe bao gân
M65.00,"áp xe bao gân , nhiều vị trí"
M65.01,"áp xe bao gân , vùng bả vai"
M65.02,"áp xe bao gân , cánh tay"
M66.12,"rách màng hoạt dịch , cánh tay"
M66.13,"rách màng hoạt dịch , cẳng tay"
M66.14,"rách màng hoạt dịch , bàn tay"
M66.15,"rách màng hoạt dịch , vùng chậu và đùi"
M66.23,"rách ( đứt ) tự nhiên các gân duỗi , cẳng tay"
M66.24,"rách ( đứt ) tự nhiên các gân duỗi , bàn tay"
M66.25,"rách ( đứt ) tự nhiên các gân duỗi , vùng chậu và đùi"
M65.97,"viêm màng hoạt dịch và viêm bao gân , không đặc hiệu , cổ và bàn chân"
M65.98,"viêm màng hoạt dịch và viêm bao gân , không đặc hiệu , vị trí khác"
M65.99,"viêm màng hoạt dịch và viêm bao gân , không đặc hiệu , vị trí không xác định"
M66,rách ( đứt ) tự nhiên của màng hoạt dịch và gân
M65.88,"các viêm màng hoạt dịch và viêm bao gân khác , vị trí khác"
M65.89,"các viêm màng hoạt dịch và viêm bao gân khác , vị trí không xác định"
M65.9,"viêm màng hoạt dịch và viêm bao gân , không đặc hiệu"
M65.90,"viêm màng hoạt dịch và viêm bao gân , không đặc hiệu , nhiều vị trí"
M65.91,"viêm màng hoạt dịch và viêm bao gân , không đặc hiệu , vùng bả vai"
M65.92,"viêm màng hoạt dịch và viêm bao gân , không đặc hiệu , cánh tay"
M65.93,"viêm màng hoạt dịch và viêm bao gân , không đặc hiệu , cẳng tay"
M65.94,"viêm màng hoạt dịch và viêm bao gân , không đặc hiệu , bàn tay"
M65.95,"viêm màng hoạt dịch và viêm bao gân , không đặc hiệu , vùng chậu và đùi"
M65.96,"viêm màng hoạt dịch và viêm bao gân , không đặc hiệu , cẳng chân"
M66.16,"rách màng hoạt dịch , cẳng chân"
M66.17,"rách màng hoạt dịch , cổ và bàn chân"
M66.18,"rách màng hoạt dịch , vị trí khác"
M66.19,"rách màng hoạt dịch , vị trí không xác định"
M66.2,rách ( đứt ) tự nhiên các gân duỗi
M65.86,"các viêm màng hoạt dịch và viêm bao gân khác , cẳng chân"
M65.87,"các viêm màng hoạt dịch và viêm bao gân khác , cổ và bàn chân"
M66.34,"rách ( đứt ) tự nhiên các gân gấp , bàn tay"
M66.35,"rách ( đứt ) tự nhiên các gân gấp , vùng chậu và đùi"
M66.38,"rách ( đứt ) tự nhiên các gân gấp , vị trí khác"
M66.39,"rách ( đứt ) tự nhiên các gân gấp , vị trí không xác định"
M66.4,rách ( đứt ) tự nhiên các gân khác
M66.40,"rách ( đứt ) tự nhiên các gân khác , nhiều vị trí"
M66.41,"rách ( đứt ) tự nhiên các gân khác , vùng bả vai"
M66.26,"rách ( đứt ) tự nhiên các gân duỗi , cẳng chân"
M66.27,"rách ( đứt ) tự nhiên các gân duỗi , cổ và bàn chân"
M66.28,"rách ( đứt ) tự nhiên các gân duỗi , vị trí khác"
M66.29,"rách ( đứt ) tự nhiên các gân duỗi , vị trí không xác định"
M66.3,rách ( đứt ) tự nhiên các gân gấp
M66.30,"rách ( đứt ) tự nhiên các gân gấp , nhiều vị trí"
M66.36,"rách ( đứt ) tự nhiên các gân gấp , cẳng chân"
M66.37,"rách ( đứt ) tự nhiên các gân gấp , cổ và bàn chân"
M66.31,"rách ( đứt ) tự nhiên các gân gấp , vùng bả vai"
M66.32,"rách ( đứt ) tự nhiên các gân gấp , cánh tay"
M66.33,"rách ( đứt ) tự nhiên các gân gấp , cẳng tay"
M66.46,"rách ( đứt ) tự nhiên các gân khác , cẳng chân"
M66.47,"rách ( đứt ) tự nhiên các gân khác , cổ và bàn chân"
M66.48,"rách ( đứt ) tự nhiên các gân khác , vị trí khác"
M66.49,"rách ( đứt ) tự nhiên các gân khác , vị trí không xác định"
M66.5,rách ( đứt ) tự nhiên các gân không xác định
M66.50,"rách ( đứt ) tự nhiên các gân không xác định , nhiều vị trí"
M66.51,"rách ( đứt ) tự nhiên các gân không xác định , vùng bả vai"
M66.52,"rách ( đứt ) tự nhiên các gân không xác định , cánh tay"
M66.53,"rách ( đứt ) tự nhiên các gân không xác định , cẳng tay"
M66.54,"rách ( đứt ) tự nhiên các gân không xác định , bàn tay"
M66.55,"rách ( đứt ) tự nhiên các gân không xác định , vùng chậu và đùi"
M65.11,"viêm ( màng hoạt dịch ) bao gân nhiễm khuẩn khác , vùng bả vai"
M65.12,"viêm ( màng hoạt dịch ) bao gân nhiễm khuẩn khác , cánh tay"
M65.13,"viêm ( màng hoạt dịch ) bao gân nhiễm khuẩn khác , cẳng tay"
M65.24,"viêm gân vôi hóa , bàn tay"
M65.25,"viêm gân vôi hóa , vùng chậu và đùi"
M65.26,"viêm gân vôi hóa , cẳng chân"
M63.0*,viêm cơ trong các bệnh nhiễm khuẩn phân loại nơi khác
M63.1*,viêm cơ trong nhiễm ký sinh trùng và động vật đơn bào phân loại nơi khác
M63.2*,viêm cơ trong các bệnh nhiễm khuẩn phân loại nơi khác
M63.3*,viêm cơ trong bệnh sacoidosis ( d86 . 8 † )
M63.8*,các bệnh cơ khác trong những bệnh phân loại nơi khác
M63.80*,"các bệnh cơ khác trong những bệnh phân loại nơi khác , nhiều vị trí"
M65.82,"các viêm màng hoạt dịch và viêm bao gân khác , cánh tay"
M65.83,"các viêm màng hoạt dịch và viêm bao gân khác , cẳng tay"
M65.17,"viêm ( màng hoạt dịch ) bao gân nhiễm khuẩn khác , cổ và bàn chân"
M65.18,"viêm ( màng hoạt dịch ) bao gân nhiễm khuẩn khác , vị trí khác"
M65.19,"viêm ( màng hoạt dịch ) bao gân nhiễm khuẩn khác , vị trí không xác định"
M65.2,viêm gân vôi hóa
M65.27,"viêm gân vôi hóa , cổ và bàn chân"
M65.28,"viêm gân vôi hóa , vị trí khác"
M65.29,"viêm gân vôi hóa , vị trí không xác định"
M65.3,ngón tay lò xo
M65.4,viêm bao gân mỏm trâm quay ( de quervain )
M65.8,các viêm màng hoạt dịch và viêm bao gân khác
M63.87*,"các bệnh cơ khác trong những bệnh phân loại nơi khác , cổ và bàn chân"
M63.88*,"các bệnh cơ khác trong những bệnh phân loại nơi khác , vị trí khác"
M63.89*,"các bệnh cơ khác trong những bệnh phân loại nơi khác , vị trí không xác định"
M65,viêm màng hoạt dịch và viêm bao gân
M65.03,"áp xe bao gân , cẳng tay"
M65.04,"áp xe bao gân , bàn tay"
M65.05,"áp xe bao gân , vùng chậu và đùi"
M62.88,"các bệnh cơ đặc hiệu khác , vị trí khác"
M62.89,"các bệnh cơ đặc hiệu khác , vị trí không xác định"
M62.9,bệnh cơ không đặc hiệu
M62.90,"bệnh cơ không đặc hiệu , nhiều vị trí"
M62.91,"bệnh cơ không đặc hiệu , vùng bả vai"
M62.92,"bệnh cơ không đặc hiệu , cánh tay"
M62.93,"bệnh cơ không đặc hiệu , cẳng tay"
M62.94,"bệnh cơ không đặc hiệu , bàn tay"
M62.95,"bệnh cơ không đặc hiệu , vùng chậu và đùi"
M62.96,"bệnh cơ không đặc hiệu , cẳng chân"
M62.97,"bệnh cơ không đặc hiệu , cổ và bàn chân"
M62.98,"bệnh cơ không đặc hiệu , vị trí khác"
M62.99,"bệnh cơ không đặc hiệu , vị trí không xác định"
M63*,bệnh cơ trong những bệnh phân loại nơi khác
M65.20,"viêm gân vôi hóa , nhiều vị trí"
M65.22,"viêm gân vôi hóa , cánh tay"
M65.23,"viêm gân vôi hóa , cẳng tay"
M49.24*,"viêm đốt sống do vi khuẩn đường ruột ( a01 - a04 † ) , vùng ngực"
M49.25*,"viêm đốt sống do vi khuẩn đường ruột ( a01 - a04 † ) , vùng ngực thắt lưng"
M49.26*,"viêm đốt sống do vi khuẩn đường ruột ( a01 - a04 † ) , vùng thắt lưng"
M49.27*,"viêm đốt sống do vi khuẩn đường ruột ( a01 - a04 † ) , vùng thắt lưng - cùng"
M48.53,"xẹp đốt sống , không phân loại nơi khác , vùng cổ lưng"
M48.54,"xẹp đốt sống , không phân loại nơi khác , vùng ngực"
M48.55,"xẹp đốt sống , không phân loại nơi khác , vùng ngực thắt lưng"
M48.56,"xẹp đốt sống , không phân loại nơi khác , vùng thắt lưng"
M48.57,"xẹp đốt sống , không phân loại nơi khác , vùng thắt lưng - cùng"
M48.13,"cứng khớp do tăng tạo xương ( forestier ) , vùng cổ lưng"
M48.14,"cứng khớp do tăng tạo xương ( forestier ) , vùng ngực"
M48.15,"cứng khớp do tăng tạo xương ( forestier ) , vùng ngực thắt lưng"
M48.16,"cứng khớp do tăng tạo xương ( forestier ) , vùng thắt lưng"
M48.17,"cứng khớp do tăng tạo xương ( forestier ) , vùng thắt lưng - cùng"
M49.56*,"xẹp đốt sống trong các bệnh phân loại nơi khác , vùng thắt lưng"
M49.57*,"xẹp đốt sống trong các bệnh phân loại nơi khác , vùng thắt lưng - cùng"
M49.58*,"xẹp đốt sống trong các bệnh phân loại nơi khác , vùng cùng và cùng cụt"
M49.87*,"tổn thương thân đốt sống trong các bệnh phân loại nơi khác , vùng thắt lưng - cùng"
M49.88*,"tổn thương thân đốt sống trong các bệnh phân loại nơi khác , vùng cùng và cùng cụt"
M49.89*,"tổn thương thân đốt sống trong các bệnh phân loại nơi khác , vị trí không xác định"
M50,bệnh đĩa đệm đốt sống cổ
M49.81*,"tổn thương thân đốt sống trong các bệnh phân loại nơi khác , vùng chẩm - trục - đội"
M49.82*,"tổn thương thân đốt sống trong các bệnh phân loại nơi khác , vùng cổ"
M49.83*,"tổn thương thân đốt sống trong các bệnh phân loại nơi khác , vùng cổ lưng"
M49.53*,"xẹp đốt sống trong các bệnh phân loại nơi khác , vùng cổ lưng"
M49.54*,"xẹp đốt sống trong các bệnh phân loại nơi khác , vùng ngực"
M49.55*,"xẹp đốt sống trong các bệnh phân loại nơi khác , vùng ngực thắt lưng"
M50.0†,bệnh một đĩa đệm đốt sống cổ kèm tổn thương tủy sống ( g99 . 2 * )
M50.1,bệnh một đĩa đệm cột sống cổ kèm tổn thương rễ tủy sống
M50.2,các thoát vị đĩa đệm cột sống cổ khác
M50.3,thoái hóa đĩa đệm đốt sống cổ khác
M51.1†,bệnh của đĩa đệm đốt sống thắt lưng và các đốt sống khác có kèm tổn thương của rễ tủy sống ( g55 . 1 * )
M51.2,thoát vị đĩa đệm đốt sống đặc hiệu khác
M49.84*,"tổn thương thân đốt sống trong các bệnh phân loại nơi khác , vùng ngực"
M49.85*,"tổn thương thân đốt sống trong các bệnh phân loại nơi khác , vùng ngực thắt lưng"
M49.86*,"tổn thương thân đốt sống trong các bệnh phân loại nơi khác , vùng thắt lưng"
M48.25,"hư khớp liên mỏm gai , vùng ngực thắt lưng"
M48.26,"hư khớp liên mỏm gai , vùng thắt lưng"
M48.27,"hư khớp liên mỏm gai , vùng thắt lưng - cùng"
M48.28,"hư khớp liên mỏm gai , vùng cùng và cùng cụt"
M48.29,"hư khớp liên mỏm gai , vị trí không xác định"
M48.3,chấn thương cột sống
M48.30,"chấn thương cột sống , nhiều vị trí cột sống"
M49.50*,"xẹp đốt sống trong các bệnh phân loại nơi khác , nhiều vị trí cột sống"
M49.51*,"xẹp đốt sống trong các bệnh phân loại nơi khác , vùng chẩm - trục - đội"
M49.52*,"xẹp đốt sống trong các bệnh phân loại nơi khác , vùng cổ"
M49.31*,"bệnh cột sống trong các bệnh nhiễm trùng và ký sinh trùng , phân loại nơi khác , vùng chẩm - trục - đội"
M49.32*,"bệnh cột sống trong các bệnh nhiễm trùng và ký sinh trùng , phân loại nơi khác , vùng cổ"
M49.33*,"bệnh cột sống trong các bệnh nhiễm trùng và ký sinh trùng , phân loại nơi khác , vùng cổ lưng"
M49.34*,"bệnh cột sống trong các bệnh nhiễm trùng và ký sinh trùng , phân loại nơi khác , vùng ngực"
M49.40*,"tổn thương cột sống do nguyên nhân thần kinh , nhiều vị trí cột sống"
M49.41*,"tổn thương cột sống do nguyên nhân thần kinh , vùng chẩm - trục - đội"
M49.42*,"tổn thương cột sống do nguyên nhân thần kinh , vùng cổ"
M49.43*,"tổn thương cột sống do nguyên nhân thần kinh , vùng cổ lưng"
M49.38*,"bệnh cột sống trong các bệnh nhiễm trùng và ký sinh trùng , phân loại nơi khác , vùng cùng và cùng cụt"
M49.39*,"bệnh cột sống trong các bệnh nhiễm trùng và ký sinh trùng phân loại nơi khác , vị trí không xác định"
M49.4*,tổn thương cột sống do nguyên nhân thần kinh
M49.44*,"tổn thương cột sống do nguyên nhân thần kinh , vùng ngực"
M49.45*,"tổn thương cột sống do nguyên nhân thần kinh , vùng ngực thắt lưng"
M49.46*,"tổn thương cột sống do nguyên nhân thần kinh , vùng thắt lưng"
M49.47*,"tổn thương cột sống do nguyên nhân thần kinh , vùng thắt lưng - cùng"
M49.48*,"tổn thương cột sống do nguyên nhân thần kinh , vùng cùng và cùng cụt"
M49.49*,"tổn thương cột sống do nguyên nhân thần kinh , vị trí không xác định"
M49.5*,xẹp đốt sống trong các bệnh phân loại nơi khác
M49.28*,"viêm đốt sống do vi khuẩn đường ruột ( a01 - a04 † ) , vùng cùng và cùng cụt"
M49.29*,"viêm đốt sống do vi khuẩn đường ruột ( a01 - a04 † ) , vị trí không xác định"
M49.3*,"bệnh cột sống trong các bệnh nhiễm trùng và ký sinh trùng , phân loại nơi khác"
M49.30*,"bệnh cột sống trong các bệnh nhiễm trùng và ký sinh trùng , phân loại nơi khác , nhiều vị trí cột sống"
M49.35*,"bệnh cột sống trong các bệnh nhiễm trùng và ký sinh trùng , phân loại nơi khác , vùng ngực thắt lưng"
M49.36*,"bệnh cột sống trong các bệnh nhiễm trùng và ký sinh trùng , phân loại nơi khác , vùng thắt lưng"
M49.37*,"bệnh cột sống trong các bệnh nhiễm trùng và ký sinh trùng , phân loại nơi khác , vùng thắt lưng - cùng"
M46.56,"các bệnh nhiễm khuẩn khác của thân đốt sống , vùng thắt lưng"
M46.57,"các bệnh nhiễm khuẩn khác của thân đốt sống , vùng thắt lưng - cùng"
M46.58,"các bệnh nhiễm khuẩn khác của thân đốt sống , vùng cùng và cùng cụt"
M47.29,"thoái hóa cột sống khác có tổn thương rễ sống , vị trí không xác định"
M47.8,thoái hóa cột sống khác
M47.80,"thoái hóa cột sống khác , nhiều vị trí cột sống"
M47.81,"thoái hóa cột sống khác , vùng chẩm - trục - đội"
M47.82,"thoái hóa cột sống khác , vùng cổ"
M47.25,"thoái hóa cột sống khác có tổn thương rễ sống , vùng ngực thắt lưng"
M47.26,"thoái hóa cột sống khác có tổn thương rễ sống , vùng thắt lưng"
M47.27,"thoái hóa cột sống khác có tổn thương rễ sống , vùng thắt lưng - cùng"
M47.28,"thoái hóa cột sống khác có tổn thương rễ sống , vùng cùng và cùng cụt"
M47.10,"thoái hóa cột sống khác kèm tổn thương tủy sống , nhiều vị trí cột sống"
M47.11,"thoái hóa cột sống khác kèm tổn thương tủy sống , vùng chẩm - trục - đội"
M47.12,"thoái hóa cột sống khác kèm tổn thương tủy sống , vùng cổ"
M47.13,"thoái hóa cột sống khác kèm tổn thương tủy sống , vùng cổ lưng"
M47.83,"thoái hóa cột sống khác , vùng cổ lưng"
M47.84,"thoái hóa cột sống khác , vùng ngực"
M47.85,"thoái hóa cột sống khác , vùng ngực thắt lưng"
M47.14,"thoái hóa cột sống khác kèm tổn thương tủy sống , vùng ngực"
M47.15,"thoái hóa cột sống khác kèm tổn thương tủy sống , vùng ngực thắt lưng"
M47.16,"thoái hóa cột sống khác kèm tổn thương tủy sống , vùng thắt lưng"
M47.17,"thoái hóa cột sống khác kèm tổn thương tủy sống , vùng thắt lưng - cùng"
M47.21,"thoái hóa cột sống khác có tổn thương rễ sống , vùng chẩm - trục - đội"
M47.22,"thoái hóa cột sống khác có tổn thương rễ sống , vùng cổ"
M47.23,"thoái hóa cột sống khác có tổn thương rễ sống , vùng cổ lưng"
M47.24,"thoái hóa cột sống khác có tổn thương rễ sống , vùng ngực"
M47.18,"thoái hóa cột sống khác kèm tổn thương tủy sống , vùng cùng và cùng cụt"
M47.19,"thoái hóa cột sống khác kèm tổn thương tủy sống , vị trí không xác định"
M47.2,thoái hóa cột sống khác có tổn thương rễ sống
M47.20,"thoái hóa cột sống khác có tổn thương rễ sống , nhiều vị trí cột sống"
M47.86,"thoái hóa cột sống khác , vùng thắt lưng"
M47.87,"thoái hóa cột sống khác , vùng thắt lưng - cùng"
M47.88,"thoái hóa cột sống khác , vùng cùng và cùng cụt"
M47.89,"thoái hóa cột sống khác , vị trí không xác định"
M47.9,thoái hóa cột sống không đặc hiệu
M47.90,"thoái hóa cột sống không đặc hiệu , nhiều vị trí cột sống"
M47.91,"thoái hóa cột sống không đặc hiệu , vùng chẩm - trục - đội"
M47.92,"thoái hóa cột sống không đặc hiệu , vùng cổ"
M47.93,"thoái hóa cột sống không đặc hiệu , vùng cổ lưng"
M47.94,"thoái hóa cột sống không đặc hiệu , vùng ngực"
M47.95,"thoái hóa cột sống không đặc hiệu , vùng ngực thắt lưng"
M47.96,"thoái hóa cột sống không đặc hiệu , vùng thắt lưng"
M47.97,"thoái hóa cột sống không đặc hiệu , vùng thắt lưng - cùng"
M47.98,"thoái hóa cột sống không đặc hiệu , vùng cùng và cùng cụt"
M48.01,"hẹp ống sống , vùng chẩm - trục - đội"
M48.02,"hẹp ống sống , vùng cổ"
M48.03,"hẹp ống sống , vùng cổ lưng"
M53.1,hội chứng cánh tay cổ
M53.2,cột sống mất vững
M53.20,"cột sống mất vững , nhiều vị trí cột sống"
M51.3,thoái hóa đĩa đệm đốt sống đặc hiệu khác
M51.4,nhân schmorl
M51.8,các tổn thương xác định khác của đĩa đệm
M53.83,"các bệnh cột sống xác định khác , vùng cổ lưng"
M53.84,"các bệnh cột sống xác định khác , vùng ngực"
M53.85,"các bệnh cột sống xác định khác , vùng ngực thắt lưng"
M53.86,"các bệnh cột sống xác định khác , vùng thắt lưng"
M53.27,"cột sống mất vững , vùng thắt lưng - cùng"
M53.28,"cột sống mất vững , vùng cùng và cùng cụt"
M53.29,"cột sống mất vững , vị trí không xác định"
M53.3,"tổn thương cùng cụt , không phân loại nơi khác"
M53.24,"cột sống mất vững , vùng ngực"
M53.25,"cột sống mất vững , vùng ngực thắt lưng"
M53.26,"cột sống mất vững , vùng thắt lưng"
M51.9,tổn thương đĩa đệm đốt sống không đặc hiệu
M53,"bệnh cột sống khác , không phân loại nơi khác"
M53.0,hội chứng đầu - cổ
M53.87,"các bệnh cột sống xác định khác , vùng thắt lưng - cùng"
M53.88,"các bệnh cột sống xác định khác , vùng cùng và cùng cụt"
M53.89,"các bệnh cột sống xác định khác , vị trí không xác định"
M53.9,bệnh cột sống không đặc hiệu
M53.90,"bệnh cột sống không đặc hiệu , nhiều vị trí cột sống"
M53.91,"bệnh cột sống không đặc hiệu , vùng chẩm - trục - đội"
M53.8,các bệnh cột sống xác định khác
M53.80,"các bệnh cột sống xác định khác , nhiều vị trí cột sống"
M53.81,"các bệnh cột sống xác định khác , vùng chẩm - trục - đội"
M53.82,"các bệnh cột sống xác định khác , vùng cổ"
M53.21,"cột sống mất vững , vùng chẩm - trục - đội"
M53.22,"cột sống mất vững , vùng cổ"
M53.23,"cột sống mất vững , vùng cổ lưng"
M62.54,"nhẽo cơ và teo cơ , không phân loại nơi khác , bàn tay"
M62.55,"nhẽo cơ và teo cơ , không phân loại nơi khác , vùng chậu và đùi"
M62.56,"nhẽo cơ và teo cơ , không phân loại nơi khác , cẳng chân"
M62.57,"nhẽo cơ và teo cơ , không phân loại nơi khác , cổ và bàn chân"
M62.62,"căng cơ quá mức , cánh tay"
M62.63,"căng cơ quá mức , cẳng tay"
M62.64,"căng cơ quá mức , bàn tay"
M62.65,"căng cơ quá mức , vùng chậu và đùi"
M62.46,"co cứng cơ , cẳng chân"
M62.47,"co cứng cơ , cổ và bàn chân"
M62.48,"co cứng cơ , vị trí khác"
M62.49,"co cứng cơ , vị trí không xác định"
M62.5,"nhẽo cơ và teo cơ , không phân loại nơi khác"
M62.50,"nhẽo cơ và teo cơ , không phân loại nơi khác , nhiều vị trí"
M62.30,"hội chứng bất động ( liệt 2 chi dưới ) , nhiều vị trí"
M62.31,"hội chứng bất động ( liệt 2 chi dưới ) , vùng bả vai"
M62.32,"hội chứng bất động ( liệt 2 chi dưới ) , cánh tay"
M62.42,"co cứng cơ , cánh tay"
M62.43,"co cứng cơ , cẳng tay"
M62.44,"co cứng cơ , bàn tay"
M62.45,"co cứng cơ , vùng chậu và đùi"
M62.33,"hội chứng bất động ( liệt 2 chi dưới ) , cẳng tay"
M62.34,"hội chứng bất động ( liệt 2 chi dưới ) , bàn tay"
M62.35,"hội chứng bất động ( liệt 2 chi dưới ) , vùng chậu và đùi"
M62.51,"nhẽo cơ và teo cơ , không phân loại nơi khác , vùng bả vai"
M62.52,"nhẽo cơ và teo cơ , không phân loại nơi khác , cánh tay"
M62.53,"nhẽo cơ và teo cơ , không phân loại nơi khác , cẳng tay"
M62.38,"hội chứng bất động ( liệt 2 chi dưới ) , vị trí khác"
M62.39,"hội chứng bất động ( liệt 2 chi dưới ) , vị trí không xác định"
M62.4,co cứng cơ
M62.40,"co cứng cơ , nhiều vị trí"
M62.41,"co cứng cơ , vùng bả vai"
M62.58,"nhẽo cơ và teo cơ , không phân loại nơi khác , vị trí khác"
M62.59,"nhẽo cơ và teo cơ , không phân loại nơi khác , vị trí không xác định"
M62.6,căng cơ quá mức
M62.60,"căng cơ quá mức , nhiều vị trí"
M62.61,"căng cơ quá mức , vùng bả vai"
M62.36,"hội chứng bất động ( liệt 2 chi dưới ) , cẳng chân"
M62.37,"hội chứng bất động ( liệt 2 chi dưới ) , cổ và bàn chân"
M43.21,"dính đốt sống khác , vùng chẩm - trục - đội"
M43.22,"dính đốt sống khác , vùng cổ"
M43.23,"dính đốt sống khác , vùng cổ lưng"
M43.24,"dính đốt sống khác , vùng ngực"
M43.25,"dính đốt sống khác , vùng ngực thắt lưng"
M43.59,"các bán trật đốt sống hay tái diễn khác , vị trí không xác định"
M43.6,vẹo cổ
M43.8,các dị tật điển hình khác của cột sống được xác định
M43.80,"các dị tật điển hình khác của cột sống được xác định , nhiều vị trí cột sống"
M42.02,"viêm xương sụn cột sống thanh thiếu niên , vùng cổ"
M42.03,"viêm xương sụn cột sống thanh thiếu niên , vùng cổ lưng"
M43.4,bán trật khớp trục - đội hay tái diễn khác
M43.5,các bán trật đốt sống hay tái diễn khác
M43.50,"các bán trật đốt sống hay tái diễn khác , nhiều vị trí cột sống"
M43.56,"các bán trật đốt sống hay tái diễn khác , vùng thắt lưng"
M43.57,"các bán trật đốt sống hay tái diễn khác , vùng thắt lưng - cùng"
M43.58,"các bán trật đốt sống hay tái diễn khác , vùng cùng và cùng cụt"
M43.81,"các dị tật điển hình khác của cột sống được xác định , vùng chẩm - trục - đội"
M43.82,"các dị tật điển hình khác của cột sống được xác định , vùng cổ"
M43.83,"các dị tật điển hình khác của cột sống được xác định , vùng cổ lưng"
M43.84,"các dị tật điển hình khác của cột sống được xác định , vùng ngực"
M43.85,"các dị tật điển hình khác của cột sống được xác định , vùng ngực thắt lưng"
M43.86,"các dị tật điển hình khác của cột sống được xác định , vùng thắt lưng"
M43.95,"các bệnh cột sống có dị tật không đặc hiệu , vùng ngực thắt lưng"
M43.96,"các bệnh cột sống có dị tật không đặc hiệu , vùng thắt lưng"
M43.97,"các bệnh cột sống có dị tật không đặc hiệu , vùng thắt lưng - cùng"
M43.98,"các bệnh cột sống có dị tật không đặc hiệu , vùng cùng và cùng cụt"
M43.99,"các bệnh cột sống có dị tật không đặc hiệu , vị trí không xác định"
M45,bệnh viêm cột sống dính khớp
M450,"bệnh viêm cột sống dính khớp , nhiều vị trí cột sống"
M451,"bệnh viêm cột sống dính khớp , vùng chẩm - trục - đội"
M43.87,"các dị tật điển hình khác của cột sống được xác định , vùng thắt lưng - cùng"
M43.88,"các dị tật điển hình khác của cột sống được xác định , vùng cùng và cùng cụt"
M43.89,"các dị tật xác định khác của cột sống được xác định , vị trí không xác định"
M43.9,các bệnh cột sống có dị tật không đặc hiệu
M43.90,"các bệnh cột sống có dị tật không đặc hiệu , nhiều vị trí cột sống"
M43.91,"các bệnh cột sống có dị tật không đặc hiệu , vùng chẩm - trục - đội"
M43.92,"các bệnh cột sống có dị tật không đặc hiệu , vùng cổ"
M43.93,"các bệnh cột sống có dị tật không đặc hiệu , vùng cổ lưng"
M43.94,"các bệnh cột sống có dị tật không đặc hiệu , vùng ngực"
M452,"bệnh viêm cột sống dính khớp , vùng cổ"
M453,"bệnh viêm cột sống dính khớp , vùng cổ lưng"
M454,"bệnh viêm cột sống dính khớp , vùng ngực"
M48.04,"hẹp ống sống , vùng ngực"
M48.05,"hẹp ống sống , vùng ngực thắt lưng"
M48.06,"hẹp ống sống , vùng thắt lưng"
M49.0*,lao cột sống ( a18 . 0 † )
M49.00*,"lao cột sống ( a18 . 0 † ) , nhiều vị trí cột sống"
M49.01*,"lao cột sống ( a18 . 0 † ) , vùng chẩm - trục - đội"
M49.02*,"lao cột sống ( a18 . 0 † ) , vùng cổ"
M49.03*,"lao cột sống ( a18 . 0 † ) , vùng cổ lưng"
M48.18,"cứng khớp do tăng tạo xương ( forestier ) , vùng cùng và cùng cụt"
M48.19,"cứng khớp do tăng tạo xương ( forestier ) , vị trí không xác định"
M48.2,hư khớp liên mỏm gai
M48.20,"hư khớp liên mỏm gai , nhiều vị trí cột sống"
M48.31,"chấn thương cột sống , vùng chẩm - trục - đội"
M48.32,"chấn thương cột sống , vùng cổ"
M48.33,"chấn thương cột sống , vùng cổ lưng"
M48.34,"chấn thương cột sống , vùng ngực"
M49.09*,"lao cột sống ( a18 . 0 † ) , vị trí không xác định"
M49.1*,viêm đốt sống do brucella ( a23 . - † )
M49.10*,"viêm đốt sống do brucella ( a23 . - † ) , nhiều vị trí cột sống"
M49.11*,"viêm đốt sống do brucella ( a23 . - † ) , vùng chẩm - trục - đội"
M49.12*,"viêm đốt sống do brucella ( a23 . - † ) , vùng cổ"
M49.21*,"viêm đốt sống do vi khuẩn đường ruột ( a01 - a04 † ) , vùng chẩm - trục - đội"
M49.22*,"viêm đốt sống do vi khuẩn đường ruột ( a01 - a04 † ) , vùng cổ"
M49.23*,"viêm đốt sống do vi khuẩn đường ruột ( a01 - a04 † ) , vùng cổ lưng"
M49.04*,"lao cột sống ( a18 . 0 † ) , vùng ngực"
M49.05*,"lao cột sống ( a18 . 0 † ) , vùng ngực thắt lưng"
M49.06*,"lao cột sống ( a18 . 0 † ) , vùng thắt lưng"
M49.07*,"lao cột sống ( a18 . 0 † ) , vùng thắt lưng - cùng"
M49.08*,"lao cột sống ( a18 . 0 † ) , vùng cùng và cùng cụt"
M48.93,"các bệnh thân đốt sống không đặc hiệu , vùng cổ lưng"
M48.94,"các bệnh thân đốt sống không đặc hiệu , vùng ngực"
M48.95,"các bệnh thân đốt sống không đặc hiệu , vùng ngực thắt lưng"
M48.96,"các bệnh thân đốt sống không đặc hiệu , vùng thắt lưng"
M48.97,"các bệnh thân đốt sống không đặc hiệu , vùng thắt lưng - cùng"
M48.98,"các bệnh thân đốt sống không đặc hiệu , vùng cùng và cùng cụt"
M48.99,"các bệnh thân đốt sống không đặc hiệu , vị trí không xác định"
M49*,tổn thương cột sống trong các bệnh phân loại nơi khác
M49.18*,"viêm đốt sống do brucella ( a23 . - † ) , vùng cùng và cùng cụt"
M49.19*,"viêm đốt sống do brucella ( a23 . - † ) , vị trí không xác định"
M49.2*,viêm đốt sống do vi khuẩn đường ruột ( a01 - a04 † )
M49.20*,"viêm đốt sống do vi khuẩn đường ruột ( a01 - a04 † ) , nhiều vị trí cột sống"
M48.87,"các bệnh thân đốt sống được xác định khác , vùng thắt lưng - cùng"
M48.88,"các bệnh thân đốt sống được xác định khác , vùng cùng và cùng cụt"
M48.89,"các bệnh thân đốt sống được xác định khác , vị trí không xác định"
M48.9,các bệnh thân đốt sống không đặc hiệu
M48.90,"các bệnh thân đốt sống không đặc hiệu , nhiều vị trí cột sống"
M48.91,"các bệnh thân đốt sống không đặc hiệu , vùng chẩm - trục - đội"
M48.92,"các bệnh thân đốt sống không đặc hiệu , vùng cổ"
M42.97,"hư điểm cốt hóa cột sống không đặc hiệu , vùng thắt lưng - cùng"
M42.98,"hư điểm cốt hóa cột sống không đặc hiệu , vùng cùng và cùng cụt"
M42.99,"hư điểm cốt hóa cột sống không đặc hiệu , vị trí không xác định"
M43,các biến dạng khác của cột sống
M43.0,khuyết eo đốt sống
M455,"bệnh viêm cột sống dính khớp , vùng ngực thắt lưng"
M456,"bệnh viêm cột sống dính khớp , vùng thắt lưng"
M457,"bệnh viêm cột sống dính khớp , vùng thắt lưng - cùng"
M458,"bệnh viêm cột sống dính khớp , vùng cùng và cùng cụt"
M46.4,"viêm đĩa đệm , không đặc hiệu"
M46.40,"viêm đĩa đệm , không đặc hiệu , nhiều vị trí cột sống"
M46.41,"viêm đĩa đệm , không đặc hiệu , vùng chẩm - trục - đội"
M46.42,"viêm đĩa đệm , không đặc hiệu , vùng cổ"
M46.43,"viêm đĩa đệm , không đặc hiệu , vùng cổ lưng"
M46.44,"viêm đĩa đệm , không đặc hiệu , vùng ngực"
M46.45,"viêm đĩa đệm , không đặc hiệu , vùng ngực thắt lưng"
M46.46,"viêm đĩa đệm , không đặc hiệu , vùng thắt lưng"
M46.47,"viêm đĩa đệm , không đặc hiệu , vùng thắt lưng - cùng"
M46.48,"viêm đĩa đệm , không đặc hiệu , vùng cùng và cùng cụt"
M46.49,"viêm đĩa đệm , không đặc hiệu , vị trí không xác định"
M46.5,các bệnh nhiễm khuẩn khác của thân đốt sống
M46.33,"viêm đĩa đệm đốt sống do vi khuẩn sinh mủ , vùng cổ lưng"
M46.34,"viêm đĩa đệm đốt sống do vi khuẩn sinh mủ , vùng ngực"
M46.35,"viêm đĩa đệm đốt sống do vi khuẩn sinh mủ , vùng ngực thắt lưng"
M46.36,"viêm đĩa đệm đốt sống do vi khuẩn sinh mủ , vùng thắt lưng"
M46.29,"viêm xương tủy thân đốt sống , vị trí không xác định"
M46.3,viêm đĩa đệm đốt sống do vi khuẩn sinh mủ
M46.30,"viêm đĩa đệm đốt sống do vi khuẩn sinh mủ , nhiều vị trí cột sống"
M46.31,"viêm đĩa đệm đốt sống do vi khuẩn sinh mủ , vùng chẩm - trục - đội"
M46.32,"viêm đĩa đệm đốt sống do vi khuẩn sinh mủ , vùng cổ"
M46.23,"viêm xương tủy thân đốt sống , vùng cổ lưng"
M46.24,"viêm xương tủy thân đốt sống , vùng ngực"
M46.25,"viêm xương tủy thân đốt sống , vùng ngực thắt lưng"
M46.2,viêm xương tủy thân đốt sống
M46.20,"viêm xương tủy thân đốt sống , nhiều vị trí cột sống"
M46.21,"viêm xương tủy thân đốt sống , vùng chẩm - trục - đội"
M46.22,"viêm xương tủy thân đốt sống , vùng cổ"
M46.26,"viêm xương tủy thân đốt sống , vùng thắt lưng"
M46.27,"viêm xương tủy thân đốt sống , vùng thắt lưng - cùng"
M46.28,"viêm xương tủy thân đốt sống , vùng cùng và cùng cụt"
M46.37,"viêm đĩa đệm đốt sống do vi khuẩn sinh mủ , vùng thắt lưng - cùng"
M46.38,"viêm đĩa đệm đốt sống do vi khuẩn sinh mủ , vùng cùng và cùng cụt"
M46.39,"viêm đĩa đệm đốt sống do vi khuẩn sinh mủ , vị trí không xác định"
M459,"bệnh viêm cột sống dính khớp , vị trí không xác định"
M46,các bệnh viêm cột sống khác
M46.0,bệnh gân - dây chằng quanh cột sống
M46.00,"bệnh gân - dây chằng quanh cột sống , nhiều vị trí cột sống"
M46.01,"bệnh gân - dây chằng quanh cột sống , vùng chẩm - trục - đội"
M46.02,"bệnh gân - dây chằng quanh cột sống , vùng cổ"
M46.03,"bệnh gân - dây chằng quanh cột sống , vùng cổ lưng"
M46.04,"bệnh gân - dây chằng quanh cột sống , vùng ngực"
M46.05,"bệnh gân - dây chằng quanh cột sống , vùng ngực thắt lưng"
M46.06,"bệnh gân - dây chằng quanh cột sống , vùng thắt lưng"
M46.07,"bệnh gân - dây chằng quanh cột sống , vùng thắt lưng - cùng"
M46.08,"bệnh gân - dây chằng quanh cột sống , vùng cùng và cùng cụt"
M46.09,"bệnh gân - dây chằng quanh cột sống , vị trí không xác định"
M46.1,"viêm khớp cùng chậu , không phân loại nơi khác"
M42.11,"hư điểm cốt hóa cột sống người lớn , vùng chẩm - trục - đội"
M42.12,"hư điểm cốt hóa cột sống người lớn , vùng cổ"
M42.13,"hư điểm cốt hóa cột sống người lớn , vùng cổ lưng"
M43.06,"khuyết eo đốt sống , vùng thắt lưng"
M43.07,"khuyết eo đốt sống , vùng thắt lưng - cùng"
M43.08,"khuyết eo đốt sống , vùng cùng và cùng cụt"
M42.0,viêm xương sụn cột sống thanh thiếu niên
M42.00,"viêm xương sụn cột sống thanh thiếu niên , nhiều vị trí cột sống"
M42.01,"viêm xương sụn cột sống thanh thiếu niên , vùng chẩm - trục - đội"
M43.09,"khuyết eo đốt sống , vị trí không xác định"
M43.1,bệnh trượt đốt sống
M43.10,"bệnh trượt đốt sống , nhiều vị trí cột sống"
M43.11,"bệnh trượt đốt sống , vùng chẩm - trục - đội"
M43.12,"bệnh trượt đốt sống , vùng cổ"
M42.14,"hư điểm cốt hóa cột sống người lớn , vùng ngực"
M42.15,"hư điểm cốt hóa cột sống người lớn , vùng ngực thắt lưng"
M42.16,"hư điểm cốt hóa cột sống người lớn , vùng thắt lưng"
M43.13,"bệnh trượt đốt sống , vùng cổ lưng"
M43.14,"bệnh trượt đốt sống , vùng ngực"
M43.15,"bệnh trượt đốt sống , vùng ngực thắt lưng"
M43.16,"bệnh trượt đốt sống , vùng thắt lưng"
M41.88,"các dạng khác của vẹo cột sống , vùng cùng và cùng cụt"
M43.04,"khuyết eo đốt sống , vùng ngực"
M43.05,"khuyết eo đốt sống , vùng ngực thắt lưng"
M43.17,"bệnh trượt đốt sống , vùng thắt lưng - cùng"
M43.18,"bệnh trượt đốt sống , vùng cùng và cùng cụt"
M43.19,"bệnh trượt đốt sống , vị trí không xác định"
M43.2,dính đốt sống khác
M43.20,"dính đốt sống khác , nhiều vị trí cột sống"
M42.17,"hư điểm cốt hóa cột sống người lớn , vùng thắt lưng - cùng"
M42.18,"hư điểm cốt hóa cột sống người lớn , vùng cùng và cùng cụt"
M42.19,"hư điểm cốt hóa cột sống người lớn , vị trí không xác định"
M42.9,hư điểm cốt hóa cột sống không đặc hiệu
M42.90,"hư điểm cốt hóa cột sống không đặc hiệu , nhiều vị trí cột sống"
M42.91,"hư điểm cốt hóa cột sống không đặc hiệu , vùng chẩm - trục - đội"
M42.92,"hư điểm cốt hóa cột sống không đặc hiệu , vùng cổ"
M42.93,"hư điểm cốt hóa cột sống không đặc hiệu , vùng cổ lưng"
M42.94,"hư điểm cốt hóa cột sống không đặc hiệu , vùng ngực"
M42.95,"hư điểm cốt hóa cột sống không đặc hiệu , vùng ngực thắt lưng"
M42.96,"hư điểm cốt hóa cột sống không đặc hiệu , vùng thắt lưng"
M48.09,"hẹp ống sống , vị trí không xác định"
M48.1,cứng khớp do tăng tạo xương ( forestier )
M48.10,"cứng khớp do tăng tạo xương ( forestier ) , nhiều vị trí cột sống"
M48.11,"cứng khớp do tăng tạo xương ( forestier ) , vùng chẩm - trục - đội"
M48.12,"cứng khớp do tăng tạo xương ( forestier ) , vùng cổ"
M48.39,"chấn thương cột sống , vị trí không xác định"
M48.4,gãy đốt sống do mỏi
M48.40,"gãy đốt sống do mỏi , nhiều vị trí cột sống"
M48.41,"gãy đốt sống do mỏi , vùng chẩm - trục - đội"
M48.42,"gãy đốt sống do mỏi , vùng cổ"
M48.07,"hẹp ống sống , vùng thắt lưng - cùng"
M48.08,"hẹp ống sống , vùng cùng và cùng cụt"
M48.58,"xẹp đốt sống , không phân loại nơi khác , vùng cùng và cùng cụt"
M48.59,"xẹp đốt sống , không phân loại nơi khác , vị trí không xác định"
M48.8,các bệnh thân đốt sống được xác định khác
M48.80,"các bệnh thân đốt sống được xác định khác , nhiều vị trí cột sống"
M48.81,"các bệnh thân đốt sống được xác định khác , vùng chẩm - trục - đội"
M48.82,"các bệnh thân đốt sống được xác định khác , vùng cổ"
M48.21,"hư khớp liên mỏm gai , vùng chẩm - trục - đội"
M48.22,"hư khớp liên mỏm gai , vùng cổ"
M48.23,"hư khớp liên mỏm gai , vùng cổ lưng"
M48.24,"hư khớp liên mỏm gai , vùng ngực"
M48.83,"các bệnh thân đốt sống được xác định khác , vùng cổ lưng"
M48.84,"các bệnh thân đốt sống được xác định khác , vùng ngực"
M48.85,"các bệnh thân đốt sống được xác định khác , vùng ngực thắt lưng"
M48.86,"các bệnh thân đốt sống được xác định khác , vùng thắt lưng"
M48.43,"gãy đốt sống do mỏi , vùng cổ lưng"
M48.44,"gãy đốt sống do mỏi , vùng ngực"
M48.45,"gãy đốt sống do mỏi , vùng ngực thắt lưng"
M48.46,"gãy đốt sống do mỏi , vùng thắt lưng"
M47.99,"thoái hóa cột sống không đặc hiệu , vị trí không xác định"
M48,các bệnh khác của thân đốt sống
M48.0,hẹp ống sống
M48.00,"hẹp ống sống , nhiều vị trí cột sống"
M48.49,"gãy đốt sống do mỏi , vị trí không xác định"
M48.5,"xẹp đốt sống , không phân loại nơi khác"
M48.50,"xẹp đốt sống , không phân loại nơi khác , nhiều vị trí cột sống"
M48.51,"xẹp đốt sống , không phân loại nơi khác , vùng chẩm - trục - đội"
M48.52,"xẹp đốt sống , không phân loại nơi khác , vùng cổ"
M48.47,"gãy đốt sống do mỏi , vùng thắt lưng - cùng"
M48.48,"gãy đốt sống do mỏi , vùng cùng và cùng cụt"
M90.30*,"hoại tử xương trong bệnh khí nén ( thùng thợ lặn ) ( t70 . 3 † ) , nhiều vị trí"
M90.31*,"hoại tử xương trong bệnh khí nén ( thùng thợ lặn ) ( t70 . 3 † ) , vùng bả vai"
M90.32*,"hoại tử xương trong bệnh khí nén ( thùng thợ lặn ) ( t70 . 3 † ) , cánh tay"
M89.24,"rối loạn khác về sự phát triển và tăng trưởng của xương , bàn tay"
M89.25,"rối loạn khác về sự phát triển và tăng trưởng của xương , vùng chậu và đùi"
M89.26,"rối loạn khác về sự phát triển và tăng trưởng của xương , cẳng chân"
M89.44,"các bệnh phì đại xương khớp khác , bàn tay"
M89.45,"các bệnh phì đại xương khớp khác , vùng chậu và đùi"
M89.46,"các bệnh phì đại xương khớp khác , cẳng chân"
M89.47,"các bệnh phì đại xương khớp khác , cổ và bàn chân"
M90.72*,"gãy xương trong các bệnh khối u ( c00 - d48 † ) , cánh tay"
M90.73*,"gãy xương trong các bệnh khối u ( c00 - d48 † ) , cẳng tay"
M90.65*,"viêm xương biến dạng trong các bệnh khối u ( c00 - d48 † ) , vùng chậu và đùi"
M90.66*,"viêm xương biến dạng trong các bệnh khối u ( c00 - d48 † ) , cẳng chân"
M90.6*,viêm xương biến dạng trong các bệnh khối u ( c00 - d48 † )
M90.60*,"viêm xương biến dạng trong các bệnh khối u ( c00 - d48 † ) , nhiều vị trí"
M90.61*,"viêm xương biến dạng trong các bệnh khối u ( c00 - d48 † ) , vùng bả vai"
M90.74*,"gãy xương trong các bệnh khối u ( c00 - d48 † ) , bàn tay"
M90.75*,"gãy xương trong các bệnh khối u ( c00 - d48 † ) , vùng chậu và đùi"
M90.67*,"viêm xương biến dạng trong các bệnh khối u ( c00 - d48 † ) , cổ và bàn chân"
M90.62*,"viêm xương biến dạng trong các bệnh khối u ( c00 - d48 † ) , cánh tay"
M90.68*,"viêm xương biến dạng trong các bệnh khối u ( c00 - d48 † ) , vị trí khác"
M90.69*,"viêm xương biến dạng trong các bệnh khối u ( c00 - d48 † ) , vị trí không xác định"
M90.7*,gãy xương trong các bệnh khối u ( c00 - d48 † )
M90.70*,"gãy xương trong các bệnh khối u ( c00 - d48 † ) , nhiều vị trí"
M90.71*,"gãy xương trong các bệnh khối u ( c00 - d48 † ) , vùng bả vai"
M90.33*,"hoại tử xương trong bệnh khí nén ( thùng thợ lặn ) ( t70 . 3 † ) , cẳng tay"
M90.34*,"hoại tử xương trong bệnh khí nén ( thùng thợ lặn ) ( t70 . 3 † ) , bàn tay"
M90.35*,"hoại tử xương trong bệnh khí nén ( thùng thợ lặn ) ( t70 . 3 † ) , vùng chậu và đùi"
M87.21,"hoại tử xương do chấn thương từ trước , vùng bả vai"
M87.22,"hoại tử xương do chấn thương từ trước , cánh tay"
M87.23,"hoại tử xương do chấn thương từ trước , cẳng tay"
M87.24,"hoại tử xương do chấn thương từ trước , bàn tay"
M87.25,"hoại tử xương do chấn thương từ trước , vùng chậu và đùi"
M90.24*,"bệnh xương trong các bệnh nhiễm khuẩn phân loại nơi khác , bàn tay"
M90.25*,"bệnh xương trong các bệnh nhiễm khuẩn phân loại nơi khác , vùng chậu và đùi"
M90.26*,"bệnh xương trong các bệnh nhiễm khuẩn phân loại nơi khác , cẳng chân"
M90.52*,"hoại tử xương trong các bệnh phân loại nơi khác , cánh tay"
M90.53*,"hoại tử xương trong các bệnh phân loại nơi khác , cẳng tay"
M90.54*,"hoại tử xương trong các bệnh phân loại nơi khác , bàn tay"
M90.47*,"hoại tử xương do bệnh huyết cầu tố ( d50 - d64 † ) , cổ và bàn chân"
M90.48*,"hoại tử xương do bệnh huyết cầu tố ( d50 - d64 † ) , vị trí khác"
M90.49*,"hoại tử xương do bệnh huyết cầu tố ( d50 - d64 † ) , vị trí không xác định"
M90.5*,hoại tử xương trong các bệnh phân loại nơi khác
M90.50*,"hoại tử xương trong các bệnh phân loại nơi khác , nhiều vị trí"
M90.51*,"hoại tử xương trong các bệnh phân loại nơi khác , vùng bả vai"
M90.57*,"hoại tử xương trong các bệnh phân loại nơi khác , cổ và bàn chân"
M90.58*,"hoại tử xương trong các bệnh phân loại nơi khác , vị trí khác"
M90.59*,"hoại tử xương trong các bệnh phân loại nơi khác , vị trí không xác định"
M90.42*,"hoại tử xương do bệnh huyết cầu tố ( d50 - d64 † ) , cánh tay"
M90.43*,"hoại tử xương do bệnh huyết cầu tố ( d50 - d64 † ) , cẳng tay"
M90.44*,"hoại tử xương do bệnh huyết cầu tố ( d50 - d64 † ) , bàn tay"
M90.45*,"hoại tử xương do bệnh huyết cầu tố ( d50 - d64 † ) , vùng chậu và đùi"
M90.46*,"hoại tử xương do bệnh huyết cầu tố ( d50 - d64 † ) , cẳng chân"
M90.55*,"hoại tử xương trong các bệnh phân loại nơi khác , vùng chậu và đùi"
M90.56*,"hoại tử xương trong các bệnh phân loại nơi khác , cẳng chân"
M90.36*,"hoại tử xương trong bệnh khí nén ( thùng thợ lặn ) ( t70 . 3 † ) , cẳng chân"
M90.38*,"hoại tử xương trong bệnh khí nén ( thùng thợ lặn ) ( t70 . 3 † ) , vị trí khác"
M90.39*,"hoại tử xương trong bệnh khí nén ( thùng thợ lặn ) ( t70 . 3 † ) , vị trí không xác định"
M90.4*,hoại tử xương do bệnh huyết cầu tố ( d50 - d64 † )
M90.40*,"hoại tử xương do bệnh huyết cầu tố ( d50 - d64 † ) , nhiều vị trí"
M90.41*,"hoại tử xương do bệnh huyết cầu tố ( d50 - d64 † ) , vùng bả vai"
M90.76*,"gãy xương trong các bệnh khối u ( c00 - d48 † ) , cẳng chân"
M90.77*,"gãy xương trong các bệnh khối u ( c00 - d48 † ) , cổ và bàn chân"
M90.78*,"gãy xương trong các bệnh khối u ( c00 - d48 † ) , vị trí khác"
M90.79*,"gãy xương trong các bệnh khối u ( c00 - d48 † ) , vị trí không xác định"
M90.8*,bệnh lý xương trong các bệnh phân loại nơi khác
M90.80*,"bệnh lý xương trong các bệnh phân loại nơi khác , nhiều vị trí"
M90.81*,"bệnh lý xương trong các bệnh phân loại nơi khác , vùng bả vai"
M90.88*,"bệnh lý xương trong các bệnh phân loại nơi khác , vị trí khác"
M90.89*,"bệnh lý xương trong các bệnh phân loại nơi khác , vị trí không xác định"
M91,hư điểm cốt hóa tại khớp háng và khung chậu ở trẻ em
M91.0,hư điểm cốt hóa tại khung chậu ở trẻ em
M92,hư điểm cốt hóa khác ở trẻ em
M92.0,hư điểm cốt hóa ở trẻ em ở xương cánh tay
M92.1,hư điểm cốt hóa ở trẻ em ở xương quay và xương trụ
M92.5,hư điểm cốt hóa ở trẻ em ở xương chày và xương mác
M92.6,hư điểm cốt hóa ở trẻ em ở các xương cổ chân
M92.7,hư điểm cốt hóa ở trẻ em ở xương bàn chân
M92.2,hư điểm cốt hóa ở trẻ em ở tay
M92.3,hư điểm cốt hóa khác ở trẻ em ở chi trên
M92.4,hư điểm cốt hóa ở trẻ em ở xương bánh chè
M90.84*,"bệnh lý xương trong các bệnh phân loại nơi khác , bàn tay"
M90.85*,"bệnh lý xương trong các bệnh phân loại nơi khác , vùng chậu và đùi"
M91.1,hư điểm cốt hóa chỏm xương đùi ở trẻ em ( legg - cálve - pèthes )
M91.2,khớp háng dẹt
M91.3,giả lao khớp háng
M91.8,hư điểm cốt hóa tại khớp háng và khung chậu khác ở trẻ em
M91.9,hư điểm cốt hóa tại khớp háng và khung chậu ở trẻ em không đặc hiệu
M90.86*,"bệnh lý xương trong các bệnh phân loại nơi khác , cẳng chân"
M90.87*,"bệnh lý xương trong các bệnh phân loại nơi khác , cổ và bàn chân"
M90.82*,"bệnh lý xương trong các bệnh phân loại nơi khác , cánh tay"
M90.83*,"bệnh lý xương trong các bệnh phân loại nơi khác , cẳng tay"
M90.37*,"hoại tử xương trong bệnh khí nén ( thùng thợ lặn ) ( t70 . 3 † ) , cổ và bàn chân"
M99.01,"rối loạn chức năng từng đoạn và phần thân , vùng cổ"
M99.02,"rối loạn chức năng từng đoạn và phần thân , vùng ngực"
M99.03,"rối loạn chức năng từng đoạn và phần thân , vùng thắt lưng"
M96.8,"các bệnh ký khác của hệ cơ - xương - khớp sau phẫu thuật , thủ thuật"
M96.9,"các bệnh lý của hệ cơ - xương - khớp sau phẫu thuật , thủ thuật , không đặc hiệu"
M99,"các tổn thương cơ sinh học , không phân loại nơi khác"
M99.0,rối loạn chức năng từng đoạn và phần thân
M99.00,"rối loạn chức năng từng đoạn và phần thân , vùng đầu"
M95.4,biến dạng mắc phải của lồng ngực và sườn
M95.5,biến dạng mắc phải của khung chậu
M95.8,các biến dạng mắc phải đặc hiệu khác của hệ cơ - xương - khớp
M95.9,các biến dạng mắc phải không đặc hiệu của hệ cơ - xương - khớp
M96,"các bệnh lý của hệ cơ - xương - khớp sau can thiệp , không phân loại nơi khác"
M96.0,"khớp giả sau phẫu thuật , thủ thuật làm cứng khớp"
M99.07,"rối loạn chức năng từng đoạn và phần thân , chi trên"
M99.09,"rối loạn chức năng từng đoạn và phần thân , bụng và nơi khác"
M99.1,lệch phức tạp đốt sống
M99.10,"lệch phức tạp đốt sống , vùng đầu"
M94.90,"các bệnh sụn không đặc hiệu , nhiều vị trí"
M94.91,"các bệnh sụn không đặc hiệu , vùng bả vai"
M94.92,"các bệnh sụn không đặc hiệu , cánh tay"
M94.93,"các bệnh sụn không đặc hiệu , cẳng tay"
M94.94,"các bệnh sụn không đặc hiệu , bàn tay"
M94.95,"các bệnh sụn không đặc hiệu , vùng chậu và đùi"
M94.96,"các bệnh sụn không đặc hiệu , cẳng chân"
M94.97,"các bệnh sụn không đặc hiệu , cổ và bàn chân"
M94.98,"các bệnh sụn không đặc hiệu , vị trí khác"
M94.99,"các bệnh sụn không đặc hiệu , vị trí không xác định"
M95,các biến dạng mắc phải của hệ cơ - xương - khớp và mô liên kết
M94.86,"các bệnh lý sụn đặc hiệu khác , cẳng chân"
M94.87,"các bệnh lý sụn đặc hiệu khác , cổ và bàn chân"
M94.88,"các bệnh lý sụn đặc hiệu khác , vị trí khác"
M94.89,"các bệnh lý sụn đặc hiệu khác , vị trí không xác định"
M94.9,các bệnh sụn không đặc hiệu
M95.0,biến dạng mắc phải của mũi
M95.1,vành tai sùi
M95.2,biến dạng mắc phải khác của đầu
M95.3,biến dạng mắc phải của cổ
M96.1,"hội chứng sau cắt cung sau , không phân loại nơi khác"
M96.2,gù sau chiếu tia xạ
M96.3,gù sau cắt cung sau
M96.4,ưỡn cột sống thắt lưng sau phẫu thuật
M96.5,vẹo sau chiếu tia xạ
M96.6,"gãy xương sau chỉnh hình thay thế , sau lắp khớp giả hay sau tạo xương nhân tạo"
M99.04,"rối loạn chức năng từng đoạn và phần thân , vùng xương cùng"
M99.05,"rối loạn chức năng từng đoạn và phần thân , vùng chậu"
M99.06,"rối loạn chức năng từng đoạn và phần thân , chi dưới"
M87.88,"hoại tử xương khác , vị trí khác"
M87.89,"hoại tử xương khác , vị trí không xác định"
M87.9,hoại tử xương không đặc hiệu
M87.90,"hoại tử xương không đặc hiệu , nhiều vị trí"
M87.91,"hoại tử xương không đặc hiệu , vùng bả vai"
M87.92,"hoại tử xương không đặc hiệu , cánh tay"
M87.93,"hoại tử xương không đặc hiệu , cẳng tay"
M87.94,"hoại tử xương không đặc hiệu , bàn tay"
M87.95,"hoại tử xương không đặc hiệu , vùng chậu và đùi"
M87.96,"hoại tử xương không đặc hiệu , cẳng chân"
M87.97,"hoại tử xương không đặc hiệu , cổ và bàn chân"
M87.98,"hoại tử xương không đặc hiệu , vị trí khác"
M87.99,"hoại tử xương không đặc hiệu , vị trí không xác định"
M88,bệnh paget ( viêm xương biến dạng )
M90.13*,"viêm màng xương trong các bệnh nhiễm khuẩn phân loại nơi khác , cẳng tay"
M90.14*,"viêm màng xương trong các bệnh nhiễm khuẩn phân loại nơi khác , bàn tay"
M90.15*,"viêm màng xương trong các bệnh nhiễm khuẩn phân loại nơi khác , vùng chậu và đùi"
M89.60,"bệnh xương sau viêm tủy xám ( bại liệt ) , nhiều vị trí"
M89.61,"bệnh xương sau viêm tủy xám ( bại liệt ) , vùng bả vai"
M89.62,"bệnh xương sau viêm tủy xám ( bại liệt ) , cánh tay"
M89.63,"bệnh xương sau viêm tủy xám ( bại liệt ) , cẳng tay"
M89.80,"rối loạn đặc hiệu khác của xương , nhiều vị trí"
M89.81,"rối loạn đặc hiệu khác của xương , vùng bả vai"
M89.82,"rối loạn đặc hiệu khác của xương , cánh tay"
M89.83,"rối loạn đặc hiệu khác của xương , cẳng tay"
M90.27*,"bệnh xương trong các bệnh nhiễm khuẩn phân loại nơi khác , cổ và bàn chân"
M90.28*,"bệnh xương trong các bệnh nhiễm khuẩn phân loại nơi khác , vị trí khác"
M90.29*,"bệnh xương trong các bệnh nhiễm khuẩn phân loại nơi khác , vị trí không xác định"
M90.3*,hoại tử xương trong bệnh khí nén ( thùng thợ lặn ) ( t70 . 3 † )
M90.1*,viêm màng xương trong các bệnh nhiễm khuẩn phân loại nơi khác
M90.10*,"viêm màng xương trong các bệnh nhiễm khuẩn phân loại nơi khác , nhiều vị trí"
M90.11*,"viêm màng xương trong các bệnh nhiễm khuẩn phân loại nơi khác , vùng bả vai"
M90.12*,"viêm màng xương trong các bệnh nhiễm khuẩn phân loại nơi khác , cánh tay"
M90.16*,"viêm màng xương trong các bệnh nhiễm khuẩn phân loại nơi khác , cẳng chân"
M90.17*,"viêm màng xương trong các bệnh nhiễm khuẩn phân loại nơi khác , cổ và bàn chân"
M90.18*,"viêm màng xương trong các bệnh nhiễm khuẩn phân loại nơi khác , vị trí khác"
M90.19*,"viêm màng xương trong các bệnh nhiễm khuẩn phân loại nơi khác , vị trí không xác định"
M90.2*,bệnh xương trong các bệnh nhiễm khuẩn phân loại nơi khác
M90.20*,"bệnh xương trong các bệnh nhiễm khuẩn phân loại nơi khác , nhiều vị trí"
M90.21*,"bệnh xương trong các bệnh nhiễm khuẩn phân loại nơi khác , vùng bả vai"
M90.04*,"lao xương ( a18 . 0 † ) , bàn tay"
M90.05*,"lao xương ( a18 . 0 † ) , vùng chậu và đùi"
M90.06*,"lao xương ( a18 . 0 † ) , cẳng chân"
M90.07*,"lao xương ( a18 . 0 † ) , cổ và bàn chân"
M90.08*,"lao xương ( a18 . 0 † ) , vị trí khác"
M90.09*,"lao xương ( a18 . 0 † ) , vị trí không xác định"
M90.22*,"bệnh xương trong các bệnh nhiễm khuẩn phân loại nơi khác , cánh tay"
M90.23*,"bệnh xương trong các bệnh nhiễm khuẩn phân loại nơi khác , cẳng tay"
M87.84,"hoại tử xương khác , bàn tay"
M87.85,"hoại tử xương khác , vùng chậu và đùi"
M87.86,"hoại tử xương khác , cẳng chân"
M87.87,"hoại tử xương khác , cổ và bàn chân"
M88.0,bệnh paget xương sọ
M88.8,bệnh paget của các xương khác
M88.80,"bệnh paget của các xương khác , nhiều vị trí"
M88.81,"bệnh paget của các xương khác , vùng bả vai"
M88.82,"bệnh paget của các xương khác , cánh tay"
M89.2,rối loạn khác về sự phát triển và tăng trưởng của xương
M89.20,"rối loạn khác về sự phát triển và tăng trưởng của xương , nhiều vị trí"
M89.67,"bệnh xương sau viêm tủy xám ( bại liệt ) , cổ và bàn chân"
M89.68,"bệnh xương sau viêm tủy xám ( bại liệt ) , vị trí khác"
M89.69,"bệnh xương sau viêm tủy xám ( bại liệt ) , vị trí không xác định"
M89.8,rối loạn đặc hiệu khác của xương
M90.00*,"lao xương ( a18 . 0 † ) , nhiều vị trí"
M90.01*,"lao xương ( a18 . 0 † ) , vùng bả vai"
M90.02*,"lao xương ( a18 . 0 † ) , cánh tay"
M90.03*,"lao xương ( a18 . 0 † ) , cẳng tay"
M89.56,"tiêu xương , cẳng chân"
M89.57,"tiêu xương , cổ và bàn chân"
M89.58,"tiêu xương , vị trí khác"
M89.59,"tiêu xương , vị trí không xác định"
M89.6,bệnh xương sau viêm tủy xám ( bại liệt )
M89.87,"rối loạn đặc hiệu khác của xương , cổ và bàn chân"
M89.88,"rối loạn đặc hiệu khác của xương , vị trí khác"
M89.89,"rối loạn đặc hiệu khác của xương , vị trí không xác định"
M89.84,"rối loạn đặc hiệu khác của xương , bàn tay"
M89.85,"rối loạn đặc hiệu khác của xương , vùng chậu và đùi"
M89.86,"rối loạn đặc hiệu khác của xương , cẳng chân"
M89.9,rối loạn xương không đặc hiệu
M89.90,"rối loạn xương không đặc hiệu , nhiều vị trí"
M89.91,"rối loạn xương không đặc hiệu , vùng bả vai"
M89.92,"rối loạn xương không đặc hiệu , cánh tay"
M89.93,"rối loạn xương không đặc hiệu , cẳng tay"
M89.94,"rối loạn xương không đặc hiệu , bàn tay"
M89.95,"rối loạn xương không đặc hiệu , vùng chậu và đùi"
M89.96,"rối loạn xương không đặc hiệu , cẳng chân"
M89.97,"rối loạn xương không đặc hiệu , cổ và bàn chân"
M89.98,"rối loạn xương không đặc hiệu , vị trí khác"
M89.99,"rối loạn xương không đặc hiệu , vị trí không xác định"
M90*,bệnh xương trong các bệnh phân loại nơi khác
M90.0*,lao xương ( a18 . 0 † )
M89.64,"bệnh xương sau viêm tủy xám ( bại liệt ) , bàn tay"
M89.65,"bệnh xương sau viêm tủy xám ( bại liệt ) , vùng chậu và đùi"
M89.66,"bệnh xương sau viêm tủy xám ( bại liệt ) , cẳng chân"
M90.63*,"viêm xương biến dạng trong các bệnh khối u ( c00 - d48 † ) , cẳng tay"
M90.64*,"viêm xương biến dạng trong các bệnh khối u ( c00 - d48 † ) , bàn tay"
M94.82,"các bệnh lý sụn đặc hiệu khác , cánh tay"
M94.83,"các bệnh lý sụn đặc hiệu khác , cẳng tay"
M94.84,"các bệnh lý sụn đặc hiệu khác , bàn tay"
M94.85,"các bệnh lý sụn đặc hiệu khác , vùng chậu và đùi"
M94.37,"tiêu sụn , cổ và bàn chân"
M94.38,"tiêu sụn , vị trí khác"
M94.39,"tiêu sụn , vị trí không xác định"
M94.8,các bệnh lý sụn đặc hiệu khác
M94.80,"các bệnh lý sụn đặc hiệu khác , nhiều vị trí"
M94.81,"các bệnh lý sụn đặc hiệu khác , vùng bả vai"
M94.30,"tiêu sụn , nhiều vị trí"
M94.31,"tiêu sụn , vùng bả vai"
M94.32,"tiêu sụn , cánh tay"
M94.33,"tiêu sụn , cẳng tay"
M94.23,"nhuyễn sụn , cẳng tay"
M94.24,"nhuyễn sụn , bàn tay"
M94.25,"nhuyễn sụn , vùng chậu và đùi"
M94.2,nhuyễn sụn
M94.20,"nhuyễn sụn , nhiều vị trí"
M94.21,"nhuyễn sụn , vùng bả vai"
M94.22,"nhuyễn sụn , cánh tay"
M94.26,"nhuyễn sụn , cẳng chân"
M94.27,"nhuyễn sụn , cổ và bàn chân"
M94.28,"nhuyễn sụn , vị trí khác"
M94.29,"nhuyễn sụn , vị trí không xác định"
M94.3,tiêu sụn
M94.34,"tiêu sụn , bàn tay"
M94.35,"tiêu sụn , vùng chậu và đùi"
M94.36,"tiêu sụn , cẳng chân"
M92.8,hư điểm cốt hóa ở trẻ em đặc hiệu khác
M92.9,"hư điểm cốt hóa ở trẻ em khác , không đặc hiệu"
M93,các bệnh xương - sụn khác
M93.0,trượt đầu trên xương đùi ( không do chấn thương )
M93.1,bệnh kienbock ở người lớn
M93.2,viêm xương sụn bóc tách
M93.8,các bệnh xương sụn đặc hiệu khác
M93.9,các bệnh xương sụn không đặc hiệu
M94,các bệnh lý khác của sụn
M94.0,hội chứng khớp sụn sườn ( tietze )
M94.1,viêm đa sụn hay tái phát
M89.48,"các bệnh phì đại xương khớp khác , vị trí khác"
M89.49,"các bệnh phì đại xương khớp khác , vị trí không xác định"
M89.5,tiêu xương
M89.50,"tiêu xương , nhiều vị trí"
M89.51,"tiêu xương , vùng bả vai"
M89.52,"tiêu xương , cánh tay"
M89.32,"phì đại xương , cánh tay"
M89.33,"phì đại xương , cẳng tay"
M89.34,"phì đại xương , bàn tay"
M89.35,"phì đại xương , vùng chậu và đùi"
M87.26,"hoại tử xương do chấn thương từ trước , cẳng chân"
M87.27,"hoại tử xương do chấn thương từ trước , cổ và bàn chân"
M87.28,"hoại tử xương do chấn thương từ trước , vị trí khác"
M87.29,"hoại tử xương do chấn thương từ trước , vị trí không xác định"
M87.3,hoại tử xương thứ phát khác
M87.30,"hoại tử xương thứ phát khác , nhiều vị trí"
M89.21,"rối loạn khác về sự phát triển và tăng trưởng của xương , vùng bả vai"
M89.22,"rối loạn khác về sự phát triển và tăng trưởng của xương , cánh tay"
M87.38,"hoại tử xương thứ phát khác , vị trí khác"
M87.39,"hoại tử xương thứ phát khác , vị trí không xác định"
M87.8,hoại tử xương khác
M87.80,"hoại tử xương khác , nhiều vị trí"
M87.81,"hoại tử xương khác , vùng bả vai"
M87.82,"hoại tử xương khác , cánh tay"
M87.83,"hoại tử xương khác , cẳng tay"
M89.39,"phì đại xương , vị trí không xác định"
M89.4,các bệnh phì đại xương khớp khác
M89.40,"các bệnh phì đại xương khớp khác , nhiều vị trí"
M89.41,"các bệnh phì đại xương khớp khác , vùng bả vai"
M89.42,"các bệnh phì đại xương khớp khác , cánh tay"
M89.43,"các bệnh phì đại xương khớp khác , cẳng tay"
M89.28,"rối loạn khác về sự phát triển và tăng trưởng của xương , vị trí khác"
M89.29,"rối loạn khác về sự phát triển và tăng trưởng của xương , vị trí không xác định"
M89.3,phì đại xương
M89.30,"phì đại xương , nhiều vị trí"
M89.31,"phì đại xương , vùng bả vai"
M89.27,"rối loạn khác về sự phát triển và tăng trưởng của xương , cổ và bàn chân"
M89.36,"phì đại xương , cẳng chân"
M89.37,"phì đại xương , cổ và bàn chân"
M89.38,"phì đại xương , vị trí khác"
M89.53,"tiêu xương , cẳng tay"
M89.54,"tiêu xương , bàn tay"
M89.55,"tiêu xương , vùng chậu và đùi"
M87.35,"hoại tử xương thứ phát khác , vùng chậu và đùi"
M87.36,"hoại tử xương thứ phát khác , cẳng chân"
M87.37,"hoại tử xương thứ phát khác , cổ và bàn chân"
M89.0,hội chứng loạn dưỡng đau thần kinh
M89.00,"hội chứng loạn dưỡng - thần kinh - đau , nhiều vị trí"
M89.01,"hội chứng loạn dưỡng - thần kinh - đau , vùng bả vai"
M89.02,"hội chứng loạn dưỡng - thần kinh - đau , cánh tay"
M89.06,"hội chứng loạn dưỡng - thần kinh - đau , cẳng chân"
M89.07,"hội chứng loạn dưỡng - thần kinh - đau , cổ và bàn chân"
M89.08,"hội chứng loạn dưỡng - thần kinh - đau , vị trí khác"
M89.09,"hội chứng loạn dưỡng - thần kinh - đau , vị trí không xác định"
M89.1,không phát triển đầu xương
M88.83,"bệnh paget của các xương khác , cẳng tay"
M88.84,"bệnh paget của các xương khác , bàn tay"
M88.85,"bệnh paget của các xương khác , vùng chậu và đùi"
M87.31,"hoại tử xương thứ phát khác , vùng bả vai"
M87.32,"hoại tử xương thứ phát khác , cánh tay"
M87.33,"hoại tử xương thứ phát khác , cẳng tay"
M87.34,"hoại tử xương thứ phát khác , bàn tay"
M89.10,"không phát triển đầu xương , nhiều vị trí"
M89.11,"không phát triển đầu xương , vùng bả vai"
M89.12,"không phát triển đầu xương , cánh tay"
M89.13,"không phát triển đầu xương , cẳng tay"
M89.14,"không phát triển đầu xương , bàn tay"
M88.86,"bệnh paget của các xương khác , cẳng chân"
M88.87,"bệnh paget của các xương khác , cổ và bàn chân"
M88.88,"bệnh paget của các xương khác , vị trí khác"
M88.9,"bệnh paget của xương , không đặc hiệu"
M89,rối loạn khác của xương
M89.23,"rối loạn khác về sự phát triển và tăng trưởng của xương , cẳng tay"
M89.15,"không phát triển đầu xương , vùng chậu và đùi"
M89.16,"không phát triển đầu xương , cẳng chân"
M89.17,"không phát triển đầu xương , cổ và bàn chân"
M89.18,"không phát triển đầu xương , vị trí khác"
M89.19,"không phát triển đầu xương , vị trí không xác định"
M89.03,"hội chứng loạn dưỡng - thần kinh - đau , cẳng tay"
M89.04,"hội chứng loạn dưỡng - thần kinh - đau , bàn tay"
M89.05,"hội chứng loạn dưỡng - thần kinh - đau , vùng chậu và đùi"
M99.51,"hẹp ống sống do tổn thương đĩa gian đốt , vùng cổ"
M99.52,"hẹp ống sống do tổn thương đĩa gian đốt , vùng ngực"
M99.53,"hẹp ống sống do tổn thương đĩa gian đốt , vùng thắt lưng"
M99.54,"hẹp ống sống do tổn thương đĩa gian đốt , vùng xương cùng"
N21.0,sỏi bàng quang
N21.1,sỏi niệu đạo
N21.8,sỏi đường tiết niệu dưới khác
N21.9,"sỏi đường tiết niệu dưới , không đặc hiệu"
N22*,sỏi đường tiết niệu trong các bệnh phân loại nơi khác
N44,xoắn tinh hoàn
N45,viêm tinh hoàn và viêm mào tinh hoàn
N43.1,tràn dịch màng tinh hoàn nhiễm khuẩn
N43.2,tràn dịch màng tinh hoàn khác
N43.3,"tràn dịch màng tinh hoàn , không đặc hiệu"
N43.4,nang mào tinh hoàn
N46,vô sinh nam
N47,"bao quy đầu rộng , hẹp bao quy đầu và nghẹt bao quy đầu"
N48,biến đổi khác của dương vật
N42,biến đổi khác của tuyến tiền liệt
N42.0,sỏi tuyến tiền liệt
N42.1,sung huyết và chảy máu tuyến tiền liệt
N41.3,viêm tuyến tiền liệt - bàng quang
N41.8,bệnh viêm khác của tuyến tiền liệt
N41.9,"bệnh viêm tuyến tiền liệt , không đặc hiệu"
N45.0,"viêm tinh hoàn , viêm mào tinh hoàn và viêm tinh hoàn - mào tinh hoàn có áp xe"
N45.9,"viêm tinh hoàn , viêm mào tinh hoàn và viêm tinh hoàn - mào tinh hoàn không có áp xe"
N42.2,teo tuyến tiền liệt
N42.3,loạn sản tuyến tiền liệt
N42.8,biến đổi xác định khác của tuyến tiền liệt
N42.9,"biến đổi của tuyến tiền liệt , không đặc hiệu"
N48.0,bạch sản dương vật
N48.1,viêm quy đầu - bao quy đầu
N48.2,biến đổi viêm khác của dương vật
N43,tràn dịch màng tinh và sa tinh
N43.0,tràn dịch màng tinh hoàn nang hóa
N11.8,viêm mô kẽ ống thận mạn khác
N11.9,"viêm mô kẽ ống thận mạn , không đặc hiệu"
N12,"viêm mô kẽ ống thận , không xác định cấp hay mạn"
N13,bệnh tiết niệu trào ngược và tắc nghẽn
M99.73,"hẹp khoang liên đốt do mô liên kết và đĩa đệm , vùng thắt lưng"
M99.74,"hẹp khoang liên đốt do mô liên kết và đĩa đệm , vùng xương cùng"
N19,suy thận không xác định
N20,sỏi thận và niệu quản
N06.7,"protein niệu đơn độc với hình thái tổn thương xác định , viêm cầu thận liềm lan tỏa"
N06.8,"protein niệu đơn độc với hình thái tổn thương xác định , khác"
N06.9,"protein niệu đơn độc với hình thái tổn thương xác định , không xác định"
N07,"bệnh thận di truyền , không phân loại nơi khác"
N07.0,"bệnh thận di truyền , không phân loại nơi khác , bất thường tối thiểu ở cầu thận"
N18.4,"bệnh thận mạn , giai đoạn 4"
N18.5,"bệnh thận mạn , giai đoạn 5"
N18.9,"bệnh thận mạn , không đặc hiệu"
N22.0*,sỏi tiết niệu trong bệnh sán máng ( b65 . 0 † )
N22.8*,sỏi đường tiết niệu trong các bệnh phân loại nơi khác
N17.0,suy thận cấp có hoại tử ống thận
N17.1,suy thận cấp có hoại tử cấp vỏ thận
N17.2,suy thận cấp có hoại tử tủy thận
N17.8,suy thận cấp khác
N17.9,suy thận cấp không đặc hiệu
N18.2,"bệnh thận mạn , giai đoạn 2"
N18.3,"bệnh thận mạn , giai đoạn 3"
N18,suy thận mạn
N18.1,"bệnh thận mạn , giai đoạn 1"
N20.2,sỏi thận và sỏi niệu quản
N20.9,"sỏi tiết niệu , không đặc hiệu"
N21,sỏi đường tiết niệu dưới
N08.0*,biến đổi cầu thận trong bệnh nhiễm khuẩn và ký sinh trùng phân loại nơi khác
N08.1*,biến đổi cầu thận trong các bệnh tân sinh
N08.2*,biến đổi cầu thận trong bệnh máu và các rối loạn liên quan cơ chế miễn dịch
N36.2,núm niệu đạo
N36.3,sa niêm mạc niệu đạo
N36.8,các biến đổi niệu đạo xác định khác
N36.9,biến đổi niệu đạo không đặc hiệu
N37*,biến đổi niệu đạo trong các bệnh phân loại nơi khác
N37.0*,viêm niệu đạo trong các bệnh phân loại nơi khác
N37.8*,biến đổi niệu đạo khác trong các bệnh phân loại nơi khác
N39,biến đổi khác của hệ tiết niệu
N39.3,tiểu không kiểm soát do stress
N39.4,tiểu không kiểm soát xác định khác
N39.8,biến đổi xác định khác của hệ tiết niệu
N41,các bệnh viêm tuyến tiền liệt
N41.0,viêm tuyến tiền liệt cấp
N41.1,viêm tuyến tiền liệt mạn
N41.2,áp xe tuyến tiền liệt
N35.1,"hẹp niệu đạo sau nhiễm khuẩn , không phân loại nơi khác"
N35.8,hẹp niệu đạo khác
N35.9,"hẹp niệu đạo , không đặc hiệu"
N36,các biến đổi khác của niệu đạo
N36.0,rò niệu đạo
N36.1,túi thừa niệu đạo
N39.0,"nhiễm khuẩn đường tiết niệu , vị trí không xác định"
N39.1,"protein niệu ( tiểu đạm ) dai dẳng , không đặc hiệu"
N39.2,"protein niệu ( tiểu đạm ) tư thế , không đặc hiệu"
N39.9,"rối loạn của hệ tiết niệu , không đặc hiệu"
N40,tăng sản tuyến tiền liệt
N34,viêm niệu đạo và hội chứng niệu đạo
N34.0,áp xe niệu đạo
N32.4,"vỡ bàng quang , không do chấn thương"
N32.8,rối loạn xác định khác của bàng quang
N32.9,"rối loạn bàng quang , không đặc hiệu"
N33*,rối loạn bàng quang trong bệnh phân loại nơi khác
N33.0,lao bàng quang ( a18 . 1 † )
N33.8,rối loạn bàng quang trong các bệnh khác phân loại nơi khác
N34.1,viêm niệu đạo không đặc hiệu
N34.2,viêm niệu đạo khác
N34.3,"hội chứng niệu đạo , không đặc hiệu"
N35,hẹp niệu đạo
N35.0,hẹp niệu đạo sau chấn thương
N20.0,sỏi thận
N20.1,sỏi niệu quản
N27.9,"thận teo nhỏ , không đặc hiệu"
N28,"các biến đổi khác của thận và niệu quản , không phân loại nơi khác"
N28.0,thiếu máu và nhồi máu thận
N28.1,"nang thận , mắc phải"
N28.8,các biến đổi xác định khác của thận và niệu quản
N30.8,viêm bàng quang khác
N30.9,"viêm bàng quang , không đặc hiệu"
N31,"rối loạn chức năng thần kinh cơ bàng quang , không phân loại nơi khác"
N31.0,"bàng quang thần kinh không được ức chế , không phân loại nơi khác"
N31.1,"bàng quang thần kinh phản xạ , không phân loại nơi khác"
N31.2,"bàng quang thần kinh mất trương lực , không phân loại nơi khác"
N30,viêm bàng quang
N30.0,viêm bàng quang cấp
N30.1,viêm bàng quang kẽ ( mạn )
N31.8,rối loạn chức năng thần kinh cơ bàng quang khác
N31.9,"rối loạn chức năng thần kinh cơ bàng quang , không đặc hiệu"
N32,các rối loạn khác của bàng quang
N30.2,viêm bàng quang mạn khác
N30.3,viêm tam giác bàng quang
N30.4,viêm bàng quang do tia xạ
N25.8,rối loạn khác do suy giảm chức năng ống thận
N25.9,"rối loạn do suy giảm chức năng ống thận , không đặc hiệu"
N26,thận nhỏ không xác định
N27,thận teo nhỏ không rõ nguyên nhân
N27.0,"thận teo nhỏ , một bên"
N27.1,"thận teo nhỏ , hai bên"
N32.0,chít hẹp cổ bàng quang
N32.1,rò bàng quang ruột
N32.2,"rò bàng quang , không phân loại nơi khác"
N32.3,túi thừa bàng quang
N28.9,"biến đổi của thận và niệu quản , không đặc hiệu"
N29*,các biến đổi khác của thận và niệu quản trong các bệnh phân loại nơi khác
N29.0*,giang mai muộn ở thận ( a52 . 7 † )
N29.1*,các biến đổi khác của thận và niệu quản trong các bệnh nhiễm trùng và ký sinh trùng phân loại nơi khác
N29.8*,các biến đổi khác của thận và niệu quản trong các bệnh khác phân loại nơi khác
N23,cơn đau quặn thận không xác định
N25,rối loạn do suy giảm chức năng ống thận
N25.0,loạn dưỡng xương do thận
N25.1,đái tháo nhạt do thận
N11,viêm mô kẽ ống thận mạn
N11.0,viêm thận bể thận mạn do trào ngược không tắc nghẽn
N11.1,viêm thận bể thận mạn do tắc nghẽn
N13.0,thận ứ nước do chít hẹp khúc nối bể thận niệu quản
N13.1,thận ứ nước do chít hẹp khúc nối bể thận niệu quản không phân loại nơi khác
N13.2,thận ứ nước do sỏi thận và niệu quản gây tắc nghẽn
N13.3,thận ứ nước khác và không xác định
M99.83,"các tổn thương cơ sinh học khác , vùng thắt lưng"
M99.84,"các tổn thương cơ sinh học khác , vùng xương cùng"
M99.85,"các tổn thương cơ sinh học khác , vùng chậu"
M99.86,"các tổn thương cơ sinh học khác , chi dưới"
N03.2,"hội chứng viêm thận mạn , viêm cầu thận màng lan tỏa"
N03.3,"hội chứng viêm thận mạn , viêm cầu thận tăng sinh gian mạch lan tỏa"
N03.4,"hội chứng viêm thận mạn , viêm cầu thận tăng sinh nội mô mao mạch lan tỏa"
N03.5,"hội chứng viêm thận mạn , viêm cầu thận gian mạch mao mạch lan tỏa"
N03.6,"hội chứng viêm thận mạn , bệnh lắng đọng đặc"
N03.7,"hội chứng viêm thận mạn , viêm cầu thận liềm lan tỏa"
N03.8,hội chứng viêm thận mạn khác
N03.9,"hội chứng viêm thận mạn , không xác định"
N04,hội chứng thận hư
N14.2,"bệnh thận do thuốc , chất sinh học và cách chữa trị không xác định"
N14.3,bệnh thận do kim loại nặng
N14.4,"bệnh thận nhiễm độc , không phân loại nơi khác"
N15,các bệnh kẽ ống thận khác
N15.0,bệnh thận vùng balkan
N15.1,áp xe thận và quanh thận
N13.4,niệu quản ứ nước
N13.5,niệu quản gấp khúc và chít hẹp không gây ứ nước thận
N13.6,thận ứ mủ
N13.7,bệnh tiết niệu kèm theo trào ngược bàng quang niệu quản
N16.2*,biến đổi ống thận mô kẽ trong các bệnh máu và các rối loạn liên quan đến cơ chế miễn dịch
N16.3*,biến đổi ống thận mô kẽ trong các bệnh chuyển hóa
N16.4*,biến đổi ống thận mô kẽ trong các rối loạn mô liên kết hệ thống
N16.5*,biến đổi ống thận mô kẽ trong thải ghép ( t86 . - † )
N16.8*,biến đổi ống thận mô kẽ trong các bệnh khác phân loại nơi khác
N17,suy thận cấp
N15.8,bệnh kẽ ống thận xác định khác
N15.9,bệnh kẽ ống thận không đặc hiệu
N16*,biến đổi ống thận mô kẽ trong các bệnh phân loại nơi khác
N16.0*,biến đổi ống thận mô kẽ trong bệnh nhiễm khuẩn và ký sinh trùng phân loại nơi khác
N16.1*,biến đổi ống thận mô kẽ trong bệnh u tân sinh
N13.8,bệnh tiết niệu trào ngược và tắc nghẽn khác
N13.9,"bệnh tiết niệu trào ngược và tắc nghẽn , không đặc hiệu"
N14,bệnh ống thận và kẽ ống thận do thuốc và kim loại nặng
N14.0,bệnh thận do thuốc giảm đau
N14.1,"bệnh thận do thuốc , dược phẩm và chất sinh học khác"
M99.71,"hẹp khoang liên đốt do mô liên kết và đĩa đệm , vùng cổ"
M99.72,"hẹp khoang liên đốt do mô liên kết và đĩa đệm , vùng ngực"
M99.62,"hẹp khoang liên đốt do cốt hóa và bán trật khớp , vùng ngực"
M99.63,"hẹp khoang liên đốt do cốt hóa và bán trật khớp , vùng thắt lưng"
M99.97,"tổn thương cơ sinh học , không đặc hiệu , chi trên"
M99.98,"tổn thương cơ sinh học , không đặc hiệu , lồng ngực"
M99.99,"tổn thương cơ sinh học , không đặc hiệu , bụng và nơi khác"
N00,hội chứng viêm thận cấp
N00.0,"hội chứng viêm thận cấp , bất thường tối thiểu ở cầu thận"
N00.1,"hội chứng viêm thận cấp , tổn thương xơ chai cầu thận khu trú từng vùng"
M99.40,"hẹp ống sống do tổn thương mô liên kết , vùng đầu"
M99.41,"hẹp ống sống do tổn thương mô liên kết , vùng cổ"
M99.42,"hẹp ống sống do tổn thương mô liên kết , vùng ngực"
N04.0,"hội chứng thận hư , bất thường tối thiểu ở cầu thận"
N04.1,"hội chứng thận hư , tổn thương xơ chai cầu thận khu trú từng vùng"
N04.2,"hội chứng thận hư , viêm cầu thận màng lan tỏa"
N04.3,"hội chứng thận hư , viêm cầu thận tăng sinh gian mạch lan tỏa"
N00.9,"hội chứng viêm thận cấp , không đặc hiệu"
N01,hội chứng viêm thận tiến triển nhanh
N01.0,"hội chứng viêm thận tiến triển nhanh , bất thường tối thiểu ở cầu thận"
N01.1,"hội chứng viêm thận tiến triển nhanh , tổn thương xơ chai cầu thận khu trú từng vùng"
N02.4,"đái máu dai dẳng và tái diễn , viêm cầu thận tăng sinh nội mô mao mạch lan tỏa"
N02.5,"đái máu dai dẳng và tái diễn , viêm cầu thận gian mạch mao mạch lan tỏa"
N02.6,"đái máu dai dẳng và tái diễn , bệnh lắng đọng đặc"
N02.7,"đái máu dai dẳng và tái diễn , viêm cầu thận liềm lan tỏa"
N02.8,"đái máu dai dẳng và tái diễn , khác"
N04.4,"hội chứng thận hư , viêm cầu thận tăng sinh nội mô mao mạch lan tỏa"
N04.5,"hội chứng thận hư , viêm cầu thận gian mạch mao mạch lan tỏa"
N04.6,"hội chứng thận hư , bệnh lắng đọng đặc"
N04.7,"hội chứng thận hư , viêm cầu thận liềm lan tỏa"
N04.8,hội chứng thận hư khác
N04.9,hội chứng thận hư không xác định
N05,hội chứng viêm thận không đặc hiệu
N05.0,"hội chứng viêm thận không đặc hiệu , bất thường tối thiểu ở cầu thận"
N01.8,hội chứng viêm thận tiến triển nhanh khác
N01.9,"hội chứng viêm thận tiến triển nhanh , không xác định"
N02,đái máu dai dẳng và tái diễn
N01.2,"hội chứng viêm thận tiến triển nhanh , viêm cầu thận màng lan tỏa"
N01.3,"hội chứng viêm thận tiến triển nhanh , viêm cầu thận tăng sinh gian mạch lan tỏa"
N01.4,"hội chứng viêm thận tiến triển nhanh , viêm cầu thận tăng sinh nội mô mao mạch lan tỏa"
N01.5,"hội chứng viêm thận tiến triển nhanh , viêm cầu thận gian mạch mao mạch lan tỏa"
N01.6,"hội chứng viêm thận tiến triển nhanh , bệnh lắng đọng đặc"
N01.7,"hội chứng viêm thận tiến triển nhanh , viêm cầu thận liềm lan tỏa"
N64.8,biến đổi xác định khác của vú
N64.9,"biến đổi của vú , không đặc hiệu"
N70,viêm vòi và viêm buồng trứng
N64.1,hoại tử mỡ của vú
N64.2,teo vú
N64.3,tiết sữa không liên quan đến sinh đẻ
N64.4,đau vú
N64.5,triệu chứng khác ở vú
N48.6,xơ cứng dương vật
N48.8,biến đổi xác định khác của dương vật
N48.9,"biến đổi của dương vật , không đặc hiệu"
N60.4,giãn ống tuyến vú
N60.8,loạn sản lành tính vú khác
N60.9,"loạn sản lành tính vú , không đặc hiệu"
N61,viêm vú
N62,vú phì đại
N63,khối u không xác định ở vú
N64,biến đổi khác ở vú
N64.0,nứt và rò ở núm vú
N50.9,"biến đổi của cơ quan sinh dục nam , không đặc hiệu"
N51*,biến đổi cơ quan sinh dục nam trong các bệnh phân loại nơi khác
N51.0*,biến đổi của tuyến tiền liệt trong các bệnh phân loại nơi khác
N51.1*,biến đổi của tinh hoàn và mào tinh hoàn trong các bệnh phân loại nơi khác
N51.2*,viêm quy đầu trong các bệnh phân loại nơi khác
N51.8*,biến đổi khác của cơ quan sinh dục nam trong các bệnh phân loại nơi khác
N60,loạn sản vú lành tính
N49,"viêm của cơ quan sinh dục nam , không phân loại nơi khác"
N49.0,viêm túi tinh
N49.1,"viêm thừng tinh , màng tinh và ống tinh"
N49.2,viêm bìu
N49.8,viêm của cơ quan sinh dục nam khác
N48.3,cương đau dương vật kéo dài
N48.4,bất lực do nguyên nhân thực thể
N48.5,loét dương vật
N60.0,nang đơn vú
N60.1,nang lan tỏa vú
N60.2,u xơ tuyến vú
N60.3,xơ teo tuyến vú
N49.9,viêm cơ quan sinh dục nam không đặc hiệu
N50,biến đổi khác của cơ quan sinh dục nam
N50.0,teo tinh hoàn
N50.1,rối loạn mạch máu của cơ quan sinh dục nam
N50.8,biến đổi khác của cơ quan sinh dục nam
N06.0,"protein niệu đơn độc với hình thái tổn thương xác định , bất thường tối thiểu ở cầu thận"
N06.1,"protein niệu đơn độc với hình thái tổn thương xác định , tổn thương xơ chai cầu thận khu trú từng vùng"
N06.2,"protein niệu đơn độc với hình thái tổn thương xác định , viêm cầu thận màng lan tỏa"
N06.3,"protein niệu đơn độc với hình thái tổn thương xác định , viêm cầu thận tăng sinh gian mạch lan tỏa"
N02.0,"đái máu dai dẳng và tái diễn , bất thường tối thiểu ở cầu thận"
N02.1,"đái máu dai dẳng và tái diễn , tổn thương xơ chai cầu thận khu trú từng vùng"
N02.2,"đái máu dai dẳng và tái diễn , viêm cầu thận màng lan tỏa"
N02.3,"đái máu dai dẳng và tái diễn , viêm cầu thận tăng sinh gian mạch lan tỏa"
N02.9,"đái máu dai dẳng và tái diễn , không đặc hiệu"
N03,hội chứng viêm thận mạn
N03.0,"hội chứng viêm thận mạn , bất thường tối thiểu ở cầu thận"
N03.1,"hội chứng viêm thận mạn , tổn thương xơ chai cầu thận khu trú từng vùng"
M99.14,"lệch phức tạp đốt sống , vùng xương cùng"
M99.2,hẹp ống sống do bán trật khớp
M99.20,"hẹp ống sống do bán trật khớp , vùng đầu"
M99.21,"hẹp ống sống do bán trật khớp , vùng cổ"
N06.4,"protein niệu đơn độc với hình thái tổn thương xác định , viêm cầu thận tăng sinh nội mô mao mạch lan tỏa"
N06.5,"protein niệu đơn độc với hình thái tổn thương xác định , viêm cầu thận gian mạch mao mạch lan tỏa"
N06.6,"protein niệu đơn độc với hình thái tổn thương xác định , bệnh lắng đọng đặc"
N08.3*,biến đổi cầu thận trong đái tháo đường ( nhóm e10 - e14 với ký tự thứ tư là . 2 † )
N08.4*,"biến đổi cầu thận trong các bệnh nội tiết , dinh dưỡng và chuyển hóa khác"
N07.1,"bệnh thận di truyền , không phân loại nơi khác , tổn thương xơ chai cầu thận khu trú từng vùng"
N07.2,"bệnh thận di truyền , không phân loại nơi khác , viêm cầu thận màng lan tỏa"
N07.3,"bệnh thận di truyền , không phân loại nơi khác , viêm cầu thận tăng sinh gian mạch lan tỏa"
N07.4,"bệnh thận di truyền , không phân loại nơi khác , viêm cầu thận tăng sinh nội mô mao mạch lan tỏa"
N07.5,"bệnh thận di truyền , không phân loại nơi khác , viêm cầu thận gian mạch mao mạch lan tỏa"
N07.6,"bệnh thận di truyền , không phân loại nơi khác , bệnh lắng đọng đặc"
N07.7,"bệnh thận di truyền , không phân loại nơi khác , viêm cầu thận liềm lan tỏa"
N07.8,"bệnh thận di truyền , không phân loại nơi khác , khác"
N07.9,"bệnh thận di truyền , không phân loại nơi khác , không xác định"
N08*,biến đổi cầu thận trong các bệnh phân loại nơi khác
N08.5*,biến đổi cầu thận trong các bệnh mô liên kết hệ thống
N08.8*,biến đổi cầu thận trong các bệnh phân loại nơi khác
N10,viêm mô kẽ ống thận cấp
N05.1,"hội chứng viêm thận không đặc hiệu , tổn thương xơ chai cầu thận khu trú từng vùng"
N05.2,"hội chứng viêm thận không đặc hiệu , viêm cầu thận màng lan tỏa"
N05.3,"hội chứng viêm thận không đặc hiệu , viêm cầu thận tăng sinh gian mạch lan tỏa"
N05.4,"hội chứng viêm thận không đặc hiệu , viêm cầu thận tăng sinh nội mô mao mạch lan tỏa"
N05.5,"hội chứng viêm thận không đặc hiệu , viêm cầu thận gian mạch mao mạch lan tỏa"
N05.6,"hội chứng viêm thận không đặc hiệu , bệnh lắng đọng đặc"
N05.7,"hội chứng viêm thận không đặc hiệu , viêm cầu thận liềm lan tỏa"
N05.8,"hội chứng viêm thận không đặc hiệu , khác"
N05.9,hội chứng viêm thận không đặc hiệu
N06,protein niệu đơn độc với hình thái tổn thương xác định
M99.32,"hẹp ống sống do tổn thương xương , vùng ngực"
M99.33,"hẹp ống sống do tổn thương xương , vùng thắt lưng"
M99.34,"hẹp ống sống do tổn thương xương , vùng xương cùng"
M99.4,hẹp ống sống do tổn thương mô liên kết
M99.43,"hẹp ống sống do tổn thương mô liên kết , vùng thắt lưng"
M99.44,"hẹp ống sống do tổn thương mô liên kết , vùng xương cùng"
M99.5,hẹp ống sống do tổn thương đĩa gian đốt
M99.22,"hẹp ống sống do bán trật khớp , vùng ngực"
M99.23,"hẹp ống sống do bán trật khớp , vùng thắt lưng"
M99.24,"hẹp ống sống do bán trật khớp , vùng xương cùng"
M99.6,hẹp khoang liên đốt do cốt hóa và bán trật khớp
M99.61,"hẹp khoang liên đốt do cốt hóa và bán trật khớp , vùng cổ"
M99.3,hẹp ống sống do tổn thương xương
M99.30,"hẹp ống sống do tổn thương xương , vùng đầu"
M99.31,"hẹp ống sống do tổn thương xương , vùng cổ"
M99.11,"lệch phức tạp đốt sống , vùng cổ"
M99.12,"lệch phức tạp đốt sống , vùng ngực"
M99.13,"lệch phức tạp đốt sống , vùng thắt lưng"
M99.64,"hẹp khoang liên đốt do cốt hóa và bán trật khớp , vùng xương cùng"
M99.7,hẹp khoang liên đốt do mô liên kết và đĩa đệm
M99.8,các tổn thương cơ sinh học khác
M99.80,"các tổn thương cơ sinh học khác , vùng đầu"
M99.81,"các tổn thương cơ sinh học khác , vùng cổ"
M99.82,"các tổn thương cơ sinh học khác , vùng ngực"
N00.2,"hội chứng viêm thận cấp , viêm cầu thận màng lan tỏa"
N00.3,"hội chứng viêm thận cấp , viêm cầu thận tăng sinh gian mạch lan tỏa"
N00.4,"hội chứng viêm thận cấp , viêm cầu thận tăng sinh nội mô mao mạch lan tỏa"
N00.5,"hội chứng viêm thận cấp , viêm cầu thận gian mạch mao mạch lan tỏa"
N00.6,"hội chứng viêm thận cấp , bệnh lắng đọng đặc"
N00.7,"hội chứng viêm thận cấp , viêm cầu thận liềm lan tỏa"
N00.8,"hội chứng viêm cầu thận cấp , khác"
M99.87,"các tổn thương cơ sinh học khác , chi trên"
M99.88,"các tổn thương cơ sinh học khác , lồng ngực"
M99.89,"các tổn thương cơ sinh học khác , bụng và nơi khác"
M99.9,"tổn thương cơ sinh học , không đặc hiệu"
M99.90,"tổn thương cơ sinh học , không đặc hiệu , vùng đầu"
M99.91,"tổn thương cơ sinh học , không đặc hiệu , vùng cổ"
M99.92,"tổn thương cơ sinh học , không đặc hiệu , vùng ngực"
M99.93,"tổn thương cơ sinh học , không đặc hiệu , vùng thắt lưng"
M99.94,"tổn thương cơ sinh học , không đặc hiệu , vùng xương cùng"
M99.95,"tổn thương cơ sinh học , không đặc hiệu , vùng chậu"
M99.96,"tổn thương cơ sinh học , không đặc hiệu , chi dưới"
N76.0,viêm âm đạo cấp
N76.1,viêm âm đạo bán cấp và mạn
N76.2,viêm âm hộ cấp
N76.3,viêm âm hộ bán cấp và mạn
M54.3,đau thần kinh tọa
M49.16*,"viêm đốt sống do brucella ( a23 . - † ) , vùng thắt lưng"
M49.17*,"viêm đốt sống do brucella ( a23 . - † ) , vùng thắt lưng - cùng"
M54.02,"viêm mô mỡ dưới da tại vùng cổ và lưng , vùng cổ"
M54.03,"viêm mô mỡ dưới da tại vùng cổ và lưng , vùng cổ lưng"
M54.04,"viêm mô mỡ dưới da tại vùng cổ và lưng , vùng ngực"
M54.81,"các đau vùng phía sau cơ thể khác , vùng chẩm - trục - đội"
M54.82,"các đau vùng phía sau cơ thể khác , vùng cổ"
M54.6,đau cột sống ngực
M54.8,các đau vùng phía sau cơ thể khác
M54.80,"các đau vùng phía sau cơ thể khác , nhiều vị trí cột sống"
M54.89,"các đau vùng phía sau cơ thể khác , vị trí không xác định"
M54.9,"đau lưng , không đặc hiệu"
M54.90,"đau lưng , không đặc hiệu , nhiều vị trí cột sống"
M54.91,"đau lưng , không đặc hiệu , vùng chẩm - trục - đội"
M54.92,"đau lưng , không đặc hiệu , vùng cổ"
M54.93,"đau lưng , không đặc hiệu , vùng cổ lưng"
M54.94,"đau lưng , không đặc hiệu , vùng ngực"
M54.95,"đau lưng , không đặc hiệu , vùng ngực thắt lưng"
M54.96,"đau lưng , không đặc hiệu , vùng thắt lưng"
M54.97,"đau lưng , không đặc hiệu , vùng thắt lưng - cùng"
M54.98,"đau lưng , không đặc hiệu , vùng cùng và cùng cụt"
M54.99,"đau lưng , không đặc hiệu , vị trí không xác định"
M60,viêm cơ
M54.4,đau lưng kèm đau dây thần kinh tọa
M54.5,đau cột sống thắt lưng
M54.86,"các đau vùng phía sau cơ thể khác , vùng thắt lưng"
M54.87,"các đau vùng phía sau cơ thể khác , vùng thắt lưng - cùng"
M54.88,"các đau vùng phía sau cơ thể khác , vùng cùng và cùng cụt"
M60.03,"viêm cơ nhiễm khuẩn , cẳng tay"
M60.04,"viêm cơ nhiễm khuẩn , bàn tay"
M60.05,"viêm cơ nhiễm khuẩn , vùng chậu và đùi"
M60.0,viêm cơ nhiễm khuẩn
M60.00,"viêm cơ nhiễm khuẩn , nhiều vị trí"
M60.01,"viêm cơ nhiễm khuẩn , vùng bả vai"
M60.02,"viêm cơ nhiễm khuẩn , cánh tay"
M71.40,"lắng đọng calci ở túi thanh mạc , nhiều vị trí"
M71.42,"lắng đọng calci ở túi thanh mạc , cánh tay"
M68.0*,viêm màng hoạt dịch và viêm bao gân trong những bệnh nhiễm khuẩn phân loại nơi khác
M68.8*,các bệnh của màng hoạt dịch và gân khác trong những bệnh phân loại nơi khác
M70,"các bệnh mô mềm liên quan đến vận động , vận động quá mức và bị chèn ép"
M70.0,viêm màng hoạt dịch khô mạn tính ở bàn tay và cổ tay
M67.22,"phì đại màng hoạt dịch , không phân loại nơi khác , cánh tay"
M67.23,"phì đại màng hoạt dịch , không phân loại nơi khác , cẳng tay"
M67.24,"phì đại màng hoạt dịch , không phân loại nơi khác , bàn tay"
M67.25,"phì đại màng hoạt dịch , không phân loại nơi khác , vùng chậu và đùi"
M71.43,"lắng đọng calci ở túi thanh mạc , cẳng tay"
M71.31,"nang túi thanh mạc khác , vùng bả vai"
M71.32,"nang túi thanh mạc khác , cánh tay"
M71.33,"nang túi thanh mạc khác , cẳng tay"
M71.34,"nang túi thanh mạc khác , bàn tay"
M71.35,"nang túi thanh mạc khác , vùng chậu và đùi"
M71.14,"viêm túi thanh mạc nhiễm khuẩn khác , bàn tay"
M71.15,"viêm túi thanh mạc nhiễm khuẩn khác , vùng chậu và đùi"
M71.16,"viêm túi thanh mạc nhiễm khuẩn khác , cẳng chân"
M71.08,"áp xe túi thanh mạc , vị trí khác"
M71.09,"áp xe túi thanh mạc , vị trí không xác định"
M71.1,viêm túi thanh mạc nhiễm khuẩn khác
M71.10,"viêm túi thanh mạc nhiễm khuẩn khác , nhiều vị trí"
M71.11,"viêm túi thanh mạc nhiễm khuẩn khác , vùng bả vai"
M71.12,"viêm túi thanh mạc nhiễm khuẩn khác , cánh tay"
M71.13,"viêm túi thanh mạc nhiễm khuẩn khác , cẳng tay"
M71.44,"lắng đọng calci ở túi thanh mạc , bàn tay"
M71.17,"viêm túi thanh mạc nhiễm khuẩn khác , cổ và bàn chân"
M71.18,"viêm túi thanh mạc nhiễm khuẩn khác , vị trí khác"
M71.19,"viêm túi thanh mạc nhiễm khuẩn khác , vị trí không xác định"
M71.2,nang bao hoạt dịch vùng khoeo ( baker )
M71.3,nang túi thanh mạc khác
M71.30,"nang túi thanh mạc khác , nhiều vị trí"
M71.05,"áp xe túi thanh mạc , vùng chậu và đùi"
M71.06,"áp xe túi thanh mạc , cẳng chân"
M71.07,"áp xe túi thanh mạc , cổ và bàn chân"
M73.81*,"rối loạn mô mềm khác trong những bệnh phân loại nơi khác , vùng bả vai"
M73.82*,"rối loạn mô mềm khác trong những bệnh phân loại nơi khác , cánh tay"
M73.83*,"rối loạn mô mềm khác trong những bệnh phân loại nơi khác , cẳng tay"
M80.58,"loãng xương tự phát có kèm gãy xương bệnh lý , vị trí khác"
M80.59,"loãng xương tự phát có kèm gãy xương bệnh lý , vị trí không xác định"
M80.8,các loãng xương khác có kèm gãy xương bệnh lý
M80.80,"các loãng xương khác có kèm gãy xương bệnh lý , nhiều vị trí"
M80.81,"các loãng xương khác có kèm gãy xương bệnh lý , vùng bả vai"
M80.82,"các loãng xương khác có kèm gãy xương bệnh lý , cánh tay"
M80.55,"loãng xương tự phát có kèm gãy xương bệnh lý , vùng chậu và đùi"
M80.56,"loãng xương tự phát có kèm gãy xương bệnh lý , cẳng chân"
M80.57,"loãng xương tự phát có kèm gãy xương bệnh lý , cổ và bàn chân"
M80.88,"các loãng xương khác có kèm gãy xương bệnh lý , vị trí khác"
M80.89,"các loãng xương khác có kèm gãy xương bệnh lý , vị trí không xác định"
M80.9,loãng xương không đặc hiệu có kèm gãy xương bệnh lý
M80.90,"loãng xương không đặc hiệu có kèm gãy xương bệnh lý , nhiều vị trí"
M80.91,"loãng xương không đặc hiệu có kèm gãy xương bệnh lý , vùng bả vai"
M80.92,"loãng xương không đặc hiệu có kèm gãy xương bệnh lý , cánh tay"
M80.93,"loãng xương không đặc hiệu có kèm gãy xương bệnh lý , cẳng tay"
M80.94,"loãng xương không đặc hiệu có kèm gãy xương bệnh lý , bàn tay"
M80.95,"loãng xương không đặc hiệu có kèm gãy xương bệnh lý , vùng chậu và đùi"
M80.96,"loãng xương không đặc hiệu có kèm gãy xương bệnh lý , cẳng chân"
M80.97,"loãng xương không đặc hiệu có kèm gãy xương bệnh lý , cổ và bàn chân"
M80.98,"loãng xương không đặc hiệu có kèm gãy xương bệnh lý , vị trí khác"
M80.99,"loãng xương không đặc hiệu có kèm gãy xương bệnh lý , vị trí không xác định"
M81,loãng xương không kèm gãy xương bệnh lý
M80.83,"các loãng xương khác có kèm gãy xương bệnh lý , cẳng tay"
M80.84,"các loãng xương khác có kèm gãy xương bệnh lý , bàn tay"
M80.85,"các loãng xương khác có kèm gãy xương bệnh lý , vùng chậu và đùi"
M80.52,"loãng xương tự phát có kèm gãy xương bệnh lý , cánh tay"
M80.53,"loãng xương tự phát có kèm gãy xương bệnh lý , cẳng tay"
M80.54,"loãng xương tự phát có kèm gãy xương bệnh lý , bàn tay"
M81.0,loãng xương sau mãn kinh
M81.00,"loãng xương sau mãn kinh , nhiều vị trí"
M81.01,"loãng xương sau mãn kinh , vùng bả vai"
M81.02,"loãng xương sau mãn kinh , cánh tay"
M81.03,"loãng xương sau mãn kinh , cẳng tay"
M81.04,"loãng xương sau mãn kinh , bàn tay"
M81.05,"loãng xương sau mãn kinh , vùng chậu và đùi"
M81.06,"loãng xương sau mãn kinh , cẳng chân"
M81.07,"loãng xương sau mãn kinh , cổ và bàn chân"
M81.08,"loãng xương sau mãn kinh , vị trí khác"
M81.09,"loãng xương sau mãn kinh , vị trí không xác định"
M81.1,loãng xương sau cắt buồng trứng
M80.86,"các loãng xương khác có kèm gãy xương bệnh lý , cẳng chân"
M80.87,"các loãng xương khác có kèm gãy xương bệnh lý , cổ và bàn chân"
M81.10,"loãng xương sau cắt buồng trứng , nhiều vị trí"
M81.11,"loãng xương sau cắt buồng trứng , vùng bả vai"
M81.12,"loãng xương sau cắt buồng trứng , cánh tay"
M81.13,"loãng xương sau cắt buồng trứng , cẳng tay"
M81.14,"loãng xương sau cắt buồng trứng , bàn tay"
M81.15,"loãng xương sau cắt buồng trứng , vùng chậu và đùi"
M81.16,"loãng xương sau cắt buồng trứng , cẳng chân"
M81.17,"loãng xương sau cắt buồng trứng , cổ và bàn chân"
M81.18,"loãng xương sau cắt buồng trứng , vị trí khác"
M82.04*,"loãng xương trong bệnh đa u tủy xương ( c90 . 0 † ) , bàn tay"
M82.05*,"loãng xương trong bệnh đa u tủy xương ( c90 . 0 † ) , vùng chậu và đùi"
M82.0*,loãng xương trong bệnh đa u tủy xương ( c90 . 0 † )
M82.00*,"loãng xương trong bệnh đa u tủy xương ( c90 . 0 † ) , nhiều vị trí"
M82.01*,"loãng xương trong bệnh đa u tủy xương ( c90 . 0 † ) , vùng bả vai"
M82.06*,"loãng xương trong bệnh đa u tủy xương ( c90 . 0 † ) , cẳng chân"
M82.07*,"loãng xương trong bệnh đa u tủy xương ( c90 . 0 † ) , cổ và bàn chân"
M81.57,"loãng xương tự phát , cổ và bàn chân"
M81.58,"loãng xương tự phát , vị trí khác"
M81.59,"loãng xương tự phát , vị trí không xác định"
M81.6,loãng xương khu trú
M81.60,"loãng xương khu trú , nhiều vị trí"
M81.61,"loãng xương khu trú , vùng bả vai"
M81.62,"loãng xương khu trú , cánh tay"
M81.54,"loãng xương tự phát , bàn tay"
M81.55,"loãng xương tự phát , vùng chậu và đùi"
M81.56,"loãng xương tự phát , cẳng chân"
M82.02*,"loãng xương trong bệnh đa u tủy xương ( c90 . 0 † ) , cánh tay"
M82.03*,"loãng xương trong bệnh đa u tủy xương ( c90 . 0 † ) , cẳng tay"
M81.63,"loãng xương khu trú , cẳng tay"
M81.64,"loãng xương khu trú , bàn tay"
M81.65,"loãng xương khu trú , vùng chậu và đùi"
M81.66,"loãng xương khu trú , cẳng chân"
M81.67,"loãng xương khu trú , cổ và bàn chân"
M81.68,"loãng xương khu trú , vị trí khác"
M81.69,"loãng xương khu trú , vị trí không xác định"
M81.8,các bệnh loãng xương khác
M81.80,"các bệnh loãng xương khác , nhiều vị trí"
M81.81,"các bệnh loãng xương khác , vùng bả vai"
M81.82,"các bệnh loãng xương khác , cánh tay"
M81.83,"các bệnh loãng xương khác , cẳng tay"
M81.84,"các bệnh loãng xương khác , bàn tay"
M81.85,"các bệnh loãng xương khác , vùng chậu và đùi"
M81.86,"các bệnh loãng xương khác , cẳng chân"
M81.87,"các bệnh loãng xương khác , cổ và bàn chân"
M81.88,"các bệnh loãng xương khác , vị trí khác"
M81.89,"các bệnh loãng xương khác , vị trí không xác định"
M81.9,loãng xương không đặc hiệu
M81.90,"loãng xương không đặc hiệu , nhiều vị trí"
M81.91,"loãng xương không đặc hiệu , vùng bả vai"
M81.92,"loãng xương không đặc hiệu , cánh tay"
M81.93,"loãng xương không đặc hiệu , cẳng tay"
M81.94,"loãng xương không đặc hiệu , bàn tay"
M81.95,"loãng xương không đặc hiệu , vùng chậu và đùi"
M81.96,"loãng xương không đặc hiệu , cẳng chân"
M81.97,"loãng xương không đặc hiệu , cổ và bàn chân"
M81.98,"loãng xương không đặc hiệu , vị trí khác"
M81.99,"loãng xương không đặc hiệu , vị trí không xác định"
M82*,loãng xương trong các bệnh phân loại nơi khác
M79.83,"các bệnh lý đặc hiệu khác của mô mềm , cẳng tay"
M79.84,"các bệnh lý đặc hiệu khác của mô mềm , bàn tay"
M79.85,"các bệnh lý đặc hiệu khác của mô mềm , vùng chậu và đùi"
M79.86,"các bệnh lý đặc hiệu khác của mô mềm , cẳng chân"
M81.34,"loãng xương do rối loạn hấp thu sau phẫu thuật , bàn tay"
M81.35,"loãng xương do rối loạn hấp thu sau phẫu thuật , vùng chậu và đùi"
M81.36,"loãng xương do rối loạn hấp thu sau phẫu thuật , cẳng chân"
M81.37,"loãng xương do rối loạn hấp thu sau phẫu thuật , cổ và bàn chân"
M81.42,"loãng xương do thuốc , cánh tay"
M81.43,"loãng xương do thuốc , cẳng tay"
M81.44,"loãng xương do thuốc , bàn tay"
M81.45,"loãng xương do thuốc , vùng chậu và đùi"
M81.26,"loãng xương do không vận động , cẳng chân"
M81.27,"loãng xương do không vận động , cổ và bàn chân"
M81.28,"loãng xương do không vận động , vị trí khác"
M81.29,"loãng xương do không vận động , vị trí không xác định"
M81.3,loãng xương do rối loạn hấp thu sau phẫu thuật
M81.46,"loãng xương do thuốc , cẳng chân"
M81.47,"loãng xương do thuốc , cổ và bàn chân"
M81.48,"loãng xương do thuốc , vị trí khác"
M81.49,"loãng xương do thuốc , vị trí không xác định"
M81.5,loãng xương tự phát
M81.38,"loãng xương do rối loạn hấp thu sau phẫu thuật , vị trí khác"
M81.39,"loãng xương do rối loạn hấp thu sau phẫu thuật , vị trí không xác định"
M81.4,loãng xương do thuốc
M81.40,"loãng xương do thuốc , nhiều vị trí"
M81.41,"loãng xương do thuốc , vùng bả vai"
M81.19,"loãng xương sau cắt buồng trứng , vị trí không xác định"
M81.2,loãng xương do không vận động
M81.20,"loãng xương do không vận động , nhiều vị trí"
M81.21,"loãng xương do không vận động , vùng bả vai"
M81.22,"loãng xương do không vận động , cánh tay"
M81.50,"loãng xương tự phát , nhiều vị trí"
M81.51,"loãng xương tự phát , vùng bả vai"
M81.52,"loãng xương tự phát , cánh tay"
M81.53,"loãng xương tự phát , cẳng tay"
M81.23,"loãng xương do không vận động , cẳng tay"
M81.24,"loãng xương do không vận động , bàn tay"
M81.25,"loãng xương do không vận động , vùng chậu và đùi"
M81.30,"loãng xương do rối loạn hấp thu sau phẫu thuật , nhiều vị trí"
M81.31,"loãng xương do rối loạn hấp thu sau phẫu thuật , vùng bả vai"
M81.32,"loãng xương do rối loạn hấp thu sau phẫu thuật , cánh tay"
M81.33,"loãng xương do rối loạn hấp thu sau phẫu thuật , cẳng tay"
M79.62,"đau ở một chi , cánh tay"
M79.63,"đau ở một chi , cẳng tay"
M79.64,"đau ở một chi , bàn tay"
M79.54,"dị vật tồn tại trong mô mềm , bàn tay"
M79.55,"dị vật tồn tại trong mô mềm , vùng chậu và đùi"
M79.56,"dị vật tồn tại trong mô mềm , cẳng chân"
M76.3,hội chứng dải xơ chậu chày ( maissiat )
M76.4,viêm túi thanh mạc bên của xương chày ( pellegrini - stieda )
M76.5,viêm gân bánh chè
M76.6,viêm gân achille
M73.88*,"rối loạn mô mềm khác trong những bệnh phân loại nơi khác , vị trí khác"
M73.89*,"rối loạn mô mềm khác trong những bệnh phân loại nơi khác , vị trí không xác định"
M75,tổn thương vai
M75.0,viêm bao hoạt dịch co thắt khớp vai
M75.1,hội chứng bao gân xoay
M73.15*,"viêm túi thanh mạc do giang mai ( a52 . 7 † ) , vùng chậu và đùi"
M73.16*,"viêm túi thanh mạc do giang mai ( a52 . 7 † ) , cẳng chân"
M73.17*,"viêm túi thanh mạc do giang mai ( a52 . 7 † ) , cổ và bàn chân"
M73.18*,"viêm túi thanh mạc do giang mai ( a52 . 7 † ) , vị trí khác"
M73.19*,"viêm túi thanh mạc do giang mai ( a52 . 7 † ) , vị trí không xác định"
M73.8*,rối loạn mô mềm khác trong những bệnh phân loại nơi khác
M73.80*,"rối loạn mô mềm khác trong những bệnh phân loại nơi khác , nhiều vị trí"
M79.65,"đau ở một chi , vùng chậu và đùi"
M79.66,"đau ở một chi , cẳng chân"
M79.57,"dị vật tồn tại trong mô mềm , cổ và bàn chân"
M79.58,"dị vật tồn tại trong mô mềm , vị trí khác"
M79.59,"dị vật tồn tại trong mô mềm , vị trí không xác định"
M79.6,đau ở một chi
M79.60,"đau ở một chi , nhiều vị trí"
M79.61,"đau ở một chi , vùng bả vai"
M79.67,"đau ở một chi , cổ và bàn chân"
M79.76,"đau mô sợi - cơ , cẳng chân"
M79.77,"đau mô sợi - cơ , cổ và bàn chân"
M79.69,"đau ở một chi , vị trí không xác định"
M79.7,đau mô sợi - cơ
M79.70,"đau mô sợi - cơ , nhiều vị trí"
M79.71,"đau mô sợi - cơ , vùng bả vai"
M79.72,"đau mô sợi - cơ , cánh tay"
M79.73,"đau mô sợi - cơ , cẳng tay"
M79.74,"đau mô sợi - cơ , bàn tay"
M79.75,"đau mô sợi - cơ , vùng chậu và đùi"
M80.41,"loãng xương do thuốc có kèm gãy xương bệnh lý , vùng bả vai"
M80.42,"loãng xương do thuốc có kèm gãy xương bệnh lý , cánh tay"
M80.43,"loãng xương do thuốc có kèm gãy xương bệnh lý , cẳng tay"
M80.44,"loãng xương do thuốc có kèm gãy xương bệnh lý , bàn tay"
M80.34,"loãng xương do kém hấp thu sau phẫu thuật có kèm gãy xương bệnh lý , bàn tay"
M80.35,"loãng xương do kém hấp thu sau phẫu thuật có kèm gãy xương bệnh lý , vùng chậu và đùi"
M80.36,"loãng xương do kém hấp thu sau phẫu thuật có kèm gãy xương bệnh lý , cẳng chân"
M80.37,"loãng xương do kém hấp thu sau phẫu thuật có kèm gãy xương bệnh lý , cổ và bàn chân"
M80.23,"loãng xương do bất động có kèm gãy xương bệnh lý , cẳng tay"
M80.24,"loãng xương do bất động có kèm gãy xương bệnh lý , bàn tay"
M80.25,"loãng xương do bất động có kèm gãy xương bệnh lý , vùng chậu và đùi"
M80.48,"loãng xương do thuốc có kèm gãy xương bệnh lý , vị trí khác"
M80.49,"loãng xương do thuốc có kèm gãy xương bệnh lý , vị trí không xác định"
M80.5,loãng xương tự phát có kèm gãy xương bệnh lý
M80.50,"loãng xương tự phát có kèm gãy xương bệnh lý , nhiều vị trí"
M80.51,"loãng xương tự phát có kèm gãy xương bệnh lý , vùng bả vai"
M80.26,"loãng xương do bất động có kèm gãy xương bệnh lý , cẳng chân"
M80.27,"loãng xương do bất động có kèm gãy xương bệnh lý , cổ và bàn chân"
M80.28,"loãng xương do bất động có kèm gãy xương bệnh lý , vị trí khác"
M80.29,"loãng xương do bất động có kèm gãy xương bệnh lý , vị trí không xác định"
M80.3,loãng xương do kém hấp thu sau phẫu thuật có kèm gãy xương bệnh lý
M80.30,"loãng xương do kém hấp thu sau phẫu thuật có kèm gãy xương bệnh lý , nhiều vị trí"
M80.31,"loãng xương do kém hấp thu sau phẫu thuật có kèm gãy xương bệnh lý , vùng bả vai"
M80.32,"loãng xương do kém hấp thu sau phẫu thuật có kèm gãy xương bệnh lý , cánh tay"
M80.33,"loãng xương do kém hấp thu sau phẫu thuật có kèm gãy xương bệnh lý , cẳng tay"
M80.38,"loãng xương do kém hấp thu sau phẫu thuật có kèm gãy xương bệnh lý , vị trí khác"
M80.39,"loãng xương do kém hấp thu sau phẫu thuật có kèm gãy xương bệnh lý , vị trí không xác định"
M80.4,loãng xương do thuốc có kèm gãy xương bệnh lý
M80.40,"loãng xương do thuốc có kèm gãy xương bệnh lý , nhiều vị trí"
M80.19,"loãng xương sau cắt buồng trứng có kèm gãy xương bệnh lý , vị trí không xác định"
M80.2,loãng xương do bất động có kèm gãy xương bệnh lý
M80.20,"loãng xương do bất động có kèm gãy xương bệnh lý , nhiều vị trí"
M80.21,"loãng xương do bất động có kèm gãy xương bệnh lý , vùng bả vai"
M80.22,"loãng xương do bất động có kèm gãy xương bệnh lý , cánh tay"
M71.45,"lắng đọng calci ở túi thanh mạc , vùng chậu và đùi"
M83.01,"nhuyễn xương sau đẻ , vùng bả vai"
M83.02,"nhuyễn xương sau đẻ , cánh tay"
M83.03,"nhuyễn xương sau đẻ , cẳng tay"
M83.04,"nhuyễn xương sau đẻ , bàn tay"
M83.05,"nhuyễn xương sau đẻ , vùng chậu và đùi"
M83.12,"nhuyễn xương tuổi già , cánh tay"
M83.13,"nhuyễn xương tuổi già , cẳng tay"
M83.14,"nhuyễn xương tuổi già , bàn tay"
M83.09,"nhuyễn xương sau đẻ , vị trí không xác định"
M83.1,nhuyễn xương tuổi già
M83.10,"nhuyễn xương tuổi già , nhiều vị trí"
M83.11,"nhuyễn xương tuổi già , vùng bả vai"
M83.17,"nhuyễn xương tuổi già , cổ và bàn chân"
M83.18,"nhuyễn xương tuổi già , vị trí khác"
M83.19,"nhuyễn xương tuổi già , vị trí không xác định"
M83.2,nhuyễn xương người lớn do rối loạn hấp thu
M83.20,"nhuyễn xương người lớn do rối loạn hấp thu , nhiều vị trí"
M83.26,"nhuyễn xương người lớn do rối loạn hấp thu , cẳng chân"
M83.27,"nhuyễn xương người lớn do rối loạn hấp thu , cổ và bàn chân"
M83.15,"nhuyễn xương tuổi già , vùng chậu và đùi"
M83.16,"nhuyễn xương tuổi già , cẳng chân"
M83.24,"nhuyễn xương người lớn do rối loạn hấp thu , bàn tay"
M83.25,"nhuyễn xương người lớn do rối loạn hấp thu , vùng chậu và đùi"
M83.21,"nhuyễn xương người lớn do rối loạn hấp thu , vùng bả vai"
M83.22,"nhuyễn xương người lớn do rối loạn hấp thu , cánh tay"
M83.23,"nhuyễn xương người lớn do rối loạn hấp thu , cẳng tay"
M83.06,"nhuyễn xương sau đẻ , cẳng chân"
M83.07,"nhuyễn xương sau đẻ , cổ và bàn chân"
M83.08,"nhuyễn xương sau đẻ , vị trí khác"
M76.89,"các bệnh điểm bám gân - dây chằng khác ở chi dưới , không kể bàn chân , vị trí không xác định"
M76.9,bệnh điểm bám gân dây chằng chi dưới không đặc hiệu
M76.90,"bệnh điểm bám gân dây chằng chi dưới không đặc hiệu , nhiều vị trí"
M76.95,"bệnh điểm bám gân dây chằng chi dưới không đặc hiệu , vùng chậu và đùi"
M76.96,"bệnh điểm bám gân dây chằng chi dưới không đặc hiệu , cẳng chân"
M76.97,"bệnh điểm bám gân dây chằng chi dưới không đặc hiệu , cổ và bàn chân"
M76.99,"bệnh điểm bám gân dây chằng chi dưới không đặc hiệu , vị trí không xác định"
M77,các bệnh điểm bám gân - dây chằng khác
M77.0,viêm điểm bám gân lồi cầu trong xương cánh tay
M76.0,viêm gân ở vùng mông
M76.1,viêm gân cơ thắt lưng
M76.2,gai xương ở mào chậu
M79.87,"các bệnh lý đặc hiệu khác của mô mềm , cổ và bàn chân"
M80.10,"loãng xương sau cắt buồng trứng có kèm gãy xương bệnh lý , nhiều vị trí"
M80.11,"loãng xương sau cắt buồng trứng có kèm gãy xương bệnh lý , vùng bả vai"
M80.12,"loãng xương sau cắt buồng trứng có kèm gãy xương bệnh lý , cánh tay"
M80.13,"loãng xương sau cắt buồng trứng có kèm gãy xương bệnh lý , cẳng tay"
M79.78,"đau mô sợi - cơ , vị trí khác"
M79.79,"đau mô sợi - cơ , vị trí không xác định"
M79.8,các bệnh lý đặc hiệu khác của mô mềm
M79.80,"các bệnh lý đặc hiệu khác của mô mềm , nhiều vị trí"
M79.81,"các bệnh lý đặc hiệu khác của mô mềm , vùng bả vai"
M79.82,"các bệnh lý đặc hiệu khác của mô mềm , cánh tay"
M80.16,"loãng xương sau cắt buồng trứng có kèm gãy xương bệnh lý , cẳng chân"
M80.17,"loãng xương sau cắt buồng trứng có kèm gãy xương bệnh lý , cổ và bàn chân"
M80.18,"loãng xương sau cắt buồng trứng có kèm gãy xương bệnh lý , vị trí khác"
M80.14,"loãng xương sau cắt buồng trứng có kèm gãy xương bệnh lý , bàn tay"
M80.15,"loãng xương sau cắt buồng trứng có kèm gãy xương bệnh lý , vùng chậu và đùi"
M80.0,loãng xương sau mãn kinh có kèm gãy xương bệnh lý
M80.00,"loãng xương sau mãn kinh có kèm gãy xương bệnh lý , nhiều vị trí"
M80.01,"loãng xương sau mãn kinh có kèm gãy xương bệnh lý , vùng bả vai"
M80.02,"loãng xương sau mãn kinh có kèm gãy xương bệnh lý , cánh tay"
M80.03,"loãng xương sau mãn kinh có kèm gãy xương bệnh lý , cẳng tay"
M80.04,"loãng xương sau mãn kinh có kèm gãy xương bệnh lý , bàn tay"
M80.05,"loãng xương sau mãn kinh có kèm gãy xương bệnh lý , vùng chậu và đùi"
M80.06,"loãng xương sau mãn kinh có kèm gãy xương bệnh lý , cẳng chân"
M80.07,"loãng xương sau mãn kinh có kèm gãy xương bệnh lý , cổ và bàn chân"
M80.08,"loãng xương sau mãn kinh có kèm gãy xương bệnh lý , vị trí khác"
M80.09,"loãng xương sau mãn kinh có kèm gãy xương bệnh lý , vị trí không xác định"
M80.1,loãng xương sau cắt buồng trứng có kèm gãy xương bệnh lý
M79.88,"các bệnh lý đặc hiệu khác của mô mềm , vị trí khác"
M79.89,"các bệnh lý đặc hiệu khác của mô mềm , vị trí không xác định"
M79.9,"các bệnh lý của mô mềm , không đặc hiệu"
M79.90,"các bệnh lý của mô mềm , không đặc hiệu , nhiều vị trí"
M79.91,"các bệnh lý của mô mềm , không đặc hiệu , vùng bả vai"
M79.92,"các bệnh lý của mô mềm , không đặc hiệu , cánh tay"
M79.93,"các bệnh lý của mô mềm , không đặc hiệu , cẳng tay"
M79.94,"các bệnh lý của mô mềm , không đặc hiệu , bàn tay"
M79.95,"các bệnh lý của mô mềm , không đặc hiệu , vùng chậu và đùi"
M79.96,"các bệnh lý của mô mềm , không đặc hiệu , cẳng chân"
M79.97,"các bệnh lý của mô mềm , không đặc hiệu , cổ và bàn chân"
M79.98,"các bệnh lý của mô mềm , không đặc hiệu , vị trí khác"
M79.99,"các bệnh lý của mô mềm , không đặc hiệu , vị trí không xác định"
M80,loãng xương có kèm gãy xương bệnh lý
M79.44,"phì đại mỡ vùng bánh chè , bàn tay"
M79.45,"phì đại mỡ vùng bánh chè , vùng chậu và đùi"
M79.46,"phì đại mỡ vùng bánh chè , cẳng chân"
M79.47,"phì đại mỡ vùng bánh chè , cổ và bàn chân"
M79.48,"phì đại mỡ vùng bánh chè , vị trí khác"
M79.49,"phì đại mỡ vùng bánh chè , vị trí không xác định"
M79.5,dị vật tồn tại trong mô mềm
M79.50,"dị vật tồn tại trong mô mềm , nhiều vị trí"
M79.51,"dị vật tồn tại trong mô mềm , vùng bả vai"
M79.52,"dị vật tồn tại trong mô mềm , cánh tay"
M79.53,"dị vật tồn tại trong mô mềm , cẳng tay"
M77.1,viêm điểm bám gân lồi cầu ngoài xương cánh tay
M77.2,viêm quanh khớp cổ tay
M77.3,gai xương gót
M79.11,"đau cơ , vùng bả vai"
M79.12,"đau cơ , cánh tay"
M79.13,"đau cơ , cẳng tay"
M79.14,"đau cơ , bàn tay"
M79.15,"đau cơ , vùng chậu và đùi"
M79.16,"đau cơ , cẳng chân"
M79.17,"đau cơ , cổ và bàn chân"
M79.03,"bệnh thấp khớp , không đặc hiệu , cẳng tay"
M79.04,"bệnh thấp khớp , không đặc hiệu , bàn tay"
M79.05,"bệnh thấp khớp , không đặc hiệu , vùng chậu và đùi"
M79.06,"bệnh thấp khớp , không đặc hiệu , cẳng chân"
M79.07,"bệnh thấp khớp , không đặc hiệu , cổ và bàn chân"
M79.08,"bệnh thấp khớp , không đặc hiệu , vị trí khác"
M79.09,"bệnh thấp khớp , không đặc hiệu , vị trí không xác định"
M79.1,đau cơ
M79.10,"đau cơ , nhiều vị trí"
M79.18,"đau cơ , vị trí khác"
M79.19,"đau cơ , vị trí không xác định"
M79.2,"đau dây thần kinh và viêm dây thần kinh , không đặc hiệu"
M79.20,"đau dây thần kinh và viêm dây thần kinh , không đặc hiệu , nhiều vị trí"
M79.21,"đau dây thần kinh và viêm dây thần kinh , không đặc hiệu , vùng bả vai"
M79.22,"đau dây thần kinh và viêm dây thần kinh , không đặc hiệu , cánh tay"
M79.23,"đau dây thần kinh và viêm dây thần kinh , không đặc hiệu , cẳng tay"
M79.24,"đau dây thần kinh và viêm dây thần kinh , không đặc hiệu , bàn tay"
M79.25,"đau dây thần kinh và viêm dây thần kinh , không đặc hiệu , vùng chậu và đùi"
M79.26,"đau dây thần kinh và viêm dây thần kinh , không đặc hiệu , cẳng chân"
M79.27,"đau dây thần kinh và viêm dây thần kinh , không đặc hiệu , cổ và bàn chân"
M79.28,"đau dây thần kinh và viêm dây thần kinh , không đặc hiệu , vị trí khác"
M79.29,"đau dây thần kinh và viêm dây thần kinh , không đặc hiệu , vị trí không xác định"
M79.3,"viêm mô mỡ dưới da , không đặc hiệu"
M79.30,"viêm mô mỡ dưới da , không đặc hiệu , nhiều vị trí"
M79.31,"viêm mô mỡ dưới da , không đặc hiệu , vùng bả vai"
M79.32,"viêm mô mỡ dưới da , không đặc hiệu , cánh tay"
M79.33,"viêm mô mỡ dưới da , không đặc hiệu , cẳng tay"
M79.34,"viêm mô mỡ dưới da , không đặc hiệu , bàn tay"
M79.35,"viêm mô mỡ dưới da , không đặc hiệu , vùng chậu và đùi"
M79.36,"viêm mô mỡ dưới da , không đặc hiệu , cẳng chân"
M79.37,"viêm mô mỡ dưới da , không đặc hiệu , cổ và bàn chân"
M79.38,"viêm mô mỡ dưới da , không đặc hiệu , vị trí khác"
M79.39,"viêm mô mỡ dưới da , không đặc hiệu , vị trí không xác định"
M79.4,phì đại mỡ vùng bánh chè
M79.40,"phì đại mỡ vùng bánh chè , nhiều vị trí"
M79.41,"phì đại mỡ vùng bánh chè , vùng bả vai"
M79.42,"phì đại mỡ vùng bánh chè , cánh tay"
M79.43,"phì đại mỡ vùng bánh chè , cẳng tay"
M77.9,bệnh điểm bám gân - dây chằng không đặc hiệu
M79,"bệnh khác của mô mềm , không phân loại nơi khác"
M79.0,"bệnh thấp khớp , không đặc hiệu"
M79.00,"bệnh thấp khớp , không đặc hiệu , nhiều vị trí"
M79.01,"bệnh thấp khớp , không đặc hiệu , vùng bả vai"
M79.02,"bệnh thấp khớp , không đặc hiệu , cánh tay"
P20.9,giảm oxy máu của thai nhi trong tử cung không xác định
P21,ngạt khi sinh
P21.0,ngạt nặng khi sinh
P21.1,ngạt nhẹ và trung bình khi sinh
P03.0,thai nhi và trẻ sơ sinh bị ảnh hưởng do đẻ và kéo thai trong ngôi mông
P03.1,"thai nhi và trẻ sơ sinh bị ảnh hưởng do ngôi , thế bất thường , bất tương xứng trong chuyển dạ và trong đẻ"
P03.2,thai nhi và trẻ sơ sinh bị ảnh hưởng do đẻ fooc xep ( forceps )
P52.9,chảy máu nội sọ ( không chấn thương ) không xác định của thai nhi và trẻ sơ sinh
P53,bệnh chảy máu của thai nhi và trẻ sơ sinh
P54,các chảy máu sơ sinh khác
P54.0,nôn ra máu sơ sinh
P51.8,chảy máu rốn khác của trẻ sơ sinh
P51.9,chảy máu rốn không xác định của trẻ sơ sinh
P52,chảy máu nội sọ không do chấn thương của thai nhi và trẻ sơ sinh
P52.2,chảy máu trong não thất ( không chấn thương ) độ 3 của thai nhi và trẻ sơ sinh
P52.3,chảy máu trong não thất ( không chấn thương ) không xác định của thai nhi và trẻ sơ sinh
P52.4,chảy máu trong não ( không chấn thương ) của thai nhi và trẻ sơ sinh
P52.5,xuất huyết dưới nhện ( không chấn thương ) của thai nhi và trẻ sơ sinh
P52.6,chảy máu tiểu não ( không chấn thương ) và hố sau của thai nhi và trẻ sơ sinh
P52.8,chảy máu nội sọ khác ( không chấn thương ) của thai nhi và trẻ sơ sinh
P54.1,đi ngoài ra máu
P54.2,chảy máu trực tràng của trẻ sơ sinh
P54.3,chảy máu dạ dày ruột khác của trẻ sơ sinh
P50.5,mất máu thai do cắt vào dây rốn chung của thai sinh đôi
P50.8,mất máu thai khác
P50.9,mất máu thai không xác định
P51,chảy máu rốn của trẻ sơ sinh
P51.0,chảy máu rốn nặng của trẻ sơ sinh
P50.3,chảy máu giữa hai thai sinh đôi ( truyền máu thai sang thai )
P50.4,chảy máu vào tuần hoàn người mẹ
P59.1,hội chứng mật đặc
P59.2,vàng da sơ sinh vì các tổn thương tế bào gan khác và không xác định
P59.3,vàng da sơ sinh vì yếu tố ức chế của sữa mẹ
P59.8,vàng da sơ sinh vì những nguyên nhân đặc hiệu khác
P59.9,"vàng da sơ sinh , không đặc hiệu"
P60,đông máu rải rác trong lòng mạch của thai và trẻ sơ sinh
P52.0,chảy máu trong não thất ( không chấn thương ) độ 1 của thai nhi và trẻ sơ sinh
P52.1,chảy máu trong não thất ( không chấn thương ) độ 2 của thai nhi và trẻ sơ sinh
P57.8,vàng da nhân xám được định rõ khác
P57.9,"vàng da nhân xám , không xác định"
P58,vàng da sơ sinh do huyết tán quá mức
P58.0,vàng da sơ sinh do bầm tím
P58.1,vàng da sơ sinh do chảy máu
P58.2,vàng da sơ sinh do nhiễm khuẩn
P61,các rối loạn huyết học chu sinh khác
P61.0,giảm tiểu cầu sơ sinh tạm thời
P61.1,đa hồng cầu sơ sinh
P61.2,thiếu máu của trẻ non tháng
P61.3,thiếu máu bẩm sinh vì mất máu thai
P61.4,"các thiếu máu bẩm sinh khác , không phân loại nơi khác"
P61.5,giảm bạch cầu đa nhân trung tính thoáng qua của sơ sinh
P61.6,rối loạn đông máu khác thoáng qua của sơ sinh
P54.9,chảy máu sơ sinh không xác định
P55,bệnh huyết tán của bào thai và trẻ sơ sinh
P55.0,"huyết tán do bất đồng nhóm máu rh của mẹ và thai nhi , trẻ sơ sinh"
P55.1,"huyết tán do bất đồng nhóm máu abo của mẹ và thai nhi , trẻ sơ sinh"
P58.3,vàng da sơ sinh do đa hồng cầu
P58.4,"vàng da sơ sinh do thuốc , độc tố truyền từ mẹ sang hay dùng cho trẻ sơ sinh"
P58.5,vàng da sơ sinh do nuốt phải máu mẹ
P58.8,vàng da sơ sinh do huyết tán quá mức được định rõ khác
P58.9,vàng da sơ sinh do huyết tán quá mức không xác định
P59,vàng da sơ sinh do các nguyên nhân khác và không xác định
P59.0,vàng da sơ sinh phối hợp với đẻ non
P56.0,phù thai do miễn dịch đồng loại
P56.9,phù thai do bệnh lý huyết tán khác và không xác định
P57,vàng da nhân xám
P57.0,vàng da nhân xám do bất đồng miễn dịch
P55.8,bệnh huyết tán khác của thai và trẻ sơ sinh
P55.9,"bệnh huyết tán của thai và trẻ sơ sinh , không xác định"
P56,phù thai do bệnh huyết tán
P54.4,chảy máu thượng thận trẻ sơ sinh
P54.5,xuất huyết dưới da của trẻ sơ sinh
P54.6,chảy máu âm đạo của trẻ sơ sinh
P54.8,chảy máu sơ sinh được định rõ khác
P02.3,thai nhi và trẻ sơ sinh bị ảnh hưởng do hội chứng truyền máu trong bánh rau
P02.4,thai nhi và trẻ sơ sinh bị ảnh hưởng do sa dây rốn
P02.5,thai nhi và trẻ sơ sinh bị ảnh hưởng do các chèn ép khác của dây rốn
O99.3,"rối loạn tâm thần và bệnh lý hệ thần kinh gây biến chứng cho thai kỳ , khi đẻ và sau đẻ"
O99.4,"bệnh của hệ thống tuần hoàn gây biến chứng cho thai kỳ , khi đẻ và sau đẻ"
P01,thai nhi và trẻ sơ sinh bị ảnh hưởng do biến chứng thai kỳ của mẹ
P01.0,thai nhi và trẻ sơ sinh bị ảnh hưởng do hở eo cổ tử cung
P03.9,thai nhi và trẻ sơ sinh bị ảnh hưởng do các biến chứng không xác định của chuyển dạ và cuộc đẻ
P04,thai nhi và trẻ sơ sinh bị ảnh hưởng do độc tố truyền qua bánh rau hoặc qua sữa mẹ
P04.0,"thai nhi và trẻ sơ sinh bị ảnh hưởng do thuốc gây mê , gây tê trong khi có thai , trong lúc chuyển dạ và trong khi đẻ"
P04.1,thai nhi và trẻ sơ sinh bị ảnh hưởng do người mẹ dùng các thuốc khác
P04.2,thai nhi và trẻ sơ sinh bị ảnh hưởng do người mẹ hút thuốc lá
P03.6,thai nhi và trẻ sơ sinh bị ảnh hưởng do cơn co tử cung bất thường
P03.8,thai nhi và trẻ sơ sinh bị ảnh hưởng do các biến chứng khác được xác định của chuyển dạ và cuộc đẻ
P02.6,thai nhi và trẻ sơ sinh bị ảnh hưởng do các tình trạng bệnh lý khác không xác định của dây rốn
P02.7,thai nhi và trẻ sơ sinh bị ảnh hưởng do nhiễm khuẩn ối
P02.8,thai nhi và trẻ sơ sinh bị ảnh hưởng do các bất thường khác của màng rau
P03.3,thai nhi và trẻ sơ sinh bị ảnh hưởng do đẻ bằng giác hút
P03.4,thai nhi và trẻ sơ sinh bị ảnh hưởng do mổ lấy thai
P03.5,thai nhi và trẻ sơ sinh bị ảnh hưởng do đẻ quá nhanh
P04.9,"thai nhi và trẻ sơ sinh bị ảnh hưởng do các độc tố khác từ mẹ , không xác định"
P05,thai nhi chậm phát triển và thai suy dinh dưỡng
P05.0,nhẹ cân so với tuổi thai
P05.1,nhỏ so với tuổi thai
P05.2,thai suy dinh dưỡng mà không đề cập đến nhỏ hay nhẹ cân so với tuổi thai
P04.6,thai nhi và trẻ sơ sinh bị ảnh hưởng do người mẹ có tiếp xúc với các hóa chất trong môi trường
P04.8,thai nhi và trẻ sơ sinh bị ảnh hưởng do các độc tố khác từ mẹ
P02.9,"thai nhi và trẻ sơ sinh bị ảnh hưởng do các bất thường của màng rau , không xác định"
P03,thai nhi và trẻ sơ sinh bị ảnh hưởng do các biến chứng của chuyển dạ và cuộc đẻ
P01.4,thai nhi và trẻ sơ sinh bị ảnh hưởng do thai ngoài tử cung
P01.5,thai nhi và trẻ sơ sinh bị ảnh hưởng do đa thai
P01.6,thai nhi và trẻ sơ sinh bị ảnh hưởng do tử vong mẹ
O99.7,"bệnh của da và tổ chức dưới da gây biến chứng cho thai kỳ , khi đẻ và sau đẻ"
O99.8,"bệnh và các tình trạng xác định khác biến chứng thời kỳ thai kỳ , khi đẻ và sau đẻ"
P00,thai nhi và trẻ sơ sinh bị ảnh hưởng do các yếu tố của mẹ có thể không liên quan đến lần thai kỳ hiện nay
P00.0,thai nhi và trẻ sơ sinh ảnh hưởng do các rối loạn tăng huyết áp của mẹ
P20.1,giảm oxy máu của thai nhi trong tử cung trong chuyển dạ và trong đẻ
P21.9,"ngạt khi đẻ , không xác định"
P22,suy hô hấp của trẻ sơ sinh
P22.0,hội chứng suy hô hấp tiến triển ở trẻ sơ sinh
P22.1,thở nhanh thoáng qua của trẻ sơ sinh
P13.9,"chấn thương xương khi sinh , không xác định"
P14,chấn thương hệ thần kinh ngoại vi khi sinh
P14.0,liệt erb do chấn thương khi sinh
P14.1,liệt klumpke do chấn thương khi sinh
P14.2,liệt dây thần kinh hoành do chấn thương khi sinh
P22.8,suy hô hấp khác của trẻ sơ sinh
P22.9,"suy hô hấp của trẻ sơ sinh , không xác định"
P23,viêm phổi bẩm sinh
P23.0,viêm phổi bẩm sinh do virus
P23.1,viêm phổi bẩm sinh do chlamydia
P23.2,viêm phổi bẩm sinh do tụ cầu
P14.9,"chấn thương hệ thần kinh ngoại vi khi sinh , không xác định"
P15,chấn thương khác khi sinh
P15.0,chấn thương gan khi sinh
P15.1,chấn thương lách khi sinh
P15.2,chấn thương ức chũm khi sinh
P14.3,chấn thương khác của đám rối cánh tay khi sinh
P14.8,chấn thương các phần khác của hệ thần kinh ngoại vi khi sinh
P15.9,chấn thương khi sinh không xác định
P20,thiếu oxy trong tử cung
P20.0,giảm oxy máu của thai nhi trong tử cung từ trước khi bắt đầu chuyển dạ
P15.3,chấn thương mắt khi sinh
P15.4,chấn thương mặt khi sinh
P15.5,chấn thương bộ phận sinh dục ngoài khi sinh
P15.6,hoại tử tổ chức mỡ dưới da do chấn thương khi sinh
P15.8,chấn thương khi sinh xác định khác
O99.5,"bệnh của hệ thống hô hấp gây biến chứng thai kỳ , khi đẻ và sau đẻ"
O99.6,"bệnh của hệ thống tiêu hóa gây biến chứng cho thai kỳ , khi đẻ và sau đẻ"
P28.3,ngừng thở khi ngủ nguyên phát của trẻ sơ sinh
P28.4,ngừng thở khác của trẻ sơ sinh
P28.5,suy hô hấp ở trẻ sơ sinh
P28.8,các bệnh lý hô hấp xác định khác của trẻ sơ sinh
P28.9,"bệnh lý hô hấp của trẻ sơ sinh , không xác định"
P29,rối loạn tim mạch khởi phát trong thời kỳ chu sinh
P29.0,suy tim sơ sinh
P29.1,loạn nhịp tim sơ sinh
P29.2,tăng huyết áp sơ sinh
P23.3,viêm phổi bẩm sinh do liên cầu nhóm b
P23.4,viêm phổi bẩm sinh do e coli
P23.5,viêm phổi bẩm sinh do pseudomonas
P23.6,viêm phổi bẩm sinh do các vi khuẩn khác
P23.8,viêm phổi bẩm sinh do các mầm bệnh khác
P23.9,"viêm phổi bẩm sinh , không xác định"
P24,các hội chứng hít của trẻ sơ sinh
P24.9,"hội chứng hít của trẻ sơ sinh , không xác định"
P25,ứ khí tổ chức kẽ phổi và các bệnh lý liên quan khởi phát trong thời kỳ chu sinh
P25.0,ứ khí tổ chức kẽ phổi khởi phát trong thời kỳ chu sinh
P25.1,tràn khí màng phổi chu sinh
P25.2,tràn khí trung thất chu sinh
P25.3,tràn khí màng tim chu sinh
P27.8,các bệnh phổi mạn tính khác khởi phát trong thời kỳ chu sinh
P27.9,các bệnh phổi mạn tính không xác định khởi phát trong thời kỳ chu sinh
P28,các bệnh lý hô hấp khác khởi phát trong thời kỳ chu sinh
P28.0,xẹp phổi nguyên phát của trẻ sơ sinh
P28.1,xẹp phổi khác và không xác định của trẻ sơ sinh
P28.2,cơn tím tái của trẻ sơ sinh
P24.3,sơ sinh hít ( sặc ) phải sữa và thức ăn trào lên
P24.8,các hội chứng hít khác của trẻ sơ sinh
P26.8,các chảy máu phổi khác chu sinh
P26.9,các chảy máu phổi chu sinh không xác định
P27,bệnh hô hấp mạn tính khởi phát trong thời kỳ chu sinh
P27.0,hội chứng wilson - mikity
P27.1,loạn sản phế quản phổi khởi phát trong thời kỳ chu sinh
P24.0,sơ sinh hít phân su
P24.1,sơ sinh hít nước ối và niêm dịch
P24.2,sơ sinh hít phải máu
P25.8,các bệnh lý khác liên quan đến ứ khí tổ chức kẽ phổi chu sinh
P26,chảy máu phổi chu sinh
P26.0,chảy máu khí phế quản chu sinh
P26.1,chảy máu phổi nặng chu sinh
O98.2,"bệnh lậu gây biến chứng cho thai kỳ , khi đẻ và sau khi đẻ"
O98.3,"nhiễm trùng lây qua đường tình dục khác gây biến chứng cho thai kỳ , khi đẻ và sau đẻ"
O98.4,"viêm gan virus gây biến chứng cho thai kỳ , khi đẻ và sau khi đẻ"
P00.3,thai nhi và trẻ sơ sinh bị ảnh hưởng do các bệnh lý khác về tuần hoàn và hô hấp của mẹ
P00.4,thai nhi và trẻ sơ sinh bị ảnh hưởng do các rối loạn dinh dưỡng của mẹ
P00.5,thai nhi và trẻ sơ sinh bị ảnh hưởng do mẹ bị chấn thương
P00.6,thai nhi và trẻ sơ sinh bị ảnh hưởng do các phẫu thuật của mẹ
P01.1,thai nhi và trẻ sơ sinh bị ảnh hưởng do ối vỡ non
P01.2,thai nhi và trẻ sơ sinh bị ảnh hưởng do thiểu ối
P01.3,thai nhi và trẻ sơ sinh bị ảnh hưởng do đa ối
P00.1,thai nhi và trẻ sơ sinh bị ảnh hưởng do bệnh thận và bệnh đường tiết niệu của mẹ
P00.2,thai nhi và trẻ sơ sinh bị ảnh hưởng do các bệnh nhiễm khuẩn và nhiễm ký sinh trùng của mẹ
P01.7,thai nhi và trẻ sơ sinh bị ảnh hưởng do ngôi bất thường trước khi chuyển dạ
P01.8,thai nhi và trẻ sơ sinh bị ảnh hưởng do các biến chứng thai kỳ khác của mẹ
O99.1,"các bệnh khác của máu , cơ quan tạo máu và rối loại cơ chế miễn dịch gây biến chứng cho thai kỳ , khi đẻ và sau khi đẻ"
O99.2,"bệnh nội tiết , dinh dưỡng và chuyển hóa gây biến chứng cho thai kỳ , khi đẻ và sau đẻ"
O98.5,"bệnh do virus khác gây biến chứng cho thai kỳ , khi đẻ và sau khi đẻ"
O98.6,"bệnh do đơn bào gây biến chứng cho thai kỳ , khi đẻ và sau khi đẻ"
P01.9,"thai nhi và trẻ sơ sinh bị ảnh hưởng do các biến chứng thai kỳ của mẹ , không xác định"
P02,"thai nhi và trẻ sơ sinh bị ảnh hưởng do các biến chứng của bánh rau , dây rốn và các màng thai"
P02.0,thai nhi và trẻ sơ sinh bị ảnh hưởng do rau tiền đạo
P02.1,thai nhi và trẻ sơ sinh bị ảnh hưởng do các hình thái bong rau và chảy máu khác
P02.2,thai nhi và trẻ sơ sinh bị ảnh hưởng do các bất thường về hình thái và chức năng khác và không xác định của bánh rau
P00.7,"thai nhi và trẻ sơ sinh bị ảnh hưởng do các thủ thuật nội khoa khác của mẹ , không phân loại nơi khác"
P00.8,thai nhi và trẻ sơ sinh bị ảnh hưởng do các bệnh lý khác của mẹ
P00.9,thai nhi và trẻ sơ sinh bị ảnh hưởng do các tình trạng bệnh lý không xác định của mẹ
O98.9,"bệnh nhiễm khuẩn và nhiễm ký sinh trùng không xác định của bà mẹ gây biến chứng cho thai kỳ , khi đẻ và sau khi đẻ"
O99,"các bệnh khác của bà mẹ phân loại nơi khác nhưng gây biến chứng cho thai kỳ , khi đẻ và sau khi đẻ"
O99.0,"thiếu máu gây biến chứng cho thai kỳ , khi đẻ và sau đẻ"
P36.8,nhiễm khuẩn huyết khác của trẻ sơ sinh
P36.9,"nhiễm khuẩn huyết của trẻ sơ sinh , không đặc hiệu"
P37,bệnh nhiễm trùng và ký sinh trùng bẩm sinh khác
P37.0,lao bẩm sinh
P37.1,toxoplasma bẩm sinh
P37.2,listeria bẩm sinh ( rải rác )
P39,nhiễm khuẩn đặc hiệu khác trong thời kỳ chu sinh
P39.0,viêm vú nhiễm khuẩn trẻ sơ sinh
P39.1,viêm kết mạc và ống dẫn lệ của trẻ sơ sinh
P39.2,"nhiễm khuẩn thai trong buồng ối , không phân loại nơi khác"
P39.3,nhiễm khuẩn đường tiết niệu trẻ sơ sinh
P39.4,nhiễm khuẩn da trẻ sơ sinh
P39.8,nhiễm trùng đặc hiệu khác trong thời kỳ chu sinh
P36.1,nhiễm khuẩn huyết sơ sinh do các liên cầu khác và không xác định
P36.2,nhiễm khuẩn huyết sơ sinh do tụ cầu vàng
P36.3,nhiễm khuẩn huyết sơ sinh do các tụ cầu khác và không xác định
P36.4,nhiễm khuẩn huyết sơ sinh do e . coli
P36.5,nhiễm khuẩn huyết sơ sinh do vi khuẩn kỵ khí
P39.9,nhiễm khuẩn không xác định khác đặc hiệu cho giai đoạn chu sinh
P50,mất máu thai
P50.0,mất máu thai vì mạch máu tiền đạo
P50.1,mất máu thai vì vỡ dây rốn
P50.2,mất máu thai từ rau
P37.3,sốt rét falciparum bẩm sinh
P37.4,sốt rét bẩm sinh khác
P37.5,nấm candida bẩm sinh
P37.8,bệnh nhiễm khuẩn và ký sinh trùng được định rõ khác
P37.9,bệnh nhiễm khuẩn và ký sinh trùng không xác định
P38,viêm rốn trẻ sơ sinh có hoặc không có chảy máu mức độ nhẹ
P35.4,bệnh do virus zika bẩm sinh
P35.8,các bệnh virus bẩm sinh khác
P35.9,"bệnh do virus bẩm sinh , không xác định"
P36,nhiễm khuẩn huyết của trẻ sơ sinh
P36.0,nhiễm khuẩn huyết sơ sinh do liên cầu nhóm b
P29.3,tồn tại tuần hoàn thai nhi
P29.4,thiếu máu cơ tim thoáng qua của trẻ sơ sinh
P29.8,rối loạn tim mạch khác khởi phát trong thời kỳ chu sinh
P29.9,rối loạn tim mạch không xác định khởi phát trong thời kỳ chu sinh
P35,bệnh nhiễm virus bẩm sinh
P35.0,hội chứng rubêon bẩm sinh
P35.1,nhiễm cytomegalovirus bẩm sinh
P35.2,nhiễm virus herpes bẩm sinh
P35.3,viêm gan virus bẩm sinh
P05.9,"thai chậm phát triển , không xác định"
P07,"các rối loạn liên quan đến đẻ non và nhẹ cân lúc đẻ , không phân loại nơi khác"
P07.0,trẻ có cân nặng cực thấp ( 1000g )
P07.1,trẻ nhẹ cân khác ( 1000g - 2499g )
P07.2,trẻ cực non ( dưới 28 tuần hoặc dưới 196 ngày )
P07.3,trẻ đẻ non khác ( 28 - dưới 37 tuần hoặc 196 - dưới 259 ngày )
P10.4,rách lều não do chấn thương khi sinh
P10.8,"rách , vỡ và chảy máu nội sọ khác do chấn thương trong khi sinh"
P11.2,tổn thương não không xác định do chấn thương khi sinh
P11.3,tổn thương thần kinh mặt do chấn thương khi sinh
P11.4,tổn thương các dây thần kinh sọ khác do chấn thương khi sinh
P11.5,tổn thương cột sống và tủy sống do chấn thương khi sinh
P11.9,"tổn thương hệ thần kinh trung ương do chấn thương khi sinh , không xác định"
P12,chấn thương da đầu khi sinh
P12.0,máu tụ dưới da đầu do chấn thương khi sinh
P12.1,bong da đầu do chấn thương khi sinh
P12.2,chảy máu dưới cân ngoài sọ do chấn thương khi sinh
P12.3,bầm tím da đầu do chấn thương khi sinh
P12.4,chấn thương da đầu trẻ sơ sinh do máy monitor
P10.9,"rách , vỡ và chảy máu nội sọ do chấn thương khi sinh không xác định"
P11,các chấn thương hệ thần kinh trung ương khi sinh
P11.0,phù não do chấn thương khi sinh
P11.1,tổn thương não khác được xác định do chấn thương khi sinh
P08.2,trẻ già tháng nhưng không nặng so với tuổi thai
P10,"rách , vỡ và chảy máu nội sọ do chấn thương khi sinh"
P10.0,xuất huyết dưới màng cứng do chấn thương khi sinh
P12.8,chấn thương da đầu khác khi sinh
P12.9,"chấn thương da đầu khi sinh , không xác định"
P13,chấn thương hệ xương khi sinh
P13.0,gãy ( vỡ ) xương sọ do chấn thương khi sinh
P13.1,chấn thương khi sinh khác lên vòm sọ
P13.2,chấn thương xương đùi khi sinh
P13.3,chấn thương các xương dài khác khi sinh
P13.4,gãy xương đòn do chấn thương khi sinh
P13.8,các chấn thương xương khác khi sinh
P08,rối loạn liên quan đến thai già tháng và trẻ nặng cân
P08.0,trẻ nặng cân
P08.1,trẻ nặng cân khác so với tuổi thai
P10.1,chảy máu não do chấn thương khi sinh
P10.2,chảy máu trong não thất do chấn thương khi sinh
P10.3,xuất huyết dưới nhện do chấn thương khi sinh
P70.9,rối loạn tạm thời không đặc hiệu của chuyển hóa carbon hydrat ở thai và trẻ sơ sinh
P71,các rối loạn chuyển hóa calci và magie thoáng qua của sơ sinh
P71.8,rối loạn tạm thời khác của chuyển hóa calci và magie ở trẻ sơ sinh
O91.2,viêm vú không mủ liên quan đến đẻ
O92,các rối loạn khác của vú và tiết sữa liên quan đến sinh đẻ
O74.2,"biến chứng tim của gây mê trong chuyển dạ , trong đẻ"
O74.3,"biến chứng hệ thống thần kinh trung ương của gây mê trong chuyển dạ , trong đẻ"
O92.0,tụt núm vú phối hợp với đẻ
O92.1,nứt đầu vú phối hợp với đẻ
O92.2,rối loạn khác và không xác định của vú liên quan đến sinh đẻ
O90.5,viêm tuyến giáp sau đẻ
O90.8,"biến chứng khác sau đẻ , không phân loại nơi khác"
O90.9,"biến chứng sau đẻ , không xác định"
O91,nhiễm trùng vú liên quan đến đẻ
O91.0,nhiễm khuẩn núm vú phối hợp với đẻ
O91.1,"áp xe vú liên quan đến thai kỳ , sinh đẻ và hậu sản"
O96.9,tử vong do nguyên nhân sản khoa không đặc hiệu
O97,tử vong vì di chứng của nguyên nhân sản khoa
O97.0,tử vong do di chứng của nguyên nhân sản khoa trực tiếp
O97.1,tử vong do di chứng của nguyên nhân sản khoa gián tiếp
O90,"biến chứng sau đẻ , không phân loại nơi khác"
O90.0,toác vết mổ lấy thai
O90.1,toác vết khâu tầng sinh môn
O90.2,tụ máu vết mổ sản khoa
O90.3,bệnh lý cơ tim trong thời kỳ hậu sản
O90.4,suy thận cấp tính sau đẻ
O97.9,"tử vong do di chứng của nguyên nhân sản khoa , không đặc hiệu"
O98,"nhiễm trùng sản khoa và bệnh ký sinh trùng phân loại nơi khác nhưng gây biến chứng cho thai kỳ , khi đẻ và sau đẻ"
O98.0,"bệnh lao gây biến chứng cho thai kỳ , khi đẻ và sau đẻ"
O98.1,"giang mai gây biến chứng cho thai kỳ , khi đẻ và sau đẻ"
O95,tử vong sản khoa vì nguyên nhân không xác định
O96,tử vong vì bất kỳ nguyên nhân sản khoa nào khác sau khi đẻ 42 ngày và dưới 1 năm
O96.0,tử vong do nguyên nhân sản khoa trực tiếp
O96.1,tử vong do nguyên nhân sản khoa gián tiếp
O92.3,không có sữa
O92.4,"thiếu sữa , ít sữa"
O92.5,cắt sữa
O92.6,tiết sữa
O92.7,rối loạn tiết sữa khác không xác định
O94,"di chứng của biến chứng do thai kỳ , sinh đẻ và sau đẻ"
O26.7,"giãn khớp mu trong khi có thai , khi đẻ và sau khi đẻ"
O26.8,các tình trạng xác định khác liên quan đến thai kỳ
O26.9,"các tình trạng liên quan đến thai kỳ , không đặc hiệu"
O28,các dấu hiệu bất thường của bà mẹ phát hiện khi khám thai
O69.4,chuyển dạ và đẻ có biến chứng do mạch máu tiền đạo
O69.5,chuyển dạ và đẻ có biến chứng tổn thương mạch
O69.8,chuyển dạ và đẻ có biến chứng khác của dây rốn
O74.4,"phản ứng độc của gây tê tại chỗ trong chuyển dạ , trong đẻ"
O74.5,"đau đầu do gây tê tủy sống và ngoài màng cứng trong chuyển dạ , trong đẻ"
O82,mổ lấy thai cho một thai
O82.0,mổ lấy thai chủ động
O82.1,mổ lấy thai cấp cứu
O82.2,mổ lấy thai tiếp theo cắt tử cung
O82.8,mổ lấy thai khác cho một thai
O80,đẻ thường một thai
O80.0,đẻ thường ngôi đầu
O80.1,đẻ thường ngôi mông
O80.8,đẻ thường một thai khác
O80.9,"đẻ thường một thai , không xác định"
O81,đẻ một thai bằng forcep hay giác hút
O75.2,"sốt trong chuyển dạ , không phân loại nơi khác"
O75.3,nhiễm khuẩn khác trong chuyển dạ
O75.4,"biến chứng khác của phẫu thuật , thủ thuật sản khoa"
O75.5,đẻ muộn sau khi bấm ối
O75.6,đẻ muộn sau khi vỡ ối tự nhiên hay không xác định
O74.6,"biến chứng khác của gây tê tủy sống và gây tê ngoài màng cứng trong chuyển dạ , trong đẻ"
O74.7,"không đặt được hay khó đặt nội khí quản trong chuyển dạ , trong đẻ"
O74.8,"biến chứng khác của gây mê trong chuyển dạ , trong đẻ"
O75.7,đẻ đường dưới sau mổ lấy thai cũ
O75.8,biến chứng đặc hiệu khác của chuyển dạ và đẻ
O75.9,"biến chứng của chuyển dạ và đẻ , không xác định"
O74.9,"biến chứng của gây mê trong chuyển dạ , trong đẻ , không xác định"
O75,"biến chứng khác của chuyển dạ , không phân loại nơi khác"
O75.0,"tình trạng nguy cấp của mẹ trong chuyển dạ , trong đẻ"
O75.1,sốc trong hay sau chuyển dạ và đẻ
O81.0,đặt forcep thấp
O81.1,đặt forcep trung bình
O81.2,đặt forcep trung bình có quay
O81.3,đẻ bằng forcep khác và không xác định
O81.4,đặt giác hút
O81.5,đặt phối hợp cả forcep và giác hút
O47.9,"chuyển dạ giả , không đặc hiệu"
O48,thai quá ngày sinh
O60,chuyển dạ sớm và đẻ
O60.0,chuyển dạ sớm không đẻ
O60.1,chuyển dạ sớm và đẻ non
O73,sót rau và màng rau không có chảy máu
O73.0,sót rau không có chảy máu
O73.1,"sót phần bánh rau và màng rau , không có chảy máu"
O74,biến chứng của gây mê trong chuyển dạ và trong đẻ
O74.0,viêm phổi do hít vì gây mê trong chuyển dạ và trong đẻ
O74.1,"biến chứng khác của phổi do gây mê trong chuyển dạ , trong đẻ"
O29.0,biến chứng ở phổi do gây mê khi có thai
O29.1,biến chứng tim của gây mê trong khi có thai
O29.2,biến chứng hệ thống thần kinh trung ương của gây mê trong khi có thai
O69.9,"chuyển dạ và đẻ có biến chứng khác của dây rốn , không xác định"
O70,rách tầng sinh môn trong đẻ
O70.0,rách tầng sinh môn độ i trong đẻ
O70.1,rách tầng sinh môn độ ii trong đẻ
O71.5,tổn thương các tạng tiểu khung khác do sản khoa
O71.6,tổn thương khớp vùng chậu và dây chằng do sản khoa
O71.7,máu tụ vùng chậu do sản khoa
O71.8,chấn thương sản khoa đặc hiệu khác
O71.9,"chấn thương sản khoa , không đặc hiệu"
O72,chảy máu sau đẻ
O72.0,chảy máu thời kỳ sổ rau
O69.2,chuyển dạ và đẻ có biến chứng do dây rốn quấn các phần khác của thai
O69.3,chuyển dạ và đẻ có dây rốn ngắn
O72.1,chảy máu ngay sau đẻ khác
O72.2,chảy máu muộn và thứ phát sau đẻ
O72.3,thiếu hụt đông máu sau đẻ
O71.1,vỡ tử cung trong chuyển dạ
O71.2,lộn tử cung sau đẻ
O71.3,rách cổ tử cung sản khoa
O71.4,rách âm đạo cao đơn thuần do sản khoa
O70.2,rách tầng sinh môn độ iii trong đẻ
O70.3,rách tầng sinh môn độ iv trong đẻ
O70.9,"rách tầng sinh môn , không đặc hiệu"
O71,chấn thương sản khoa khác
O71.0,vỡ tử cung trước chuyển dạ
O68.0,chuyển dạ và đẻ có nhịp tim thai bất thường
O68.1,chuyển dạ và đẻ có nước ối lẫn phân su
O68.2,chuyển dạ và đẻ có nhịp tim thai bất thường và nước ối lẫn phân su
O65.2,chuyển dạ đình trệ do hẹp eo trên
O65.3,chuyển dạ đình trệ do hẹp eo dưới và eo giữa
O65.4,"chuyển dạ đình trệ do bất tương xứng thai - khung chậu , không xác định"
O65.5,chuyển dạ đình trệ do bất thường các tạng trong tiểu khung của mẹ
O23.9,nhiễm khuẩn đường tiết niệu sinh dục khác và không xác định trong lúc có thai
O24,đái tháo đường thai kỳ
O68.9,"chuyển dạ và đẻ có suy thai , không đặc hiệu"
O69,chuyển dạ và đẻ có biến chứng dây rốn
O69.0,chuyển dạ và đẻ có biến chứng sa dây rốn
O69.1,chuyển dạ và đẻ có biến chứng dây rốn quấn quanh cổ bị chèn ép
O67.0,chảy máu trong đẻ do thiếu hụt yếu tố đông máu
O67.8,chảy máu trong đẻ khác
O67.9,"chảy máu trong đẻ , không đặc hiệu"
O68,chuyển dạ và đẻ có biến chứng suy thai
O64.2,chuyển dạ đình trệ do ngôi mặt
O64.3,chuyển dạ đình trệ do ngôi trán
O64.4,chuyển dạ đình trệ do ngôi vai
O64.5,chuyển dạ đình trệ do ngôi thai chờm vệ
O64.8,chuyển dạ đình trệ do ngôi và thế bất thường khác
O64.9,"chuyển dạ đình trệ do ngôi và thế bất thường , không đặc hiệu"
O65,chuyển dạ đình trệ do khung chậu bất thường
O65.0,chuyển dạ đình trệ do khung chậu biến dạng
O65.1,chuyển dạ đình trệ do khung chậu hẹp toàn diện
O63.2,"chậm đẻ thai thứ hai , thứ ba"
O63.9,"chuyển dạ kéo dài , không xác định"
O64,chuyển dạ đình trệ do ngôi và thế của thai bất thường
O64.0,chuyển dạ đình trệ do đầu thai quay không hoàn toàn
O64.1,chuyển dạ đình trệ do ngôi mông
O66.2,chuyển dạ đình trệ do thai to bất thường
O66.3,chuyển dạ đình trệ do bất thường khác của thai
O66.4,"nghiệm pháp chuyển dạ thất bại , không xác định"
O66.5,"đặt forcep hay giác hút thất bại , không xác định"
O66.8,chuyển dạ đình trệ đặc hiệu khác
O66.9,"chuyển dạ đình trệ , không xác định"
O67,"chuyển dạ và đẻ có biến chứng chảy máu trong đẻ , không phân loại nơi khác"
O65.8,chuyển dạ đình trệ do bất thường khác của khung chậu mẹ
O65.9,"chuyển dạ đình trệ do bất thường khung chậu mẹ , không đặc hiệu"
O66,chuyển dạ đình trệ khác
O66.0,chuyển dạ đình trệ do đẻ khó do vai
O66.1,chuyển dạ đình trệ do sinh đôi cản trở nhau
O68.3,chuyển dạ và đẻ có biến chứng do bất thường sinh hóa của suy thai
O68.8,chuyển dạ và đẻ có các dấu hiệu khác của suy thai
O34.8,chăm sóc bà mẹ vì các bất thường khác của các tạng trong tiểu khung
O34.9,"chăm sóc bà mẹ vì các bất thường của các tạng trong tiểu khung , không xác định"
O35,"chăm sóc bà mẹ do hoặc nghi do bất thường , tổn thương của thai"
O35.0,chăm sóc bà mẹ vì dị dạng ( hay nghi ngờ dị dạng ) hệ thống thần kinh trung ương của thai
O35.1,chăm sóc bà mẹ vì bất thường ( hay nghi ngờ bất thường ) nhiễm sắc thể của thai
O82.9,"mổ lấy thai , không xác định"
O83,đẻ một thai với thủ thuật khác
O83.0,kéo thai trong ngôi mông
O83.1,thủ thuật khác trong ngôi mông
O83.2,đẻ nhờ thủ thuật khác bằng tay
O83.3,đẻ thai sống trong chửa trong ổ bụng
O87,biến chứng tĩnh mạch và trĩ thời kỳ hậu sản ( sau đẻ )
O87.0,viêm tắc tĩnh mạch nông sau đẻ
O87.1,viêm tắc tĩnh mạch sâu sau đẻ
O87.2,trĩ sau đẻ
O84.0,đẻ nhiều thai hoàn toàn tự nhiên
O84.1,"đẻ nhiều thai , tất cả bằng forcep hay giác hút"
O84.2,"đẻ nhiều thai , tất cả bằng mổ lấy thai"
O84.8,đẻ nhiều thai khác
O84.9,"đẻ nhiều thai , không xác định"
O85,nhiễm khuẩn huyết sau đẻ
O88.8,thuyên tắc mạch sản khoa khác
O89,biến chứng của gây mê trong thời kỳ sau đẻ
O89.0,biến chứng phổi của gây mê trong thời kỳ sau đẻ
O89.1,biến chứng tim của gây mê trong thời kỳ sau đẻ
O89.2,biến chứng của hệ thống thần kinh trung ương do gây mê sau đẻ
O83.4,các phẫu thuật hủy thai
O83.8,các thủ thuật đặc hiệu khác trong đẻ một thai
O83.9,"các thủ thuật trong đẻ một thai , không xác định"
O84,đẻ nhiều thai
O87.3,huyết khối tĩnh mạch não sau đẻ
O87.8,biến chứng tĩnh mạch khác sau đẻ
O87.9,"biến chứng tĩnh mạch sau đẻ , không đặc hiệu"
O88,tắc mạch sản khoa
O88.0,thuyên tắc mạch sản khoa do khí
O89.3,phản ứng độc do gây tê tại chỗ trong thời kỳ sau đẻ
O89.4,đau đầu do gây tê tủy sống và ngoài màng cứng trong thời kỳ sau đẻ
O89.5,biến chứng khác của gây tê tủy sống và ngoài màng cứng trong thời kỳ sau đẻ
O89.6,đặt nội khí quản khó hay thất bại trong thời kỳ sau đẻ
O89.8,biến chứng khác của gây mê trong thời kỳ sau đẻ
O89.9,"biến chứng , của gây mê trong thời kỳ sau đẻ"
O88.1,thuyên tắc mạch ối
O88.2,thuyên tắc mạch sản khoa do cục máu đông
O88.3,thuyên tắc mạch do mủ huyết và nhiễm khuẩn sản khoa
O86,nhiễm trùng sau đẻ khác
O86.0,nhiễm khuẩn vết thương do phẫu thuật sản khoa
O86.1,nhiễm khuẩn đường sinh dục khác sau đẻ
O86.2,nhiễm khuẩn đường tiết niệu sau đẻ
O86.3,nhiễm khuẩn khác của đường tiết niệu sinh dục sau đẻ
O86.4,sốt không rõ nguyên nhân sau đẻ
O86.8,nhiễm khuẩn sau đẻ xác định khác
O24.0,"đái tháo đường thai kỳ , đái tháo đường sẵn có , type 1"
O24.1,"đái tháo đường thai kỳ , đái tháo đường sẵn có , type 2"
O24.2,"đái tháo đường thai kỳ , đái tháo đường sẵn có liên quan đến thiếu dinh dưỡng"
O24.3,"đái tháo đường thai kỳ , đái tháo đường sẵn có , không đặc hiệu"
O24.4,đái tháo đường tăng lên trong khi có thai
O30.1,thai ba
O30.2,thai tư
O30.8,đa thai khác
O30.9,"đa thai , không xác định"
O31,biến chứng xác định của đa thai
O31.0,thai giấy
O31.1,thai kỳ tiếp tục tiến triển sau khi sảy một hay nhiều thai
O36.2,chăm sóc bà mẹ vì phù thai
O36.3,chăm sóc bà mẹ vì triệu chứng thiếu oxy thai
O36.4,chăm sóc bà mẹ vì thai chết lưu trong tử cung
O41.0,thiểu ối
O41.1,nhiễm khuẩn ối và màng ối
O41.8,rối loạn xác định khác của nước ối và màng ối
O41.9,"rối loạn của màng ối và nước ối , không đặc hiệu"
O42,vỡ ối sớm
O35.2,chăm sóc bà mẹ vì mắc ( hay nghi ngờ mắc ) bệnh di truyền của thai
O35.3,chăm sóc bà mẹ vì tổn thương ( hay nghi ngờ tổn thương ) thai do bệnh virus của mẹ
O35.4,chăm sóc bà mẹ vì tổn thương ( hay nghi ngờ tổn thương ) thai do rượu
O36.5,chăm sóc bà mẹ vì thai kém phát triển
O36.6,chăm sóc bà mẹ vì thai phát triển quá mức
O36.7,chăm sóc bà mẹ mang thai sống trong chửa ổ bụng
O35.9,"chăm sóc bà mẹ vì bất thường và tổn thương ( hay nghi ngờ bất thường và tổn thương ) thai , không xác định"
O36,chăm sóc bà mẹ vì có hay nghi ngờ có vấn đề của thai
O36.0,chăm sóc bà mẹ vì bất đồng nhóm máu rh
O36.1,chăm sóc bà mẹ vì miễn dịch đồng loại khác
O36.8,chăm sóc bà mẹ vì các vấn đề xác định khác của thai
O36.9,"chăm sóc bà mẹ vì các vấn đề của thai , không xác định"
O40,đa ối
O41,các rối loạn khác của nước ối và màng ối
O35.5,chăm sóc bà mẹ vì tổn thương ( hay nghi ngờ tổn thương ) thai do thuốc
O35.6,chăm sóc bà mẹ vì tổn thương ( hay nghi ngờ tổn thương ) thai do tia xạ
O35.7,"chăm sóc bà mẹ vì tổn thương ( hay nghi ngờ tổn thương ) thai do các phẫu thuật , thủ thuật y tế khác"
O35.8,chăm sóc bà mẹ vì bất thường và tổn thương ( hay nghi ngờ bất thường và tổn thương ) thai khác
O34.6,chăm sóc bà mẹ vì bất thường của âm đạo
O34.7,chăm sóc bà mẹ vì bất thường của âm hộ và tầng sinh môn
O24.9,"đái tháo đường thai kỳ , không đặc hiệu"
O25,thiếu dinh dưỡng khi có thai
O26,chăm sóc bà mẹ vì những tình trạng khác chủ yếu liên quan đến thai kỳ
O26.0,tăng cân nặng quá mức trong khi có thai
O26.1,tăng cân ít trong khi có thai
O26.2,chăm sóc thai kỳ của sảy thai liên tiếp
O26.3,có thai khi mang dụng cụ tử cung
O26.4,herpes và thai kỳ
O34.1,chăm sóc bà mẹ vì khối u của thân tử cung
O34.2,chăm sóc bà mẹ vì tử cung có sẹo mổ cũ
O34.3,chăm sóc bà mẹ vì hở eo tử cung
O34.4,chăm sóc bà mẹ vì các bất thường khác ở cổ tử cung
O34.5,chăm sóc bà mẹ vì các bất thường khác của tử cung có thai
O62.2,thưa yếu khác của cơn co tử cung
O62.3,chuyển dạ nhanh
O62.4,"cơn co tử cung tăng trương lực , không đồng bộ và kéo dài"
O62.8,bất thường khác của động lực chuyển dạ
O62.9,bất thường không xác định của động lực chuyển dạ
O63,chuyển dạ kéo dài
O63.0,giai đoạn đầu của chuyển dạ kéo dài
O63.1,giai đoạn thứ hai của chuyển dạ kéo dài
O46.8,chảy máu khác trước đẻ
O46.9,"chảy máu trước đẻ , không đặc hiệu"
O47,chuyển dạ giả
O47.0,chuyển dạ giả trước tuần thứ 37
O47.1,chuyển dạ giả trong hay sau tuần thứ 37
O60.2,chuyển dạ sớm và đẻ đúng kỳ
O60.3,đẻ sớm không có chuyển dạ tự nhiên
O61,khởi phát chuyển dạ thất bại
O61.0,gây chuyển dạ bằng thuốc thất bại
O44.1,rau tiền đạo có chảy máu
O45,rau bong non
O45.0,rau bong non có thiếu hụt yếu tố đông máu
O45.8,rau bong non khác
O45.9,"rau bong non sớm , không đặc hiệu"
O46,"chảy máu trước đẻ , không phân loại nơi khác"
O46.0,chảy máu trước đẻ do thiếu hụt yếu tố đông máu
O61.1,gây chuyển dạ bằng dụng cụ thất bại
O61.8,gây chuyển dạ bị thất bại khác
O61.9,"gây chuyển dạ bị thất bại , không xác định"
O62,bất thường về động lực chuyển dạ
O62.0,cơn co tử cung yếu nguyên phát
O62.1,cơn co tử cung yếu thứ phát
O42.0,"vỡ ối sớm , xuất hiện chuyển dạ trong vòng 24 giờ"
O42.1,"vỡ ối sớm , xuất hiện chuyển dạ sau 24 giờ"
O42.2,"vỡ ối sớm , có điều trị để làm chậm chuyển dạ"
O42.9,"vỡ ối sớm , không đặc hiệu"
O43,bệnh lý bánh rau
O43.0,hội chứng truyền máu qua bánh rau
O43.1,dị dạng bánh rau
O43.2,rau cài răng lược
O43.8,bệnh lý khác của bánh rau
O43.9,"bệnh lý bánh rau , không đặc hiệu"
O44,rau tiền đạo
O44.0,rau tiền đạo không có chảy máu
O33.1,chăm sóc bà mẹ vì bất tương xứng do khung chậu hẹp toàn bộ
O33.2,chăm sóc bà mẹ vì bất tương xứng do hẹp eo trên
O33.3,chăm sóc bà mẹ vì bất tương xứng do hẹp eo dưới
O33.4,chăm sóc bà mẹ vì bất tương xứng có nguồn gốc phối hợp cả mẹ và thai
O28.0,các phát hiện bất thường huyết học của bà mẹ khi khám thai
O28.1,các phát hiện bất thường hóa sinh của bà mẹ khi khám thai
O32.3,"chăm sóc bà mẹ vì ngôi mặt , ngôi trán và ngôi cằm"
O32.4,chăm sóc bà mẹ vì ngôi đầu cao lỏng khi đủ tháng
O32.5,"chăm sóc bà mẹ vì đa thai , trong đó một hay nhiều thai có ngôi bất thường"
O32.6,chăm sóc bà mẹ vì ngôi thai chờm vệ
O32.8,chăm sóc bà mẹ vì ngôi thai bất thường khác
O32.9,"chăm sóc bà mẹ vì ngôi thai bất thường , không xác định"
O33,chăm sóc bà mẹ vì bất tương xứng hay nghi ngờ có bất tương xứng
O33.0,chăm sóc bà mẹ vì bất tương xứng do biến dạng khung xương chậu
O28.2,các phát hiện bất thường tế bào học của bà mẹ phát hiện khi khám thai
O28.3,các phát hiện bất thường siêu âm của bà mẹ khi khám thai
O29.3,phản ứng ngộ độc do gây tê tại chỗ trong khi có thai
O29.4,đau đầu do gây tê tủy sống và ngoài màng cứng trong khi có thai
O29.5,biến chứng khác của gây tê tủy sống và ngoài màng cứng trong khi có thai
O29.6,không đặt được hay khó đặt nội khí quản trong khi có thai
O29.8,biến chứng khác của gây mê trong khi có thai
O29.9,"các biến chứng khác của gây mê trong khi có thai , không xác định"
O30,đa thai
O30.0,song thai
O28.8,các phát hiện bất thường khác của bà mẹ khi khám thai
O28.9,"các phát hiện bất thường ở bà mẹ khi khám thai , không đặc hiệu"
O29,các biến chứng của gây mê trong thời gian thai kỳ
O33.5,chăm sóc bà mẹ vì bất tương xứng do thai to bất thường
O33.6,chăm sóc bà mẹ vì bất tương xứng do thai bị não úng thủy
O33.7,chăm sóc bà mẹ vì bất tương xứng do các dị dạng của thai khác
O33.8,chăm sóc bà mẹ vì bất tương xứng do các nguyên nhân khác
O33.9,"chăm sóc bà mẹ vì bất tương xứng , không xác định"
O34,chăm sóc bà mẹ do hoặc nghi do bất thường ở các tạng trong vùng chậu
O34.0,chăm sóc bà mẹ vì tử cung bị dị dạng bẩm sinh
O26.5,hội chứng hạ huyết áp bà mẹ
O26.6,"rối loạn tại gan trong khi mang thai , khi đẻ và sau đẻ"
O31.2,thai kỳ tiếp tục tiến triển sau khi một hay nhiều thai bị chết lưu
O31.8,biến chứng xác định khác do đa thai
O32,chăm sóc bà mẹ vì ngôi thai bất thường hay nghi ngờ bất thường
O32.0,chăm sóc bà mẹ vì ngôi thai không ổn định
O32.1,chăm sóc bà mẹ vì ngôi mông
O32.2,chăm sóc sản khoa vì ngôi vai hay ngôi chếch
O28.4,các phát hiện bất thường x quang của bà mẹ khi khám thai
O28.5,các phát hiện bất thường nhiễm sắc thể và di truyền của bà mẹ khi khám thai
O98.7,"bệnh do virus gây suy giảm miễn dịch ở người ( hiv ) gây biến chứng cho thai kỳ , khi đẻ và sau đẻ"
O98.8,"bệnh nhiễm khuẩn và nhiễm ký sinh trùng khác của bà mẹ gây biến chứng cho thai kỳ , khi đẻ và sau khi đẻ"
M73.86*,"rối loạn mô mềm khác trong những bệnh phân loại nơi khác , cẳng chân"
M73.87*,"rối loạn mô mềm khác trong những bệnh phân loại nơi khác , cổ và bàn chân"
M80.45,"loãng xương do thuốc có kèm gãy xương bệnh lý , vùng chậu và đùi"
M80.46,"loãng xương do thuốc có kèm gãy xương bệnh lý , cẳng chân"
M80.47,"loãng xương do thuốc có kèm gãy xương bệnh lý , cổ và bàn chân"
M82.86*,"loãng xương trong các bệnh phân loại nơi khác , cẳng chân"
M82.87*,"loãng xương trong các bệnh phân loại nơi khác , cổ và bàn chân"
M82.83*,"loãng xương trong các bệnh phân loại nơi khác , cẳng tay"
M82.84*,"loãng xương trong các bệnh phân loại nơi khác , bàn tay"
M82.85*,"loãng xương trong các bệnh phân loại nơi khác , vùng chậu và đùi"
M82.8*,loãng xương trong các bệnh phân loại nơi khác
M82.80*,"loãng xương trong các bệnh phân loại nơi khác , nhiều vị trí"
M82.81*,"loãng xương trong các bệnh phân loại nơi khác , vùng bả vai"
M82.82*,"loãng xương trong các bệnh phân loại nơi khác , cánh tay"
M82.08*,"loãng xương trong bệnh đa u tủy xương ( c90 . 0 † ) , vị trí khác"
M82.09*,"loãng xương trong bệnh đa u tủy xương ( c90 . 0 † ) , vị trí không xác định"
M82.1*,loãng xương trong các bệnh nội tiết ( e00 - e34 † )
M82.10*,"loãng xương trong các bệnh nội tiết ( e00 - e34 † ) , nhiều vị trí"
M82.88*,"loãng xương trong các bệnh phân loại nơi khác , vị trí khác"
M82.89*,"loãng xương trong các bệnh phân loại nơi khác , vị trí không xác định"
M83,nhuyễn xương người lớn
M83.0,nhuyễn xương sau đẻ
M83.00,"nhuyễn xương sau đẻ , nhiều vị trí"
M82.11*,"loãng xương trong các bệnh nội tiết ( e00 - e34 † ) , vùng bả vai"
M82.12*,"loãng xương trong các bệnh nội tiết ( e00 - e34 † ) , cánh tay"
M82.13*,"loãng xương trong các bệnh nội tiết ( e00 - e34 † ) , cẳng tay"
M82.14*,"loãng xương trong các bệnh nội tiết ( e00 - e34 † ) , bàn tay"
M82.15*,"loãng xương trong các bệnh nội tiết ( e00 - e34 † ) , vùng chậu và đùi"
M82.16*,"loãng xương trong các bệnh nội tiết ( e00 - e34 † ) , cẳng chân"
M82.17*,"loãng xương trong các bệnh nội tiết ( e00 - e34 † ) , cổ và bàn chân"
M82.18*,"loãng xương trong các bệnh nội tiết ( e00 - e34 † ) , vị trí khác"
M82.19*,"loãng xương trong các bệnh nội tiết ( e00 - e34 † ) , vị trí không xác định"
M71.47,"lắng đọng calci ở túi thanh mạc , cổ và bàn chân"
M70.82,"các bệnh mô mềm khác liên quan đến vận động , vận động quá mức và bị chèn ép , cánh tay"
M70.83,"các bệnh mô mềm khác liên quan đến vận động , vận động quá mức và bị chèn ép , cẳng tay"
M70.84,"các bệnh mô mềm khác liên quan đến vận động , vận động quá mức và bị chèn ép , bàn tay"
M71.36,"nang túi thanh mạc khác , cẳng chân"
M71.37,"nang túi thanh mạc khác , cổ và bàn chân"
M71.38,"nang túi thanh mạc khác , vị trí khác"
M71.39,"nang túi thanh mạc khác , vị trí không xác định"
M71.4,lắng đọng calci ở túi thanh mạc
M71.83,"các bệnh túi thanh mạc đặc hiệu khác , cẳng tay"
M71.84,"các bệnh túi thanh mạc đặc hiệu khác , bàn tay"
M71.85,"các bệnh túi thanh mạc đặc hiệu khác , vùng chậu và đùi"
M71.55,"các chứng viêm túi thanh mạc khác , không phân loại nơi khác , vùng chậu và đùi"
M71.56,"các chứng viêm túi thanh mạc khác , không phân loại nơi khác , cẳng chân"
M71.57,"các chứng viêm túi thanh mạc khác , không phân loại nơi khác , cổ và bàn chân"
M71.46,"lắng đọng calci ở túi thanh mạc , cẳng chân"
M71.59,"các chứng viêm túi thanh mạc khác , không phân loại nơi khác , vị trí không xác định"
M71.8,các bệnh túi thanh mạc đặc hiệu khác
M71.80,"các bệnh túi thanh mạc đặc hiệu khác , nhiều vị trí"
M71.81,"các bệnh túi thanh mạc đặc hiệu khác , vùng bả vai"
M71.82,"các bệnh túi thanh mạc đặc hiệu khác , cánh tay"
M71.86,"các bệnh túi thanh mạc đặc hiệu khác , cẳng chân"
M71.87,"các bệnh túi thanh mạc đặc hiệu khác , cổ và bàn chân"
M71.88,"các bệnh túi thanh mạc đặc hiệu khác , vị trí khác"
M71.89,"các bệnh túi thanh mạc đặc hiệu khác , vị trí không xác định"
M71.9,bệnh túi thanh mạc không đặc hiệu
M71.90,"bệnh túi thanh mạc không đặc hiệu , nhiều vị trí"
M71.91,"bệnh túi thanh mạc không đặc hiệu , vùng bả vai"
M71.92,"bệnh túi thanh mạc không đặc hiệu , cánh tay"
M71.93,"bệnh túi thanh mạc không đặc hiệu , cẳng tay"
M71.94,"bệnh túi thanh mạc không đặc hiệu , bàn tay"
M71.95,"bệnh túi thanh mạc không đặc hiệu , vùng chậu và đùi"
M71.96,"bệnh túi thanh mạc không đặc hiệu , cẳng chân"
M71.97,"bệnh túi thanh mạc không đặc hiệu , cổ và bàn chân"
M71.98,"bệnh túi thanh mạc không đặc hiệu , vị trí khác"
M71.99,"bệnh túi thanh mạc không đặc hiệu , vị trí không xác định"
M72,các bệnh nguyên bào sợi
M71.49,"lắng đọng calci ở túi thanh mạc , vị trí không xác định"
M71.5,"các chứng viêm túi thanh mạc khác , không phân loại nơi khác"
M71.50,"các chứng viêm túi thanh mạc khác , không phân loại nơi khác , nhiều vị trí"
M71.52,"các chứng viêm túi thanh mạc khác , không phân loại nơi khác , cánh tay"
M71.53,"các chứng viêm túi thanh mạc khác , không phân loại nơi khác , cẳng tay"
M71.54,"các chứng viêm túi thanh mạc khác , không phân loại nơi khác , bàn tay"
N84.2,polyp âm đạo
N84.3,polyp âm hộ
N84.8,polyp các phần khác đường sinh dục nữ
O14.0,tiền sản giật thể nhẹ đến trung bình
O14.1,tiền sản giật thể nặng
O14.2,"hội chứng hellp ( sự kết hợp của tan máu , tăng men gan và giảm tiểu cầu )"
O08.3,"sốc sau sảy thai , thai ngoài tử cung hay thai trứng"
O08.4,"suy thận sau sảy thai , thai ngoài tử cung hay thai trứng"
O08.5,"rối loạn chuyển hóa sau sảy thai , thai ngoài tử cung hay thai trứng"
O08.6,"tổn thương các tạng và tổ chức ở tiểu khung sau sảy thai , thai ngoài tử cung hay thai trứng"
N76.8,viêm âm đạo và âm hộ xác định khác
N77*,"viêm và loét âm đạo , âm hộ trong bệnh phân loại nơi khác"
O12.0,phù thai kỳ
O12.1,protein niệu thai kỳ
O12.2,phù và protein niệu thai kỳ
O10.1,"bệnh tim do tăng huyết áp có sẵn gây biến chứng cho thai kỳ , khi đẻ và sau khi đẻ"
O10.2,"bệnh thận do tăng huyết áp có sẵn gây biến chứng cho thai kỳ , khi đẻ và sau khi đẻ"
O10.9,"tăng huyết áp có sẵn không đặc hiệu gây biến chứng cho thai kỳ , khi đẻ và sau khi đẻ"
O11,tiền sản giật kèm theo tăng huyết áp mạn tính
O12,phù khi thai kỳ ( do thai kỳ gây ra ) và protein niệu mà không có tăng huyết áp
O10.3,"bệnh tim và thận do tăng huyết áp có sẵn gây biến chứng cho thai kỳ , khi đẻ và sau khi đẻ"
O10.4,"tăng huyết áp thứ phát có sẵn gây biến chứng cho thai kỳ , khi đẻ và sau khi đẻ"
O14.9,"tiền sản giật , không đặc hiệu"
O15,sản giật
O15.0,sản giật khi có thai
O15.1,sản giật trong khi chuyển dạ
O15.2,sản giật trong thời kỳ sau đẻ
O13,tăng huyết áp thai kỳ ( do thai kỳ gây ra )
O14,tăng huyết áp thai kỳ kèm protein niệu ( tiền sản giật )
O08.7,"biến chứng tĩnh mạch khác sau sảy thai , thai ngoài tử cung hay thai trứng"
O08.8,"biến chứng khác sau sảy thai , thai ngoài tử cung hay thai trứng"
O08.9,"biến chứng sau sảy thai , thai ngoài tử cung hay thai trứng , không xác định"
O10,"tăng huyết áp có sẵn gây biến chứng cho thai kỳ , cuộc đẻ và sau khi đẻ"
O10.0,"tăng huyết áp vô căn ( nguyên phát ) có sẵn gây biến chứng cho thai kỳ , khi đẻ và sau khi đẻ"
O22.3,viêm tắc tĩnh mạch sâu trong khi có thai
O22.4,trĩ trong khi có thai
O22.5,huyết khối tĩnh mạch não trong khi có thai
O22.8,biến chứng tĩnh mạch khác trong khi có thai
O22.9,"biến chứng tĩnh mạch trong khi có thai , không đặc hiệu"
O23,nhiễm khuẩn đường tiết niệu - sinh dục trong khi có thai
O23.2,nhiễm khuẩn niệu đạo trong khi có thai
O23.3,nhiễm khuẩn phần khác của đường tiết niệu trong khi có thai
O21.0,nôn nghén thể trung bình
O21.1,nôn nghén có rối loạn chuyển hóa
O21.2,nôn muộn trong khi có thai
O21.8,các nôn khác gây biến chứng cho thai kỳ
O15.9,"sản giật , không xác định thời kỳ xảy ra"
O16,tăng huyết áp bà mẹ không xác định
O20,ra máu trong thời kỳ đầu thai kỳ
O20.0,dọa sảy thai
O20.8,các ra máu khác trong thời kỳ đầu thai kỳ
O23.4,nhiễm khuẩn đường tiết niệu không xác định trong khi có thai
O23.5,nhiễm khuẩn đường sinh dục trong khi có thai
O21.9,"nôn trong khi có thai , không đặc hiệu"
O22,biến chứng tĩnh mạch khi mang thai
O22.0,giãn tĩnh mạch chi dưới trong khi có thai
O22.1,giãn tĩnh mạch sinh dục trong khi có thai
O22.2,viêm tắc tĩnh mạch nông trong khi có thai
O23.0,nhiễm khuẩn thận trong thai kỳ
O23.1,nhiễm khuẩn bàng quang trong khi có thai
O20.9,"ra máu trong thời kỳ đầu thai kỳ , không đặc hiệu"
O21,nôn quá mức trong thai kỳ
N95.0,chảy máu sau mãn kinh
N95.1,tình trạng mãn kinh nữ
N95.2,viêm teo âm đạo sau mãn kinh
N95.3,tình trạng liên quan đến mãn kinh nhân tạo
N95.8,"rối loạn mãn kinh và chu mãn kinh , không đặc hiệu khác"
O03.0,"sảy thai tự nhiên , không hoàn toàn , gây biến chứng nhiễm khuẩn đường sinh dục và tiểu khung"
O03.1,"sảy thai tự nhiên , không hoàn toàn , gây biến chứng ra máu nhiều hay kéo dài"
N97.4,vô sinh nữ liên quan đến các yếu tố nam
N97.8,vô sinh nữ liên quan đến các yếu tố khác
N97.9,"vô sinh nữ , không đặc hiệu"
N98,biến chứng liên quan đến thụ thai nhân tạo
N98.0,nhiễm khuẩn liên quan đến thụ tinh nhân tạo
N99.9,"rối loạn sau phẫu thuật , thủ thuật của hệ sinh dục tiết niệu , không đặc hiệu"
O00,thai ngoài tử cung
O00.0,thai trong ổ bụng
O00.1,thai ở vòi tử cung
O00.2,thai ở buồng trứng
O02.1,sảy thai sót
O02.8,bất thường xác định khác của trứng
O02.9,"bất thường khác trong thụ thai , không đặc hiệu"
O03,sảy thai tự nhiên
O00.8,thai ngoài tử cung khác
O00.9,"thai ngoài tử cung , không xác định"
O01,thai trứng
O01.0,thai trứng cổ điển
O01.1,thai trứng không hoàn toàn và bán phần
O01.9,"thai trứng , không xác định"
O02,các sản phẩm bất thường khác của thụ thai
O02.0,trứng thoái triển và thai trứng không có nang
N98.8,biến chứng khác liên quan đến thụ thai nhân tạo
N98.9,"biến chứng liên quan đến thụ thai nhân tạo , không đặc hiệu"
N99,"các rối loạn sau phẫu thuật , thủ thuật của hệ sinh dục tiết niệu , không phân loại nơi khác"
N99.0,"suy thận sau phẫu thuật , thủ thuật"
N99.1,"hẹp niệu đạo sau phẫu thuật , thủ thuật"
N99.2,dính âm đạo sau phẫu thuật
N99.3,sa vòm âm đạo sau cắt tử cung
N99.4,"dính phúc mạc chậu sau phẫu thuật , thủ thuật"
N99.5,hoạt động kém của các lỗ thông ra ngoài của đường tiết niệu
N99.8,"rối loạn sau phẫu thuật , thủ thuật khác của hệ sinh dục tiết niệu"
N97.1,vô sinh nữ do nguyên nhân vòi trứng
N97.2,vô sinh nữ do nguyên nhân tử cung
N97.3,vô sinh nữ do nguyên nhân cổ tử cung
N98.1,cường kích thích các buồng trứng
N98.2,biến chứng do đưa vào trứng đã thụ tinh trong quá trình thụ tinh trong ống nghiệm
N98.3,biến chứng do đưa phôi vào trong quá trình chuyển phôi
N84.0,polyp thân tử cung
N84.1,polyp cổ tử cung
O06.2,"phá thai không xác định , không hoàn toàn , gây biến chứng thuyên tắc mạch"
O06.3,"phá thai không xác định , không hoàn toàn , gây biến chứng khác và không xác định"
O06.4,"phá thai không xác định , không hoàn toàn , không có biến chứng"
O06.5,"phá thai không xác định , hoàn toàn hoặc không xác định , gây biến chứng nhiễm khuẩn đường sinh dục và tiểu khung"
O06.6,"phá thai không xác định , hoàn toàn hoặc không xác định , gây biến chứng ra máu chậm và nhiều quá mức"
O06.7,"phá thai không xác định , hoàn toàn hoặc không xác định , gây biến chứng thuyên tắc mạch"
O06.8,"phá thai không xác định , hoàn toàn hoặc không xác định , gây biến chứng khác và không xác định"
O06.9,"phá thai không xác định , hoàn toàn hoặc không xác định , không có biến chứng"
O07,phá thai thất bại
O07.0,"phá thai nội khoa thất bại , gây biến chứng nhiễm khuẩn đường sinh dục và tiểu khung"
O03.2,"sảy thai tự nhiên , không hoàn toàn , gây biến chứng thuyên tắc mạch"
O03.3,"sảy thai tự nhiên , không hoàn toàn , gây biến chứng khác và không xác định"
O03.4,"sảy thai tự nhiên , không hoàn toàn , không có biến chứng"
O04.0,"phá thai nội khoa , không hoàn toàn , gây biến chứng nhiễm khuẩn đường sinh dục và tiểu khung"
O04.1,"phá thai nội khoa , không hoàn toàn , gây biến chứng ra máu nhiều hay kéo dài"
O04.2,"phá thai nội khoa , không hoàn toàn , gây biến chứng thuyên tắc mạch"
O04.3,"phá thai nội khoa , không hoàn toàn , gây biến chứng khác và không xác định"
O04.4,"phá thai nội khoa , không hoàn toàn , không có biến chứng"
O03.7,"sảy thai tự nhiên , hoàn toàn hoặc không xác định , gây biến chứng thuyên tắc mạch"
O03.8,"sảy thai tự nhiên , hoàn toàn hoặc không xác định , gây biến chứng khác và không xác định"
O03.9,"sảy thai tự nhiên , hoàn toàn hoặc không xác định , không có biến chứng"
O04,phá thai nội khoa
O07.7,"phá thai nội khoa thất bại khác không xác định , gây biến chứng thuyên tắc mạch"
O07.8,"phá thai nội khoa thất bại khác , có biến chứng khác và không xác định"
O07.9,"phá thai nội khoa thất bại khác và không xác định , không có biến chứng"
O08,"biến chứng sau sảy thai , thai ngoài tử cung và thai trứng"
O08.0,"nhiễm khuẩn đường sinh dục và tiểu khung sau sảy thai , thai ngoài tử cung và thai trứng"
O08.1,"ra máu kéo dài hay quá nhiều sau sảy thai , thai ngoài tử cung và thai trứng"
O08.2,"thuyên tắc mạch sau sảy thai , thai ngoài tử cung hay thai trứng"
O03.5,"sảy thai tự nhiên , hoàn toàn hoặc không xác định , gây biến chứng nhiễm khuẩn đường sinh dục và tiểu khung"
O03.6,"sảy thai tự nhiên , hoàn toàn hoặc không xác định , gây biến chứng ra máu chậm và nhiều quá mức"
O07.1,"phá thai nội khoa thất bại , gây biến chứng ra máu chậm hoặc nhiều quá mức"
O07.2,"phá thai nội khoa thất bại , gây biến chứng thuyên tắc mạch"
O07.3,"phá thai nội khoa thất bại , gây biến chứng khác và không xác định"
O07.4,"phá thai nội khoa thất bại , không có biến chứng"
O07.5,"phá thai nội khoa thất bại khác , không xác định gây biến chứng nhiễm khuẩn đường sinh dục và tiểu khung"
O07.6,"phá thai nội khoa thất bại khác không xác định , gây biến chứng ra máu chậm và nhiều quá mức"
O05.3,"phá thai khác ( không hoàn toàn , gây biến chứng không xác định )"
O05.4,"phá thai khác , không hoàn toàn , không có biến chứng"
O05.5,"phá thai khác , hoàn toàn hoặc không xác định , gây biến chứng nhiễm khuẩn đường sinh dục và tiểu khung"
O05.6,"phá thai khác , hoàn toàn hoặc không xác định , gây biến chứng ra máu chậm và nhiều quá mức"
O05.7,"phá thai khác , hoàn toàn hoặc không xác định , gây biến chứng thuyên tắc mạch"
O05.8,"phá thai khác , hoàn toàn hoặc không xác định , gây biến chứng khác và không xác định"
O05.9,"phá thai khác , hoàn toàn hoặc không xác định , không có biến chứng"
O06,phá thai không xác định
O06.0,"phá thai không xác định , không hoàn toàn , gây biến chứng nhiễm khuẩn đường sinh dục và tiểu khung"
O06.1,"phá thai không xác định , không hoàn toàn , gây biến chứng ra máu nhiều hay kéo dài"
O04.5,"phá thai nội khoa , hoàn toàn hoặc không xác định , gây biến chứng nhiễm khuẩn đường sinh dục và tiểu khung"
O04.6,"phá thai nội khoa , hoàn toàn hoặc không xác định , gây biến chứng ra máu chậm và nhiều quá mức"
O04.7,"phá thai nội khoa , hoàn toàn hoặc không xác định , gây biến chứng thuyên tắc mạch"
O04.8,"phá thai nội khoa , hoàn toàn hoặc không xác định , gây biến chứng khác và không xác định"
O04.9,"phá thai nội khoa , hoàn toàn hoặc không xác định , không có biến chứng"
O05,phá thai khác
O05.0,"phá thai khác , không hoàn toàn , gây biến chứng nhiễm khuẩn đường sinh dục và tiểu khung"
O05.1,"phá thai khác , không hoàn toàn , gây biến chứng ra máu nhiều hay kéo dài"
O05.2,"phá thai khác , không hoàn toàn , gây biến chứng thuyên tắc mạch"
N92.0,kinh nguyệt nhiều và hay xuất hiện với chu kỳ đều
N92.1,kinh nguyệt nhiều và hay xuất hiện với chu kỳ không đều
N87,loạn sản cổ tử cung
N87.0,loạn sản nhẹ cổ tử cung
N87.1,loạn sản vừa cổ tử cung
N87.2,"loạn sản nặng cổ tử cung , không phân loại nơi khác"
N87.9,"loạn sản cổ tử cung , không đặc hiệu"
N88,các biến đổi không do viêm khác của cổ tử cung
N94.0,đau giữa kỳ kinh ( hội chứng mittelschmerz )
N94.1,đau lúc giao hợp
N94.2,co đau âm đạo
N94.3,hội chứng căng thẳng trước khi thấy kinh
N94.4,đau kinh nguyên phát
N94.5,đau kinh thứ phát
N94.6,"đau kinh , không đặc hiệu"
N94.8,các tình trạng xác định khác liên quan đến cơ quan sinh dục nữ và chu kỳ kinh nguyệt
N92.5,kinh nguyệt không đều khác
N92.6,"kinh nguyệt không đều , không đặc hiệu"
N93,chảy máu bất thường khác của tử cung và âm đạo
N93.9,"chảy máu bất thường của tử cung và âm đạo , không đặc hiệu"
N94,đau và tình trạng khác liên quan đến cơ quan sinh dục nữ và chu kỳ kinh nguyệt
N92.2,rong kinh lúc dậy thì
N92.3,chảy máu lúc rụng trứng
N92.4,chảy máu nặng lúc tiền mãn kinh
N95.9,"rối loạn mãn kinh và chu mãn kinh , không đặc hiệu"
N96,hay sảy thai
N97,vô sinh nữ
N97.0,vô sinh nữ liên quan đến không rụng trứng
N94.9,tình trạng không xác định liên quan đến cơ quan sinh dục nữ và chu kỳ kinh nguyệt
N95,rối loạn mãn kinh và rối loạn tiền mãn kinh
N93.0,chảy máu sau tiếp xúc và giao hợp
N93.8,chảy máu bất thường xác định khác của tử cung và âm đạo
N91,"vô kinh , thiểu kinh , hiếm kinh"
N91.0,vô kinh nguyên phát
N91.1,vô kinh thứ phát
N91.2,"vô kinh , không đặc hiệu"
N91.3,thiểu kinh nguyên phát
N89.4,bạch sản âm đạo
N89.5,hẹp và tịt âm đạo
N89.6,vòng màng trinh hẹp
N89.7,ứ máu âm đạo
N85.2,phì đại tử cung
N85.3,bán co tử cung
N85.4,tư thế lệch của tử cung
N85.5,lộn tử cung
N85.6,dính trong tử cung
N88.0,bạch sản cổ tử cung
N88.1,rách cũ cổ tử cung
N88.2,hẹp và chít hẹp cổ tử cung
N88.3,suy cổ tử cung
N88.4,cổ tử cung bị kéo dài do phì đại
N91.4,thiểu kinh thứ phát
N91.5,thiểu kinh không đặc hiệu
N92,"kinh nguyệt nhiều , hay xuất hiện và không đều"
N75.0,nang tuyến bartholin
N75.1,áp xe tuyến bartholin
N75.8,các bệnh khác của tuyến bartholin
N90.6,phì đại âm hộ
N90.7,nang âm hộ
N90.8,biến đổi không do viêm xác định khác của âm hộ và tầng sinh môn
N90.9,"biến đổi không do viêm của âm hộ và tầng sinh môn , không đặc hiệu"
N90.0,loạn sản nhẹ âm hộ
N90.1,loạn sản vừa âm hộ
N90.2,"loạn sản nặng âm hộ , không phân loại nơi khác"
N90.3,"loạn sản âm hộ , không đặc hiệu"
N90.4,bạch sản âm hộ
N90.5,teo âm hộ
N89.8,các biến đổi không do viêm xác định khác của âm đạo
N89.9,"biến đổi không do viêm của âm đạo , không đặc hiệu"
N90,biến đổi không do viêm khác của âm hộ và tầng sinh môn
N88.8,biến đổi không do viêm xác định khác của cổ tử cung
N88.9,"biến đổi không do viêm của cổ tử cung , không đặc hiệu"
N89,biến đổi không do viêm khác của âm đạo
N89.0,loạn sản âm đạo nhẹ
N89.1,loạn sản âm đạo vừa
N89.2,"loạn sản âm đạo nặng , không phân loại nơi khác"
N89.3,"loạn sản âm đạo , không đặc hiệu"
N83.6,vòi trứng ứ máu
N83.7,ứ máu dây chằng rộng
N83.8,"các biến đổi không do viêm khác của buồng trứng , vòi trứng và dây chằng rộng"
N83.9,"biến đổi không do viêm của buồng trứng , vòi trứng và dây chằng rộng , không đặc hiệu"
N84,polyp đường sinh dục nữ
N70.0,viêm vòi và viêm buồng trứng cấp
N70.1,viêm vòi và viêm buồng trứng mạn
N74.3*,viêm lậu vùng chậu nữ ( a54 . 2 † )
N74.4*,viêm vùng chậu nữ do chlamydia ( a56 . 1 † )
N74.8*,bệnh lý viêm vùng chậu nữ trong các bệnh phân loại nơi khác
N75,bệnh của tuyến bartholin
N80.3,bệnh lạc nội mạc tử cung ở phúc mạc chậu
N80.4,bệnh lạc nội mạc tử cung ở vách trực tràng âm đạo và âm đạo
N80.5,bệnh lạc nội mạc tử cung ở ruột
N85.7,ứ máu tử cung
N85.8,biến đổi khác xác định của tử cung không do viêm
N85.9,"biến đổi của tử cung không do viêm , không đặc hiệu"
N86,xước và lộn niêm mạc cổ tử cung
N84.9,"polyp đường sinh dục nữ , không đặc hiệu"
N85,các biến đổi không do viêm khác của tử cung trừ cổ tử cung
N85.0,tăng sản tuyến nội mạc
N85.1,tăng sản u tuyến nội mạc tử cung
N83,"các biến đổi không do viêm của buồng trứng , vòi trứng và dây chằng rộng"
N83.0,u nang buồng trứng
N83.1,u nang hoàng thể
N83.2,các u nang buồng trứng khác và không đặc hiệu
N81.8,sa sinh dục nữ khác
N81.9,"sa sinh dục nữ , không đặc hiệu"
N82,rò đường sinh dục nữ
N82.0,rò bàng quang âm đạo
N73.1,viêm mô cận tử cung và viêm mô tế bào vùng chậu mạn
N73.2,viêm mô cận tử cung và viêm mô tế bào vùng chậu không đặc hiệu
N73.3,viêm phúc mạc vùng chậu nữ cấp
N73.4,viêm phúc mạc vùng chậu nữ mạn
N73.5,"viêm phúc mạc vùng chậu nữ , không đặc hiệu"
N83.3,teo buồng trứng và vòi trứng mắc phải
N83.4,thoát vị và sa buồng trứng và vòi trứng
N83.5,"xoắn buồng trứng , xoắn cuống phần phụ , xoắn vòi trứng"
N77.8*,viêm và loét âm đạo âm hộ trong các bệnh khác phân loại nơi khác
N80,bệnh lạc nội mạc tử cung
N80.0,bệnh lạc nội mạc tử cung
N80.1,bệnh lạc nội mạc tử cung ở buồng trứng
N80.2,bệnh lạc nội mạc tử cung ở vòi trứng
N70.9,"viêm vòi và buồng trứng , không đặc hiệu"
N71,"viêm tử cung , trừ cổ tử cung"
N71.0,viêm tử cung cấp
N71.1,viêm tử cung mạn
N81.2,sa tử cung âm đạo không hoàn toàn
N81.3,sa hoàn toàn tử cung âm đạo
N81.4,"sa tử cung âm đạo , không đặc hiệu"
N81.5,thoát vị ruột trong âm đạo
N81.6,thoát vị thành trực tràng
N80.6,bệnh lạc nội mạc tử cung ở sẹo da
N80.8,bệnh lạc nội mạc tử cung khác
N80.9,"bệnh lạc nội mạc tử cung , không đặc hiệu"
N81,sa sinh dục nữ
N81.0,sa niệu đạo nữ
N81.1,sa bàng quang
N77.0*,loét âm hộ trong các bệnh nhiễm khuẩn và ký sinh trùng phân loại nơi khác
N77.1*,"viêm âm đạo , viêm âm hộ và viêm âm đạo âm hộ trong các bệnh nhiễm khuẩn và ký sinh trùng phân loại nơi khác"
N71.9,"viêm tử cung , không đặc hiệu"
N72,viêm cổ tử cung
N73,các bệnh viêm vùng chậu nữ khác
N73.0,viêm mô cận tử cung và viêm mô tế bào vùng chậu
N76.4,áp xe âm hộ
N76.5,loét âm đạo
N76.6,loét âm hộ
N75.9,"bệnh tuyến bartholin , không đặc hiệu"
N76,các viêm khác của âm đạo và âm hộ
N82.1,các rò tiết niệu - sinh dục nữ khác
N82.2,rò âm đạo vào ruột non
N82.3,rò âm đạo vào ruột già
N82.4,các rò đường sinh dục nữ - ruột khác
N82.5,rò đường sinh dục nữ ra da
N82.8,các rò đường sinh dục nữ khác
N82.9,"rò đường sinh dục nữ , không đặc hiệu"
N73.6,dính phúc mạc vùng chậu nữ
N73.8,các bệnh viêm vùng chậu nữ xác định khác
N73.9,"viêm vùng chậu nữ , không đặc hiệu"
N74*,viêm vùng chậu nữ trong các bệnh phân loại nơi khác
N74.0*,lao cổ tử cung ( a18 . 1 † )
N74.1*,viêm lao vùng chậu nữ ( a18 . 1 † )
N74.2*,"viêm giang mai vùng chậu nữ ( a51 . 4 † , a52 . 7 † )"
M46.53,"các bệnh nhiễm khuẩn khác của thân đốt sống , vùng cổ lưng"
M46.54,"các bệnh nhiễm khuẩn khác của thân đốt sống , vùng ngực"
M46.55,"các bệnh nhiễm khuẩn khác của thân đốt sống , vùng ngực thắt lưng"
M43.52,"các bán trật đốt sống hay tái diễn khác , vùng cổ"
M43.53,"các bán trật đốt sống hay tái diễn khác , vùng cổ lưng"
M43.54,"các bán trật đốt sống hay tái diễn khác , vùng ngực"
M43.55,"các bán trật đốt sống hay tái diễn khác , vùng ngực thắt lưng"
M43.26,"dính đốt sống khác , vùng thắt lưng"
M43.27,"dính đốt sống khác , vùng thắt lưng - cùng"
M43.28,"dính đốt sống khác , vùng cùng và cùng cụt"
M43.29,"dính đốt sống khác , vị trí không xác định"
M43.3,bán trật khớp trục - đội hay tái diễn có tổn thương tủy sống
M43.00,"khuyết eo đốt sống , nhiều vị trí cột sống"
M43.01,"khuyết eo đốt sống , vùng chẩm - trục - đội"
M43.02,"khuyết eo đốt sống , vùng cổ"
M43.03,"khuyết eo đốt sống , vùng cổ lưng"
M46.50,"các bệnh nhiễm khuẩn khác của thân đốt sống , nhiều vị trí cột sống"
M46.51,"các bệnh nhiễm khuẩn khác của thân đốt sống , vùng chẩm - trục - đội"
M46.52,"các bệnh nhiễm khuẩn khác của thân đốt sống , vùng cổ"
M46.83,"các bệnh viêm khác của thân đốt sống , được xác định , vùng cổ lưng"
M46.84,"các bệnh viêm khác của thân đốt sống , được xác định , vùng ngực"
M46.85,"các bệnh viêm khác của thân đốt sống , được xác định , vùng ngực thắt lưng"
M46.86,"các bệnh viêm khác của thân đốt sống , được xác định , vùng thắt lưng"
M46.89,"các bệnh viêm khác của thân đốt sống , được xác định , vị trí không xác định"
M46.9,viêm đốt sống không đặc hiệu
M46.90,"viêm đốt sống không đặc hiệu , nhiều vị trí cột sống"
M46.91,"viêm đốt sống không đặc hiệu , vùng chẩm - trục - đội"
M46.92,"viêm đốt sống không đặc hiệu , vùng cổ"
M46.93,"viêm đốt sống không đặc hiệu , vùng cổ lưng"
M46.94,"viêm đốt sống không đặc hiệu , vùng ngực"
M46.95,"viêm đốt sống không đặc hiệu , vùng ngực thắt lưng"
M46.96,"viêm đốt sống không đặc hiệu , vùng thắt lưng"
M46.97,"viêm đốt sống không đặc hiệu , vùng thắt lưng - cùng"
M46.98,"viêm đốt sống không đặc hiệu , vùng cùng và cùng cụt"
M46.99,"viêm đốt sống không đặc hiệu , vị trí không xác định"
M47,thoái hóa cột sống
M46.87,"các bệnh viêm khác của thân đốt sống , được xác định , vùng thắt lưng - cùng"
M46.88,"các bệnh viêm khác của thân đốt sống , được xác định , vùng cùng và cùng cụt"
M46.59,"các bệnh nhiễm khuẩn khác của thân đốt sống , vị trí không xác định"
M46.8,"các bệnh viêm khác của thân đốt sống , được xác định"
M46.80,"các bệnh viêm khác của thân đốt sống , được xác định , nhiều vị trí cột sống"
M46.81,"các bệnh viêm khác của thân đốt sống , được xác định , vùng chẩm - trục - đội"
M46.82,"các bệnh viêm khác của thân đốt sống , được xác định , vùng cổ"
M47.0†,hội chứng chèn ép động mạch sống và động mạch gai sống trước ( g99 . 2 * )
M47.1,thoái hóa cột sống khác kèm tổn thương tủy sống
M85.84,"những rối loạn đặc hiệu khác về mật độ và cấu trúc của xương , bàn tay"
M85.85,"những rối loạn đặc hiệu khác về mật độ và cấu trúc của xương , vùng chậu và đùi"
M85.42,"nang xương đơn độc , cánh tay"
M85.43,"nang xương đơn độc , cẳng tay"
M85.44,"nang xương đơn độc , bàn tay"
M85.45,"nang xương đơn độc , vùng chậu và đùi"
M85.53,"nang phình mạch của xương , cẳng tay"
M85.54,"nang phình mạch của xương , bàn tay"
M85.55,"nang phình mạch của xương , vùng chậu và đùi"
M85.66,"các nang khác của xương , cẳng chân"
M85.67,"các nang khác của xương , cổ và bàn chân"
M85.12,"bệnh nhiễm fluo xương , cánh tay"
M85.13,"bệnh nhiễm fluo xương , cẳng tay"
M85.14,"bệnh nhiễm fluo xương , bàn tay"
M85.15,"bệnh nhiễm fluo xương , vùng chậu và đùi"
M85.68,"các nang khác của xương , vị trí khác"
M85.69,"các nang khác của xương , vị trí không xác định"
M85.8,những rối loạn đặc hiệu khác về mật độ và cấu trúc của xương
M85.80,"những rối loạn đặc hiệu khác về mật độ và cấu trúc của xương , nhiều vị trí"
M85.94,"rối loạn về mật độ và cấu trúc của xương , không đặc hiệu , bàn tay"
M85.95,"rối loạn về mật độ và cấu trúc của xương , không đặc hiệu , vùng chậu và đùi"
M85.96,"rối loạn về mật độ và cấu trúc của xương , không đặc hiệu , cẳng chân"
M85.97,"rối loạn về mật độ và cấu trúc của xương , không đặc hiệu , cổ và bàn chân"
M85.98,"rối loạn về mật độ và cấu trúc của xương , không đặc hiệu , vị trí khác"
M85.99,"rối loạn về mật độ và cấu trúc của xương , không đặc hiệu , vị trí không xác định"
M86,viêm xương tủy
M85.88,"những rối loạn đặc hiệu khác về mật độ và cấu trúc của xương , vị trí khác"
M85.89,"những rối loạn đặc hiệu khác về mật độ và cấu trúc của xương , vị trí không xác định"
M85.9,"rối loạn về mật độ và cấu trúc của xương , không đặc hiệu"
M85.90,"rối loạn về mật độ và cấu trúc của xương , không đặc hiệu , nhiều vị trí"
M85.91,"rối loạn về mật độ và cấu trúc của xương , không đặc hiệu , vùng bả vai"
M85.92,"rối loạn về mật độ và cấu trúc của xương , không đặc hiệu , cánh tay"
M85.93,"rối loạn về mật độ và cấu trúc của xương , không đặc hiệu , cẳng tay"
M85.87,nhung tinh trang dac biet ve mat do va cau truc cua xuong co va ban chan
M85.86,"những rối loạn đặc hiệu khác về mật độ và cấu trúc của xương , cẳng chân"
M83.53,"các bệnh nhuyễn xương khác ở người lớn do thuốc , cẳng tay"
M83.54,"các bệnh nhuyễn xương khác ở người lớn do thuốc , bàn tay"
M83.55,"các bệnh nhuyễn xương khác ở người lớn do thuốc , vùng chậu và đùi"
M84.34,"gãy mỏi , không phân loại nơi khác , bàn tay"
M84.35,"gãy mỏi , không phân loại nơi khác , vùng chậu và đùi"
M84.36,"gãy mỏi , không phân loại nơi khác , cẳng chân"
M84.37,"gãy mỏi , không phân loại nơi khác , cổ và bàn chân"
M85.03,"loạn sản xơ xương ( khu trú ) , cẳng tay"
M85.04,"loạn sản xơ xương ( khu trú ) , bàn tay"
M85.05,"loạn sản xơ xương ( khu trú ) , vùng chậu và đùi"
M85.64,"các nang khác của xương , bàn tay"
M85.65,"các nang khác của xương , vùng chậu và đùi"
M85.58,"nang phình mạch của xương , vị trí khác"
M85.59,"nang phình mạch của xương , vị trí không xác định"
M85.6,các nang khác của xương
M85.60,"các nang khác của xương , nhiều vị trí"
M85.61,"các nang khác của xương , vùng bả vai"
M83.8,các bệnh nhuyễn xương khác ở người lớn
M83.80,"các bệnh nhuyễn xương khác ở người lớn , nhiều vị trí"
M83.81,"các bệnh nhuyễn xương khác ở người lớn , vùng bả vai"
M83.82,"các bệnh nhuyễn xương khác ở người lớn , cánh tay"
M83.83,"các bệnh nhuyễn xương khác ở người lớn , cẳng tay"
M83.84,"các bệnh nhuyễn xương khác ở người lớn , bàn tay"
M83.85,"các bệnh nhuyễn xương khác ở người lớn , vùng chậu và đùi"
M85.5,nang phình mạch của xương
M85.50,"nang phình mạch của xương , nhiều vị trí"
M85.51,"nang phình mạch của xương , vùng bả vai"
M85.52,"nang phình mạch của xương , cánh tay"
M85.56,"nang phình mạch của xương , cẳng chân"
M85.57,"nang phình mạch của xương , cổ và bàn chân"
M85.46,"nang xương đơn độc , cẳng chân"
M85.47,"nang xương đơn độc , cổ và bàn chân"
M85.48,"nang xương đơn độc , vị trí khác"
M85.49,"nang xương đơn độc , vị trí không xác định"
M85.62,"các nang khác của xương , cánh tay"
M85.63,"các nang khác của xương , cẳng tay"
M85.3,viêm xương dạng đặc
M85.30,"viêm xương dạng đặc , nhiều vị trí"
M85.31,"viêm xương dạng đặc , vùng bả vai"
M85.32,"viêm xương dạng đặc , cánh tay"
M85.33,"viêm xương dạng đặc , cẳng tay"
M84.44,"gãy xương bệnh lý , không phân loại nơi khác , bàn tay"
M84.45,"gãy xương bệnh lý , không phân loại nơi khác , vùng chậu và đùi"
M84.46,"gãy xương bệnh lý , không phân loại nơi khác , cẳng chân"
M84.47,"gãy xương bệnh lý , không phân loại nơi khác , cổ và bàn chân"
M83.94,"các bệnh nhuyễn xương ở người lớn không đặc hiệu , bàn tay"
M83.95,"các bệnh nhuyễn xương ở người lớn không đặc hiệu , vùng chậu và đùi"
M83.96,"các bệnh nhuyễn xương ở người lớn không đặc hiệu , cẳng chân"
M83.97,"các bệnh nhuyễn xương ở người lớn không đặc hiệu , cổ và bàn chân"
M83.98,"các bệnh nhuyễn xương ở người lớn không đặc hiệu , vị trí khác"
M83.99,"các bệnh nhuyễn xương ở người lớn không đặc hiệu , vị trí không xác định"
M84,các rối loạn về sự liên tục của xương
M84.0,can lệch
M84.00,"can lệch , nhiều vị trí"
M83.28,"nhuyễn xương người lớn do rối loạn hấp thu , vị trí khác"
M83.29,"nhuyễn xương người lớn do rối loạn hấp thu , vị trí không xác định"
M83.3,nhuyễn xương người lớn do rối loạn dinh dưỡng
M83.30,"nhuyễn xương người lớn do rối loạn dinh dưỡng , nhiều vị trí"
M83.31,"nhuyễn xương người lớn do rối loạn dinh dưỡng , vùng bả vai"
M85.37,"viêm xương dạng đặc , cổ và bàn chân"
M85.38,"viêm xương dạng đặc , vị trí khác"
M85.39,"viêm xương dạng đặc , vị trí không xác định"
M85.4,nang xương đơn độc
M85.41,"nang xương đơn độc , vùng bả vai"
M84.05,"can lệch , vùng chậu và đùi"
M84.06,"can lệch , cẳng chân"
M84.07,"can lệch , cổ và bàn chân"
M84.08,"can lệch , vị trí khác"
M84.09,"can lệch , vị trí không xác định"
M84.1,gãy xương không liền ( khớp giả )
M85.06,"loạn sản xơ xương ( khu trú ) , cẳng chân"
M85.07,"loạn sản xơ xương ( khu trú ) , cổ và bàn chân"
M85.34,"viêm xương dạng đặc , bàn tay"
M85.35,"viêm xương dạng đặc , vùng chậu và đùi"
M85.36,"viêm xương dạng đặc , cẳng chân"
M85.08,"loạn sản xơ xương ( khu trú ) , vị trí khác"
M85.09,"loạn sản xơ xương ( khu trú ) , vị trí không xác định"
M85.1,bệnh nhiễm fluo xương
M85.10,"bệnh nhiễm fluo xương , nhiều vị trí"
M85.11,"bệnh nhiễm fluo xương , vùng bả vai"
M85.16,"bệnh nhiễm fluo xương , cẳng chân"
M85.17,"bệnh nhiễm fluo xương , cổ và bàn chân"
M85.18,"bệnh nhiễm fluo xương , vị trí khác"
M85.19,"bệnh nhiễm fluo xương , vị trí không xác định"
M85.2,quá sản xương sọ
M85.81,"những rối loạn đặc hiệu khác về mật độ và cấu trúc của xương , vùng bả vai"
M85.82,"những rối loạn đặc hiệu khác về mật độ và cấu trúc của xương , cánh tay"
M85.83,"những rối loạn đặc hiệu khác về mật độ và cấu trúc của xương , cẳng tay"
M86.45,"viêm xương tủy mạn tính có đường rò , vùng chậu và đùi"
M86.46,"viêm xương tủy mạn tính có đường rò , cẳng chân"
M86.47,"viêm xương tủy mạn tính có đường rò , cổ và bàn chân"
M86.40,"viêm xương tủy mạn tính có đường rò , nhiều vị trí"
M86.41,"viêm xương tủy mạn tính có đường rò , vùng bả vai"
M86.42,"viêm xương tủy mạn tính có đường rò , cánh tay"
M86.43,"viêm xương tủy mạn tính có đường rò , cẳng tay"
M86.44,"viêm xương tủy mạn tính có đường rò , bàn tay"
M86.83,"các viêm xương tủy khác , cẳng tay"
M86.84,"các viêm xương tủy khác , bàn tay"
M86.85,"các viêm xương tủy khác , vùng chậu và đùi"
M86.48,"viêm xương tủy mạn tính có đường rò , vị trí khác"
M86.49,"viêm xương tủy mạn tính có đường rò , vị trí không xác định"
M86.5,viêm xương tủy do bệnh máu mạn tính khác
M86.50,"viêm xương tủy do bệnh máu mạn tính khác , nhiều vị trí"
M86.51,"viêm xương tủy do bệnh máu mạn tính khác , vùng bả vai"
M86.52,"viêm xương tủy do bệnh máu mạn tính khác , cánh tay"
M86.53,"viêm xương tủy do bệnh máu mạn tính khác , cẳng tay"
M86.63,"viêm xương tủy mạn tính khác , cẳng tay"
M86.64,"viêm xương tủy mạn tính khác , bàn tay"
M86.65,"viêm xương tủy mạn tính khác , vùng chậu và đùi"
M86.69,"viêm xương tủy mạn tính khác , vị trí không xác định"
M86.8,các viêm xương tủy khác
M86.80,"các viêm xương tủy khác , nhiều vị trí"
M86.81,"các viêm xương tủy khác , vùng bả vai"
M86.82,"các viêm xương tủy khác , cánh tay"
M86.54,"viêm xương tủy do bệnh máu mạn tính khác , bàn tay"
M86.55,"viêm xương tủy do bệnh máu mạn tính khác , vùng chậu và đùi"
M86.56,"viêm xương tủy do bệnh máu mạn tính khác , cẳng chân"
M86.57,"viêm xương tủy do bệnh máu mạn tính khác , cổ và bàn chân"
M86.58,"viêm xương tủy do bệnh máu mạn tính khác , vị trí khác"
M86.66,"viêm xương tủy mạn tính khác , cẳng chân"
M86.67,"viêm xương tủy mạn tính khác , cổ và bàn chân"
M86.68,"viêm xương tủy mạn tính khác , vị trí khác"
M86.59,"viêm xương tủy do bệnh máu mạn tính khác , vị trí không xác định"
M86.6,viêm xương tủy mạn tính khác
M86.60,"viêm xương tủy mạn tính khác , nhiều vị trí"
M86.61,"viêm xương tủy mạn tính khác , vùng bả vai"
M86.62,"viêm xương tủy mạn tính khác , cánh tay"
M83.32,"nhuyễn xương người lớn do rối loạn dinh dưỡng , cánh tay"
M83.33,"nhuyễn xương người lớn do rối loạn dinh dưỡng , cẳng tay"
M83.34,"nhuyễn xương người lớn do rối loạn dinh dưỡng , bàn tay"
M83.35,"nhuyễn xương người lớn do rối loạn dinh dưỡng , vùng chậu và đùi"
M86.12,"các bệnh viêm xương tủy cấp khác , cánh tay"
M86.13,"các bệnh viêm xương tủy cấp khác , cẳng tay"
M86.14,"các bệnh viêm xương tủy cấp khác , bàn tay"
M86.15,"các bệnh viêm xương tủy cấp khác , vùng chậu và đùi"
M86.26,"viêm xương tủy bán cấp , cẳng chân"
M86.27,"viêm xương tủy bán cấp , cổ và bàn chân"
M86.23,"viêm xương tủy bán cấp , cẳng tay"
M86.24,"viêm xương tủy bán cấp , bàn tay"
M86.25,"viêm xương tủy bán cấp , vùng chậu và đùi"
M86.16,"các bệnh viêm xương tủy cấp khác , cẳng chân"
M86.17,"các bệnh viêm xương tủy cấp khác , cổ và bàn chân"
M86.18,"các bệnh viêm xương tủy cấp khác , vị trí khác"
M86.19,"các bệnh viêm xương tủy cấp khác , vị trí không xác định"
M86.2,viêm xương tủy bán cấp
M86.0,viêm xương tủy theo đường máu cấp tính
M86.00,"viêm xương tủy theo đường máu cấp tính , nhiều vị trí"
M86.01,"viêm xương tủy theo đường máu cấp tính , vùng bả vai"
M86.02,"viêm xương tủy theo đường máu cấp tính , cánh tay"
M86.03,"viêm xương tủy theo đường máu cấp tính , cẳng tay"
M86.20,"viêm xương tủy bán cấp , nhiều vị trí"
M86.21,"viêm xương tủy bán cấp , vùng bả vai"
M86.22,"viêm xương tủy bán cấp , cánh tay"
M86.28,"viêm xương tủy bán cấp , vị trí khác"
M86.29,"viêm xương tủy bán cấp , vị trí không xác định"
M86.3,viêm xương tủy mạn tính nhiều ổ
M86.30,"viêm xương tủy mạn tính nhiều ổ , nhiều vị trí"
M86.31,"viêm xương tủy mạn tính nhiều ổ , vùng bả vai"
M86.32,"viêm xương tủy mạn tính nhiều ổ , cánh tay"
M86.33,"viêm xương tủy mạn tính nhiều ổ , cẳng tay"
M86.34,"viêm xương tủy mạn tính nhiều ổ , bàn tay"
M86.35,"viêm xương tủy mạn tính nhiều ổ , vùng chậu và đùi"
M86.36,"viêm xương tủy mạn tính nhiều ổ , cẳng chân"
M86.37,"viêm xương tủy mạn tính nhiều ổ , cổ và bàn chân"
M86.38,"viêm xương tủy mạn tính nhiều ổ , vị trí khác"
M86.39,"viêm xương tủy mạn tính nhiều ổ , vị trí không xác định"
M86.4,viêm xương tủy mạn tính có đường rò
M86.07,"viêm xương tủy theo đường máu cấp tính , cổ và bàn chân"
M86.08,"viêm xương tủy theo đường máu cấp tính , vị trí khác"
M86.09,"viêm xương tủy theo đường máu cấp tính , vị trí không xác định"
M86.1,các bệnh viêm xương tủy cấp khác
M86.10,"các bệnh viêm xương tủy cấp khác , nhiều vị trí"
M86.11,"các bệnh viêm xương tủy cấp khác , vùng bả vai"
M86.04,"viêm xương tủy theo đường máu cấp tính , bàn tay"
M86.05,"viêm xương tủy theo đường máu cấp tính , vùng chậu và đùi"
M86.06,"viêm xương tủy theo đường máu cấp tính , cẳng chân"
M50.8,các tổn thương đĩa đệm đốt sống cổ khác
M50.9,các bệnh đĩa đệm đốt sống cổ khác không đặc hiệu
M51,các bệnh đĩa đệm gian đốt sống khác
M51.0†,các bệnh của đĩa đệm đốt sống thắt lưng và các đốt sống khác có kèm theo tổn thương tủy sống ( g99 . 2 * )
M87.0,bệnh hoại tử vô mạch tự phát của xương
M87.00,"bệnh hoại tử vô mạch tự phát của xương , nhiều vị trí"
M87.01,"bệnh hoại tử vô mạch tự phát của xương , vùng bả vai"
M87.05,"bệnh hoại tử vô mạch tự phát của xương , vùng chậu và đùi"
M87.06,"bệnh hoại tử vô mạch tự phát của xương , cẳng chân"
M87.02,"bệnh hoại tử vô mạch tự phát của xương , cánh tay"
M87.03,"bệnh hoại tử vô mạch tự phát của xương , cẳng tay"
M87.04,"bệnh hoại tử vô mạch tự phát của xương , bàn tay"
M87.13,"hoại tử xương do thuốc , cẳng tay"
M87.14,"hoại tử xương do thuốc , bàn tay"
M87.15,"hoại tử xương do thuốc , vùng chậu và đùi"
M87.16,"hoại tử xương do thuốc , cẳng chân"
M86.89,"các viêm xương tủy khác , vị trí không xác định"
M86.9,viêm xương tủy không đặc hiệu
M86.90,"viêm xương tủy không đặc hiệu , nhiều vị trí"
M86.91,"viêm xương tủy không đặc hiệu , vùng bả vai"
M86.92,"viêm xương tủy không đặc hiệu , cánh tay"
M86.93,"viêm xương tủy không đặc hiệu , cẳng tay"
M86.94,"viêm xương tủy không đặc hiệu , bàn tay"
M86.95,"viêm xương tủy không đặc hiệu , vùng chậu và đùi"
M86.96,"viêm xương tủy không đặc hiệu , cẳng chân"
M86.97,"viêm xương tủy không đặc hiệu , cổ và bàn chân"
M86.98,"viêm xương tủy không đặc hiệu , vị trí khác"
M86.99,"viêm xương tủy không đặc hiệu , vị trí không xác định"
M87,hoại tử xương
M87.07,"bệnh hoại tử vô mạch tự phát của xương , cổ và bàn chân"
M87.08,"bệnh hoại tử vô mạch tự phát của xương , vị trí khác"
M87.09,"bệnh hoại tử vô mạch tự phát của xương , vị trí không xác định"
M87.17,"hoại tử xương do thuốc , cổ và bàn chân"
M87.18,"hoại tử xương do thuốc , vị trí khác"
M87.19,"hoại tử xương do thuốc , vị trí không xác định"
M87.2,hoại tử xương do chấn thương từ trước
M87.20,"hoại tử xương do chấn thương từ trước , nhiều vị trí"
M86.86,"các viêm xương tủy khác , cẳng chân"
M86.87,"các viêm xương tủy khác , cổ và bàn chân"
M86.88,"các viêm xương tủy khác , vị trí khác"
M87.1,hoại tử xương do thuốc
M87.10,"hoại tử xương do thuốc , nhiều vị trí"
M87.11,"hoại tử xương do thuốc , vùng bả vai"
M87.12,"hoại tử xương do thuốc , cánh tay"
M83.42,"bệnh nhiễm nhôm ( almunium ) xương , cánh tay"
M83.43,"bệnh nhiễm nhôm ( almunium ) xương , cẳng tay"
M83.44,"bệnh nhiễm nhôm ( almunium ) xương , bàn tay"
M84.24,"gãy xương chậm liền , bàn tay"
M84.25,"gãy xương chậm liền , vùng chậu và đùi"
M84.26,"gãy xương chậm liền , cẳng chân"
M84.27,"gãy xương chậm liền , cổ và bàn chân"
M84.96,"rối loạn khác về sự liên tục của xương không đặc hiệu , cẳng chân"
M84.97,"rối loạn khác về sự liên tục của xương không đặc hiệu , cổ và bàn chân"
M84.98,"rối loạn khác về sự liên tục của xương không đặc hiệu , vị trí khác"
M84.99,"rối loạn khác về sự liên tục của xương không đặc hiệu , vị trí không xác định"
M85,rối loạn khác về tỉ trọng ( mật độ ) và cấu trúc của xương
M85.0,loạn sản xơ xương ( khu trú )
M83.45,"bệnh nhiễm nhôm ( almunium ) xương , vùng chậu và đùi"
M83.46,"bệnh nhiễm nhôm ( almunium ) xương , cẳng chân"
M84.85,"rối loạn khác về sự liên tục của xương , vùng chậu và đùi"
M84.86,"rối loạn khác về sự liên tục của xương , cẳng chân"
M84.87,"rối loạn khác về sự liên tục của xương , cổ và bàn chân"
M85.00,"loạn sản xơ xương ( khu trú ) , nhiều vị trí"
M85.01,"loạn sản xơ xương ( khu trú ) , vùng bả vai"
M85.02,"loạn sản xơ xương ( khu trú ) , cánh tay"
M84.48,"gãy xương bệnh lý , không phân loại nơi khác , vị trí khác"
M84.49,"gãy xương bệnh lý , không phân loại nơi khác , vị trí không xác định"
M84.8,rối loạn khác về sự liên tục của xương
M84.80,"rối loạn khác về sự liên tục của xương , nhiều vị trí"
M84.81,"rối loạn khác về sự liên tục của xương , vùng bả vai"
M84.82,"rối loạn khác về sự liên tục của xương , cánh tay"
M84.83,"rối loạn khác về sự liên tục của xương , cẳng tay"
M84.84,"rối loạn khác về sự liên tục của xương , bàn tay"
M84.38,"gãy mỏi , không phân loại nơi khác , vị trí khác"
M84.39,"gãy mỏi , không phân loại nơi khác , vị trí không xác định"
M84.4,"gãy xương bệnh lý , không phân loại nơi khác"
M84.40,"gãy xương bệnh lý , không phân loại nơi khác , nhiều vị trí"
M84.41,"gãy xương bệnh lý , không phân loại nơi khác , vùng bả vai"
M84.42,"gãy xương bệnh lý , không phân loại nơi khác , cánh tay"
M84.43,"gãy xương bệnh lý , không phân loại nơi khác , cẳng tay"
M84.28,"gãy xương chậm liền , vị trí khác"
M84.29,"gãy xương chậm liền , vị trí không xác định"
M84.3,"gãy mỏi , không phân loại nơi khác"
M84.30,"gãy mỏi , không phân loại nơi khác , nhiều vị trí"
M84.31,"gãy mỏi , không phân loại nơi khác , vùng bả vai"
M84.32,"gãy mỏi , không phân loại nơi khác , cánh tay"
M84.33,"gãy mỏi , không phân loại nơi khác , cẳng tay"
M84.88,"rối loạn khác về sự liên tục của xương , vị trí khác"
M84.89,"rối loạn khác về sự liên tục của xương , vị trí không xác định"
M84.9,rối loạn khác về sự liên tục của xương không đặc hiệu
M84.90,"rối loạn khác về sự liên tục của xương không đặc hiệu , nhiều vị trí"
M84.91,"rối loạn khác về sự liên tục của xương không đặc hiệu , vùng bả vai"
M84.92,"rối loạn khác về sự liên tục của xương không đặc hiệu , cánh tay"
M84.93,"rối loạn khác về sự liên tục của xương không đặc hiệu , cẳng tay"
M84.94,"rối loạn khác về sự liên tục của xương không đặc hiệu , bàn tay"
M84.95,"rối loạn khác về sự liên tục của xương không đặc hiệu , vùng chậu và đùi"
M83.50,"các bệnh nhuyễn xương khác ở người lớn do thuốc , nhiều vị trí"
M83.51,"các bệnh nhuyễn xương khác ở người lớn do thuốc , vùng bả vai"
M83.52,"các bệnh nhuyễn xương khác ở người lớn do thuốc , cánh tay"
M84.19,"gãy xương không liền ( khớp giả ) , vị trí không xác định"
M84.2,gãy xương chậm liền
M84.20,"gãy xương chậm liền , nhiều vị trí"
M84.21,"gãy xương chậm liền , vùng bả vai"
M84.22,"gãy xương chậm liền , cánh tay"
M84.23,"gãy xương chậm liền , cẳng tay"
M83.39,"nhuyễn xương người lớn do rối loạn dinh dưỡng , vị trí không xác định"
M83.4,bệnh nhiễm nhôm ( almunium ) xương
M83.40,"bệnh nhiễm nhôm ( almunium ) xương , nhiều vị trí"
M83.41,"bệnh nhiễm nhôm ( almunium ) xương , vùng bả vai"
M84.10,"gãy xương không liền ( khớp giả ) , nhiều vị trí"
M84.11,"gãy xương không liền ( khớp giả ) , vùng bả vai"
M84.12,"gãy xương không liền ( khớp giả ) , cánh tay"
M84.13,"gãy xương không liền ( khớp giả ) , cẳng tay"
M84.14,"gãy xương không liền ( khớp giả ) , bàn tay"
M83.36,"nhuyễn xương người lớn do rối loạn dinh dưỡng , cẳng chân"
M83.37,"nhuyễn xương người lớn do rối loạn dinh dưỡng , cổ và bàn chân"
M83.38,"nhuyễn xương người lớn do rối loạn dinh dưỡng , vị trí khác"
M83.47,"bệnh nhiễm nhôm ( almunium ) xương , cổ và bàn chân"
M83.48,"bệnh nhiễm nhôm ( almunium ) xương , vị trí khác"
M83.49,"bệnh nhiễm nhôm ( almunium ) xương , vị trí không xác định"
M83.5,các bệnh nhuyễn xương khác ở người lớn do thuốc
M83.56,"các bệnh nhuyễn xương khác ở người lớn do thuốc , cẳng chân"
M83.57,"các bệnh nhuyễn xương khác ở người lớn do thuốc , cổ và bàn chân"
M83.58,"các bệnh nhuyễn xương khác ở người lớn do thuốc , vị trí khác"
M83.59,"các bệnh nhuyễn xương khác ở người lớn do thuốc , vị trí không xác định"
M84.15,"gãy xương không liền ( khớp giả ) , vùng chậu và đùi"
M84.16,"gãy xương không liền ( khớp giả ) , cẳng chân"
M84.17,"gãy xương không liền ( khớp giả ) , cổ và bàn chân"
M84.18,"gãy xương không liền ( khớp giả ) , vị trí khác"
M83.86,"các bệnh nhuyễn xương khác ở người lớn , cẳng chân"
M83.87,"các bệnh nhuyễn xương khác ở người lớn , cổ và bàn chân"
M83.88,"các bệnh nhuyễn xương khác ở người lớn , vị trí khác"
M83.89,"các bệnh nhuyễn xương khác ở người lớn , vị trí không xác định"
M83.9,các bệnh nhuyễn xương ở người lớn không đặc hiệu
M83.90,"các bệnh nhuyễn xương ở người lớn không đặc hiệu , nhiều vị trí"
M83.91,"các bệnh nhuyễn xương ở người lớn không đặc hiệu , vùng bả vai"
M83.92,"các bệnh nhuyễn xương ở người lớn không đặc hiệu , cánh tay"
M83.93,"các bệnh nhuyễn xương ở người lớn không đặc hiệu , cẳng tay"
M84.01,"can lệch , vùng bả vai"
M84.02,"can lệch , cánh tay"
M84.03,"can lệch , cẳng tay"
M84.04,"can lệch , bàn tay"
M75.2,viêm gân cơ nhị đầu
M75.3,viêm gân vôi hóa ở vai
M73.0*,viêm túi thanh mạc do lậu cầu ( a54 . 4 † )
M73.00*,"viêm túi thanh mạc do lậu cầu ( a54 . 4 † ) , nhiều vị trí"
M73.01*,"viêm túi thanh mạc do lậu cầu ( a54 . 4 † ) , vùng bả vai"
M73.02*,"viêm túi thanh mạc do lậu cầu ( a54 . 4 † ) , cánh tay"
M73.03*,"viêm túi thanh mạc do lậu cầu ( a54 . 4 † ) , cẳng tay"
M73.04*,"viêm túi thanh mạc do lậu cầu ( a54 . 4 † ) , bàn tay"
M73.05*,"viêm túi thanh mạc do lậu cầu ( a54 . 4 † ) , vùng chậu và đùi"
M75.4,hội chứng chèn ép vùng vai
M75.5,viêm túi thanh mạc ở vai
M75.6,rách sụn viền do thoái hóa khớp vai
M76.7,viêm gân cơ mác
M76.8,"các bệnh điểm bám gân - dây chằng khác ở chi dưới , không kể bàn chân"
M76.80,"các bệnh điểm bám gân - dây chằng khác ở chi dưới , không kể bàn chân , nhiều vị trí"
M76.85,"các bệnh điểm bám gân - dây chằng khác ở chi dưới , không kể bàn chân , vùng chậu và đùi"
M76.86,"các bệnh điểm bám gân - dây chằng khác ở chi dưới , không kể bàn chân , cẳng chân"
M76.87,"các bệnh điểm bám gân - dây chằng khác ở chi dưới , không kể bàn chân , cổ và bàn chân"
M73.84*,"rối loạn mô mềm khác trong những bệnh phân loại nơi khác , bàn tay"
M73.85*,"rối loạn mô mềm khác trong những bệnh phân loại nơi khác , vùng chậu và đùi"
M72.88,"các bệnh nguyên bào sợi khác , vị trí khác"
M72.89,"các bệnh nguyên bào sợi khác , vị trí không xác định"
M72.9,bệnh nguyên bào sợi không đặc hiệu
M72.90,"bệnh nguyên bào sợi không đặc hiệu , nhiều vị trí"
M72.91,"bệnh nguyên bào sợi không đặc hiệu , vùng bả vai"
M72.92,"bệnh nguyên bào sợi không đặc hiệu , cánh tay"
M72.93,"bệnh nguyên bào sợi không đặc hiệu , cẳng tay"
M72.94,"bệnh nguyên bào sợi không đặc hiệu , bàn tay"
M72.95,"bệnh nguyên bào sợi không đặc hiệu , vùng chậu và đùi"
M72.96,"bệnh nguyên bào sợi không đặc hiệu , cẳng chân"
M72.97,"bệnh nguyên bào sợi không đặc hiệu , cổ và bàn chân"
M72.98,"bệnh nguyên bào sợi không đặc hiệu , vị trí khác"
M72.99,"bệnh nguyên bào sợi không đặc hiệu , vị trí không xác định"
M73*,các bệnh mô mềm trong những bệnh phân loại nơi khác
M73.10*,"viêm túi thanh mạc do giang mai ( a52 . 7 † ) , nhiều vị trí"
M73.11*,"viêm túi thanh mạc do giang mai ( a52 . 7 † ) , vùng bả vai"
M73.12*,"viêm túi thanh mạc do giang mai ( a52 . 7 † ) , cánh tay"
M73.13*,"viêm túi thanh mạc do giang mai ( a52 . 7 † ) , cẳng tay"
M73.14*,"viêm túi thanh mạc do giang mai ( a52 . 7 † ) , bàn tay"
M77.4,đau xương đốt bàn chân
M77.5,các bệnh điểm bám gân - dây chằng bàn chân khác
M77.8,"các bệnh điểm bám gân - dây chằng khác , không phân loại nơi khác"
M75.8,các tổn thương khác ở vai
M75.9,tổn thương vai không đặc hiệu
M76,"bệnh điểm bám gân - dây chằng ở chi dưới , không kể bàn chân"
M73.06*,"viêm túi thanh mạc do lậu cầu ( a54 . 4 † ) , cẳng chân"
M73.07*,"viêm túi thanh mạc do lậu cầu ( a54 . 4 † ) , cổ và bàn chân"
M73.08*,"viêm túi thanh mạc do lậu cầu ( a54 . 4 † ) , vị trí khác"
M73.09*,"viêm túi thanh mạc do lậu cầu ( a54 . 4 † ) , vị trí không xác định"
M73.1*,viêm túi thanh mạc do giang mai ( a52 . 7 † )
Q13.2,các dị tật bẩm sinh khác của mống mắt
Q13.3,đục giác mạc bẩm sinh
Q13.4,các dị tật bẩm sinh khác của giác mạc
Q13.5,củng mạc xanh
Q13.8,các dị tật bẩm sinh khác ở phần trước nhãn cầu
Q25.8,các dị tật bẩm sinh khác của động mạch lớn
Q25.9,"dị tật bẩm sinh của các động mạch lớn , không đặc hiệu"
Q26,các dị tật bẩm sinh của các tĩnh mạch lớn
Q26.0,hẹp tĩnh mạch chủ bẩm sinh
Q26.1,còn tĩnh mạch chủ trên trái
Q26.2,hồi lưu tĩnh mạch phổi bất thường hoàn toàn
Q26.3,hồi lưu tĩnh mạch phổi bất thường một phần
Q26.4,"hồi lưu tĩnh mạch phổi bất thường , không đặc hiệu"
Q26.5,hồi lưu tĩnh mạch phổi bất thường
Q26.6,rò động mạch gan - tĩnh mạch cửa
Q26.8,các dị tật bẩm sinh khác của các tĩnh mạch lớn
Q25.2,teo động mạch chủ
Q25.3,hẹp động mạch chủ
Q25.4,các dị tật bẩm sinh khác của động mạch chủ
Q25.5,teo động mạch phổi
Q25.6,hẹp động mạch phổi
Q25.7,các dị tật bẩm sinh khác của động mạch phổi
Q26.9,"dị tật bẩm sinh của các tĩnh mạch lớn , không đặc hiệu"
Q27,các dị tật bẩm sinh khác của hệ thống mạch máu ngoại biên
Q27.0,không có hoặc thiểu sản động mạch rốn bẩm sinh
Q27.1,hẹp động mạch thận bẩm sinh
Q27.2,các dị tật bẩm sinh khác của động mạch thận
Q23.9,"dị tật bẩm sinh của van hai lá và động mạch chủ , không đặc hiệu"
Q24,các dị tật bẩm sinh khác của tim
Q24.0,tim sang phải
Q24.1,tim bên trái
Q23.2,hẹp van hai lá bẩm sinh
Q23.3,hở van hai lá bẩm sinh
Q23.4,hội chứng tim trái thiểu sản
Q23.8,các dị tật bẩm sinh khác của van hai lá và động mạch chủ
Q24.2,nhĩ ba buồng
Q24.3,hẹp phễu động mạch phổi
Q24.4,hẹp dưới van động mạch chủ bẩm sinh
Q24.5,dị tật của mạch vành
Q24.6,nghẽn tim bẩm sinh
Q24.8,các dị tật bẩm sinh đặc hiệu khác của tim
Q24.9,"các dị tật bẩm sinh của tim , không đặc hiệu"
Q25,các dị tật bẩm sinh của các động mạch lớn
Q25.0,còn ống động mạch
Q25.1,hẹp eo động mạch chủ
Q22.9,"dị tật bẩm sinh van ba lá , không đặc hiệu"
Q23,các dị tật bẩm sinh của van hai lá và động mạch chủ
Q23.0,hẹp van động mạch chủ bẩm sinh
Q23.1,hở van động mạch chủ bẩm sinh
P72.0,"bướu giáp sơ sinh , không phân loại nơi khác"
P72.1,cường giáp sơ sinh tạm thời
P72.2,rối loạn chức năng tuyến giáp tạm thời của trẻ sơ sinh không phân loại nơi khác
P72.8,rối loạn nội tiết tạm thời đặc hiệu khác của trẻ sơ sinh
P72.9,"rối loạn nội tiết tạm thời ở trẻ sơ sinh , không xác định"
P74,các rối loạn chuyển hóa và điện giải tạm thời khác của trẻ sơ sinh
Q17.3,tật tai có hình dị thường
Q17.4,tật tai ở vị trí bất thường
Q17.5,tật tai nhô
Q17.8,những dị tật bẩm sinh đặc hiệu khác của tai
Q15,các dị tật bẩm sinh khác của mắt
Q15.0,glocom ( tăng nhãn áp ) bẩm sinh
Q15.8,các dị tật bẩm sinh mắt đặc hiệu khác
Q15.9,"dị tật bẩm sinh mắt , không đặc hiệu"
Q16,các dị tật ở tai gây ảnh hưởng tới thính lực
Q18.1,xoang và nang trước tai
Q18.2,dị tật khe hở mang khác
Q18.3,màng da cổ
Q18.4,tật mồm rộng
Q16.0,dị tật thiếu tai ngoài bẩm sinh
Q16.1,"thiếu , teo hoặc chít hẹp bẩm sinh ống tai ngoài"
Q16.2,không có vòi eustache
Q16.3,dị tật bẩm sinh các xương con của tai
Q16.4,các dị tật bẩm sinh của tai giữa
Q16.5,dị tật bẩm sinh tai trong
Q16.9,dị tật bẩm sinh ở tai gây ảnh hưởng tới thính lực không đặc hiệu
Q17,các dị tật bẩm sinh khác ở tai
Q13.9,"dị tật bẩm sinh phần trước nhãn cầu , không đặc hiệu"
Q14,các dị tật bẩm sinh phần sau của mắt
Q14.0,dị tật bẩm sinh dịch kính
Q14.1,dị tật bẩm sinh võng mạc
Q17.0,dị tật thừa ở vành tai
Q17.1,dị tật tai to
Q17.2,dị tật tai bé
Q17.9,dị tật bẩm sinh tai không đặc hiệu
Q18,các dị tật bẩm sinh khác của mặt và cổ
Q18.0,"tạo xoang , lỗ rò và nang nứt kẽ mang"
Q14.2,dị tật bẩm sinh đĩa thị giác
Q14.3,dị tật bẩm sinh màng mạch
Q14.8,các dị tật bẩm sinh khác ở phần sau của mắt
Q14.9,"dị tật bẩm sinh ở phần sau của mắt , không đặc hiệu"
P74.0,toan chuyển hóa muộn của trẻ sơ sinh
P74.1,mất nước của trẻ sơ sinh
P74.2,rối loạn cân bằng natri của trẻ sơ sinh
P74.3,rối loạn cân bằng kali của trẻ sơ sinh
P74.4,rối loạn điện giải tạm thời khác của trẻ sơ sinh
P74.5,tăng tyrosin máu tạm thời của trẻ sơ sinh
P74.8,rối loạn chuyển hóa tạm thời khác của trẻ sơ sinh
P91.9,"rối loạn tình trạng não của sơ sinh , không đặc hiệu"
P92,vấn đề nuôi dưỡng sơ sinh
P92.0,nôn ở trẻ sơ sinh
P92.1,nôn vọt và nhai lại của trẻ sơ sinh
P94.0,nhược cơ nặng thoáng qua của trẻ sơ sinh
P94.1,tăng trương lực cơ bẩm sinh
P94.2,giảm trương lực cơ bẩm sinh
P94.8,rối loạn trương lực cơ khác của trẻ sơ sinh
P91.0,thiếu máu cục bộ sơ sinh
P91.1,nang quanh não thất mắc phải của trẻ sơ sinh
P91.2,nhũn chất trắng não sơ sinh
P91.3,não dễ kích thích của trẻ sơ sinh
P91.4,lõm não sơ sinh
P83.8,các bệnh lý được định rõ khác của da đặc hiệu cho thai và trẻ sơ sinh
P83.9,bệnh lý không xác định của da đặc hiệu cho thai và trẻ sơ sinh
P90,cơn co giật của trẻ sơ sinh
P91,rối loạn khác của tình trạng não trẻ sơ sinh
P83.4,cương tức vú của trẻ sơ sinh
P83.5,ứ nước màng tinh hoàn bẩm sinh
P83.6,polyp rốn của trẻ sơ sinh
P94.9,rối loạn trương lực cơ không xác định của trẻ sơ sinh
P95,thai chết vì nguyên nhân không xác định
P96,các bệnh lý khác khởi phát trong thời kỳ chu sinh
P96.0,suy thận bẩm sinh
P96.1,hội chứng cai thuốc của trẻ sơ sinh vì mẹ nghiện dùng thuốc
P91.5,hôn mê sơ sinh
P91.6,bệnh não thiếu máu cục bộ do giảm oxy ở trẻ sơ sinh
P91.7,não úng thủy mắc phải ở trẻ sơ sinh
P91.8,rối loạn đặc hiệu khác của não trẻ sơ sinh
P92.9,vấn đề nuôi dưỡng không xác định của trẻ sơ sinh
P93,phản ứng và nhiễm độc thuốc dùng cho thai và trẻ sơ sinh
P94,rối loạn trương lực cơ của trẻ sơ sinh
Q05.8,nứt đốt cùng cụt không có não úng thủy
Q05.9,nứt đốt sống không đặc hiệu
Q06,các dị tật bẩm sinh khác của tủy sống
Q06.0,tật không có tủy sống
Q06.1,thiểu sản và loạn sản thừng cột sống
P81.0,tăng thân nhiệt do môi trường của trẻ sơ sinh
P81.8,rối loạn điều nhiệt xác định khác của trẻ sơ sinh
P81.9,rối loạn điều nhiệt không xác định của trẻ sơ sinh
P83,các bệnh lý khác của da đặc hiệu cho thai và trẻ sơ sinh
P96.9,"bệnh lý khởi phát trong giai đoạn chu sinh , không đặc hiệu"
Q00,dị tật không não và các dị tật tương tự
Q00.0,tật không có não
Q00.1,tật nứt sọ - cột sống
Q00.2,tật thoát vị não chẩm
Q04.8,dị tật bẩm sinh đặc hiệu khác của não
Q04.9,"dị tật bẩm sinh não , không đặc hiệu"
Q05,nứt đốt sống
Q05.0,nứt đốt sống cổ với não úng thủy
Q05.1,nứt đốt sống ngực với não úng thủy
Q05.2,nứt đốt sống thắt lưng với não úng thủy
Q05.3,nứt đốt cùng cụt với não úng thủy
Q05.4,nứt đốt sống không đặc hiệu với não úng thủy
Q05.5,nứt đốt sống cổ không có não úng thủy
Q05.6,nứt đốt sống ngực không có não úng thủy
Q05.7,nứt đốt sống thắt lưng không có não úng thủy
Q01.8,thoát vị não ở những vị trí khác
Q01.9,thoát vị não không đặc hiệu
Q02,tật đầu nhỏ
Q03,não úng thủy bẩm sinh
Q03.0,dị tật kênh sylvius
Q03.1,khuyết lỗ magendie và luschka
P96.2,hội chứng cai thuốc vì dùng thuốc để điều trị cho trẻ sơ sinh
P96.3,giãn khớp sọ của trẻ sơ sinh
P96.4,"đình chỉ thai kỳ , ảnh hưởng thai và trẻ sơ sinh"
P96.5,biến chứng của thủ thuật trong tử cung không phân loại nơi khác
P96.8,các bệnh lý được định khác khởi phát trong thời kỳ chu sinh
Q04.2,tật toàn bộ não trước
Q04.3,khuyết tật khác của não
Q04.4,loạn sản vách ngăn thần kinh thị giác
Q04.5,tật não to
Q04.6,nang nước não bẩm sinh
Q01,thoát vị não
Q01.0,thoát vị não thùy trán
Q01.1,thoát vị não qua vùng mũi trán
Q01.2,thoát vị não vùng chẩm
Q03.8,não úng thủy bẩm sinh khác
Q03.9,"não úng thủy bẩm sinh , không đặc hiệu"
Q04,dị tật bẩm sinh khác của não
Q04.0,các dị tật bẩm sinh thể chai
Q04.1,tật không khứu não
P70.2,đái tháo đường sơ sinh
P70.3,hạ đường huyết sơ sinh do thầy thuốc
P70.4,hạ đường huyết sơ sinh khác
P70.8,rối loạn tạm thời khác của chuyển hóa hydrat carbon ở thai và trẻ sơ sinh
P92.2,nuôi dưỡng chậm của trẻ sơ sinh
P92.3,nuôi dưỡng dưới mức của trẻ sơ sinh
P92.4,nuôi dưỡng quá mức của trẻ sơ sinh
P92.5,trẻ bú sữa mẹ khó khăn
P92.8,vấn đề khác của nuôi dưỡng trẻ sơ sinh
Q11.1,các tật không có mắt khác
Q11.2,dị tật mắt bé
Q11.3,dị tật mắt to
Q12,các dị tật bẩm sinh của thủy tinh thể
Q10.0,sụp mi bẩm sinh
Q10.1,lật mi bẩm sinh
Q10.2,quặm bẩm sinh
Q10.3,các dị tật mi mắt bẩm sinh khác
Q10.4,không có hoặc vô sản bộ phận liên quan đến nước mắt
Q10.5,hẹp hoặc chít hẹp ống dẫn lệ bẩm sinh
Q12.8,các dị tật bẩm sinh khác của thủy tinh thể
Q12.9,"các dị tật thể thủy tinh bẩm sinh , không đặc hiệu"
Q13,dị tật bẩm sinh phần trước mắt
Q13.0,tật khuyết mống mắt
Q13.1,tật không có mống mắt
Q12.0,đục thể thủy tinh bẩm sinh
Q12.1,lệch thể thủy tinh bẩm sinh
Q06.2,dị tật bẩm sinh dọc tủy sống
Q06.3,các dị tật bẩm sinh khác ở vùng đuôi ngựa
Q06.4,ứ nước ống nội tủy
Q06.8,dị tật bẩm sinh tủy sống đặc hiệu khác
Q10.6,các dị tật bẩm sinh khác của ống dẫn lệ
Q10.7,dị tật bẩm sinh hố mắt
Q11,"các dị tật không có mắt , mắt bé , mắt to"
Q11.0,nhãn cầu dạng túi
Q12.2,khuyết thể thủy tinh
Q12.3,thiếu thể thủy tinh bẩm sinh
Q12.4,thể thủy tinh hình cầu
Q06.9,"dị tật bẩm sinh của thừng tủy sống , không đặc hiệu"
Q07,dị tật bẩm sinh khác của hệ thần kinh
Q07.0,hội chứng arnold chiari
Q07.8,dị tật bẩm sinh của hệ thần kinh đặc hiệu khác
Q07.9,"dị tật bẩm sinh hệ thần kinh , không đặc hiệu"
Q10,"các dị tật bẩm sinh của mi mắt , ổ mắt và bộ máy bài tiết nước mắt"
P71.2,hạ magie máu của trẻ sơ sinh
P71.3,tetany sơ sinh không do thiếu calci và magie
P71.4,suy tuyến cận giáp tạm thời ở trẻ sơ sinh
P74.9,"rối loạn chuyển hóa tạm thời của trẻ sơ sinh , không xác định"
P75*,tắc ruột phân xu trong bệnh xơ nang
P76,tắc ruột non khác của trẻ sơ sinh
P76.0,hội chứng nút phân su
P71.9,rối loạn tạm thời không đặc hiệu của chuyển hóa calci và magie ở trẻ sơ sinh
P72,các rối loạn nội tiết tạm thời khác của trẻ sơ sinh
P71.0,hạ calci máu khi dùng sữa bò của trẻ sơ sinh
P78.3,tiêu chảy sơ sinh không do nhiễm trùng
P78.8,rối loạn của hệ tiêu hóa đặc hiệu khác ở giai đoạn chu sinh
P78.9,rối loạn tiêu hóa không xác định của giai đoạn sơ sinh
P80,hạ thân nhiệt của trẻ sơ sinh
P80.0,hội chứng tổn thương do lạnh
P80.8,hạ thân nhiệt khác của trẻ sơ sinh
P80.9,hạ thân nhiệt không xác định của trẻ sơ sinh
P81,các rối loạn điều nhiệt khác của trẻ sơ sinh
P71.1,hạ calci máu khác của sơ sinh
P78,các rối loạn khác của hệ tiêu hóa trong thời kỳ chu sinh
P78.0,thủng ruột non chu sinh
P78.1,các viêm phúc mạc sơ sinh khác
P78.2,"nôn ra máu , đi ngoài ra máu do nuốt phải máu mẹ của trẻ sơ sinh"
P61.8,rối loạn huyết học sơ sinh xác định khác
P61.9,rối loạn huyết học sơ sinh không xác định
P70,các rối loạn chuyển hóa carbon hydrat thoáng qua đặc hiệu với thai và trẻ sơ sinh
P70.0,hội chứng trẻ sơ sinh của bà mẹ bị đái tháo đường thai kỳ
P70.1,hội chứng trẻ sơ sinh của bà mẹ bị đái tháo đường
P83.0,cứng bì của trẻ sơ sinh
P83.1,đỏ da nhiễm độc của trẻ sơ sinh
P83.2,phù thai không do bệnh huyết tán
P83.3,phù da khác và không xác định đặc hiệu cho thai và trẻ sơ sinh
P04.3,thai nhi và trẻ sơ sinh bị ảnh hưởng do người mẹ dùng rượu
P04.4,thai nhi và trẻ sơ sinh bị ảnh hưởng do người mẹ nghiện thuốc
P04.5,thai nhi và trẻ sơ sinh bị ảnh hưởng do người mẹ sử dụng các hóa chất trong thực phẩm
Q28.0,dị tật động - tĩnh mạch của các mạch máu trước não
Q28.1,các dị tật khác của các mạch máu trước não
Q28.2,dị tật động - tĩnh mạch của các mạch máu não
Q28.3,các dị tật khác của các mạch máu não
Q28.8,những dị tật đặc hiệu khác của hệ tuần hoàn
Q28.9,"dị tật bẩm sinh hệ tuần hoàn , không đặc hiệu"
Q30,các bất thường - bẩm sinh ở mũi
Q30.0,teo lỗ mũi
Q30.1,bất sản và kém phát triển mũi
Q31.0,màng thanh quản
Q31.1,hẹp vùng hạ thanh môn bẩm sinh
Q31.2,thiểu sản thanh quản
Q31.3,thoát vị thanh quản
Q31.5,nhuyễn cơ thanh quản bẩm sinh
Q30.2,"mũi có rãnh , có lõm hoặc nứt kẽ"
Q30.3,thủng vách mũi bẩm sinh
Q30.8,các dị tật bẩm sinh khác ở mũi
Q30.9,"bất thường bẩm sinh ở mũi , không đặc hiệu"
Q31,các bất thường bẩm sinh của thanh quản
Q27.3,dị tật động - tĩnh mạch ngoại biên
Q27.4,giãn tĩnh mạch bẩm sinh
Q27.8,các dị tật bẩm sinh đặc hiệu khác của hệ thống mạch ngoại biên
Q27.9,"dị tật bẩm sinh của hệ thống mạch ngoại biên , không đặc hiệu"
Q28,các dị tật bẩm sinh khác của hệ thống tuần hoàn
Q32.4,các bất thường bẩm sinh khác của phế quản
Q33,các dị tật bẩm sinh của phổi
Q33.0,nang phổi bẩm sinh ( kén khí phổi )
Q33.1,phổi có thùy phụ
Q31.8,các dị tật bẩm sinh khác của thanh quản
Q31.9,"bất thường thanh quản bẩm sinh , không đặc hiệu"
Q32,các bất thường bẩm sinh ở khí quản và phế quản
Q33.2,phổi biệt lập
Q33.3,bất sản phổi
Q33.4,giãn phế quản bẩm sinh
Q33.5,lạc chỗ của một tổ chức khác tại phổi
Q32.0,nhuyễn khí quản bẩm sinh
Q32.1,các bất thường khác của khí quản
Q32.2,nhuyễn phế quản bẩm sinh
Q32.3,hẹp phế quản bẩm sinh
P76.1,tắc ruột tạm thời của trẻ sơ sinh
P76.2,tắc ruột non do sữa đặc
P76.8,tắc ruột non được định rõ khác của trẻ sơ sinh
P76.9,tắc ruột non không xác định của trẻ sơ sinh
P77,viêm ruột hoại tử của thai và trẻ sơ sinh
Q22.3,các dị tật bẩm sinh khác của van động mạch phổi
Q22.4,hẹp van ba lá bẩm sinh
Q22.5,dị tật ebstein
Q22.6,hội chứng tim phải thiểu sản
Q22.8,các dị tật bẩm sinh khác của van ba lá
Q18.9,"dị tật bẩm sinh ở mặt và cổ , không đặc hiệu"
Q20,các dị tật bẩm sinh của các buồng tim và bộ phận nối
Q20.0,thân động mạch chung
Q20.1,thất phải hai đường ra
Q20.2,thất trái hai đường ra
Q20.3,phần nối thất - động mạch không phù hợp
Q20.4,thất hai đường vào
Q20.5,phần nối nhĩ - thất không phù hợp
Q22,các dị tật bẩm sinh của van ba lá và động mạch phổi
Q22.0,teo van động mạch phổi
Q22.1,hẹp van động mạch phổi bẩm sinh
Q22.2,hở van động mạch phổi bẩm sinh
Q18.5,tật mồm nhỏ
Q18.6,môi to
Q18.7,môi nhỏ
Q18.8,các dị tật bẩm sinh đặc hiệu khác ở mặt và cổ
Q20.6,đồng phân của tiểu nhĩ
Q20.8,các dị tật bẩm sinh khác của các buồng tim và phần nối
Q20.9,"dị tật bẩm sinh của các buồng tim và các phần nối , không đặc hiệu"
Q21.3,tứ chứng fallot
Q21.4,thông vách động mạch chủ - phổi
Q21.8,những dị tật bẩm sinh khác của vách tim
Q21.9,"những dị tật bẩm sinh khác của vách tim , không đặc hiệu"
Q21,di tat bam sinh cua vach tim
Q21.0,thông liên thất
Q21.1,thông liên nhĩ
Q21.2,thông vách nhĩ thất
Q33.6,thiểu sản và loạn sản phổi
Q33.8,các bất thường bẩm sinh khác của phổi
Q33.9,các dị tật bẩm sinh khác của phổi không đặc hiệu
Q34,các bất thường bẩm sinh khác của bộ máy hô hấp
Q34.0,bất thường ở màng phổi
Q38.0,"các dị tật bẩm sinh của môi , không phân loại nơi khác"
Q38.1,dính lưỡi
Q38.2,lưỡi to
Q38.3,các dị tật bẩm sinh khác của lưỡi
Q38.4,các dị tật bẩm sinh của các tuyến và ống dẫn nước bọt
Q38.5,"các dị tật bẩm sinh của vòm miệng , không phân loại nơi khác"
Q38.6,các dị tật bẩm sinh khác của miệng
R89.2,"các phát hiện bất thường trong mẫu vật của các cơ quan , hệ thống và mô khác , nồng độ bất thường của thuốc , dược phẩm và chất sinh học"
R86.0,"các phát hiện bất thường trong mẫu vật của cơ quan sinh dục nam , nồng độ bất thường của men"
R86.1,"các phát hiện bất thường trong mẫu vật của cơ quan sinh dục nam , nồng độ bất thường của hormon"
R86.9,"các phát hiện bất thường trong mẫu vật của cơ quan sinh dục nam , bất thường không xác định"
R87,các phát hiện bất thường trong mẫu vật của cơ quan sinh dục nữ
R87.1,"các phát hiện bất thường trong bệnh phẩm của cơ quan sinh dục nữ , nồng độ bất thường của hormon"
R87.6,"các phát hiện bất thường trong bệnh phẩm của cơ quan sinh dục nữ , bất thường về tế bào"
R87.7,"các phát hiện bất thường trong bệnh phẩm của cơ quan sinh dục nữ , bất thường về mô"
R83.2,"các phát hiện bất thường về xét nghiệm dịch não tủy , nồng đô bất thường của thuốc , dược phẩm và chất sinh học"
R86.6,"các phát hiện bất thường trong mẫu vật của cơ quan sinh dục nam , bất thường về tế bào"
R86.7,"các phát hiện bất thường trong mẫu vật của cơ quan sinh dục nam , bất thường về mô"
R86.8,"các phát hiện bất thường trong mẫu vật của cơ quan sinh dục nam , bất thường khác"
R83.3,"các phát hiện bất thường về xét nghiệm dịch não tủy , nồng độ bất thường của các chất không phải là thuốc điều trị"
R83.4,"các phát hiện bất thường về xét nghiệm dịch não tủy , bất thường về miễn dịch"
R83.5,"các phát hiện bất thường về xét nghiệm dịch não tủy , bất thường về vi sinh"
R83.6,"các phát hiện bất thường về xét nghiệm dịch não tủy , bất thường về tế bào"
R85.1,"các phát hiện bất thường trong mẫu bệnh phẩm từ cơ quan tiêu hóa và ổ bụng , nồng độ bất thường của hormon"
R85.2,"các phát hiện bất thường trong mẫu bệnh phẩm từ cơ quan tiêu hóa và ổ bụng , nồng độ bất thường của thuốc , dược phẩm và chất sinh học"
R85.3,"các phát hiện bất thường trong mẫu bệnh phẩm từ cơ quan tiêu hóa và ổ bụng , nồng độ bất thường của các chất không phải là thuốc điều trị"
R85.4,"các phát hiện bất thường trong mẫu bệnh phẩm từ cơ quan tiêu hóa và ổ bụng , bất thường về miễn dịch"
R85.5,"các phát hiện bất thường trong mẫu bệnh phẩm từ cơ quan tiêu hóa và ổ bụng , bất thường về vi sinh"
R84.2,"các phát hiện bất thường trong dịch não tủy , nồng độ bất thường của thuốc , dược phẩm và chất sinh học"
R84.7,"các phát hiện bất thường trong mẫu bệnh phẩm từ cơ quan hô hấp và lồng ngực , bất thường về mô"
R84.8,"các phát hiện bất thường trong mẫu bệnh phẩm từ cơ quan hô hấp và lồng ngực , bất thường khác"
R84.9,"các phát hiện bất thường trong mẫu bệnh phẩm từ cơ quan hô hấp và lồng ngực , bất thường không xác định"
R85,các phát hiện bất thường trong mẫu bệnh phẩm từ cơ quan tiêu hóa và ổ bụng
R85.0,"các phát hiện bất thường trong mẫu bệnh phẩm từ cơ quan tiêu hóa và ổ bụng , nồng độ bất thường của men"
R83.7,"các phát hiện bất thường về xét nghiệm dịch não tủy , bất thường về mô"
R83.8,"các phát hiện bất thường về xét nghiệm dịch não tủy , bất thường khác"
R83.9,"các phát hiện bất thường về xét nghiệm dịch não tủy , bất thường không xác định"
R84,các phát hiện bất thường trong mẫu bệnh phẩm từ cơ quan hô hấp và lồng ngực
S01.3,vết thương hở của tai
S01.4,vết thương hở của má và vùng thái dương - xương hàm dưới
S01.5,vết thương hở của môi và khoang miệng
S01.7,đa vết thương hở của đầu
S01.8,vết thương hở của các phần khác của đầu
S01.9,"vết thương hở của đầu , phần không xác định"
S02,gãy xương sọ và xương mặt
S02.51,gãy mô cứng răng hở tủy
S02.6,gãy xương hàm dưới
S02.60,"gãy xương hàm dưới , gãy kín"
S02.61,"gãy xương hàm dưới , gãy hở"
S02.7,gãy nhiều xương của xương sọ và xương mặt
S02.70,"gãy nhiều xương của xương sọ và xương mặt , gãy kín"
S01.0,vết thương hở của da đầu
S01.1,vết thương hở của mi mắt và vùng quanh mắt
S01.2,vết thương hở của mũi
S02.0,gãy ( vỡ ) vòm sọ
S02.00,"gãy ( vỡ ) vòm sọ , gãy kín"
S02.01,"gãy ( vỡ ) vòm sọ , gãy hở"
S02.1,gãy ( vỡ ) nền sọ
S02.10,"gãy ( vỡ ) nền sọ , gãy kín"
S02.11,"gãy ( vỡ ) nền sọ , gãy hở"
S02.71,"gãy nhiều xương của xương sọ và xương mặt , gãy hở"
S02.8,gãy các xương khác của sọ và xương mặt
S02.80,"gãy các xương khác của sọ và xương mặt , gãy kín"
S02.81,"gãy các xương khác của sọ và xương mặt , gãy hở"
S02.9,"gãy xương sọ và xương xương mặt , phần không xác định"
S02.90,"gãy xương sọ và xương mặt , phần không xác định , gãy kín"
S02.91,"gãy xương sọ và xương mặt , phần không xác định , gãy hở"
S03,"trật khớp , bong gân và căng cơ của khớp và các dây chằng của đầu"
S02.2,gãy xương chính mũi
S02.20,"gãy xương chính mũi , gãy kín"
S02.21,"gãy xương chính mũi , gãy hở"
S02.3,gãy xương sàn ổ mắt
S02.30,"gãy xương sàn ổ mắt , gãy kín"
S02.31,"gãy xương sàn ổ mắt , gãy hở"
S02.4,gãy xương gò má và xương hàm trên
S02.40,"gãy xương gò má và xương hàm trên , gãy kín"
S02.41,"gãy xương gò má và xương hàm trên , gãy hở"
S02.5,gãy mô cứng răng
S02.50,gãy mô cứng răng không hở tủy
Q44.0,"không phát triển , bất sản và giảm sản túi mật"
Q44.1,các dị tật bẩm sinh khác của túi mật
Q44.2,teo đường mật
Q44.3,hẹp và hẹp khít bẩm sinh khác của đường mật
Q77.0,bất sản sụn
Q77.1,tầm vóc ngắn
Q77.2,hội chứng xương sườn ngắn
Q77.3,loạn sản sụn từng đám nhỏ
Q77.4,vô sản sụn
Q77.5,loạn sản gây trật khớp
Q76.5,xương sườn cổ
Q76.6,các dị tật bẩm sinh khác ở vùng cổ
Q76.7,dị tật bẩm sinh của xương ức
Q76.8,các dị tật bẩm sinh khác của xương ngực
Q79.6,hội chứng ehiers - vanlos
Q79.8,các dị tật bẩm sinh khác của hệ cơ xương
Q79.9,"dị tật bẩm sinh của hệ cơ xương , không đặc hiệu"
Q80,bệnh vảy cá bẩm sinh
Q80.0,bệnh vảy cá thông thường
Q79.2,lồi rốn
Q79.3,khe hở thành bụng
Q79.4,hội chứng bụng không rõ
Q79.5,các dị tật bẩm sinh khác của thành bụng
Q76.9,các dị tật bẩm sinh của xương ngực không đặc hiệu
Q77,loạn sản xương sụn với các khuyết tật trưởng thành của các xương ống và cột sống
Q78.1,loạn sản sợi - đa xương
Q78.2,xương hóa đá
Q78.3,loạn sản thân xương tiến triển
Q78.4,loạn sản nội sụn
Q78.5,loạn sản hành xương
Q80.1,bệnh vảy cá liên kết nhiễm sắc thể x
Q80.2,bệnh vảy cá dạng lá
Q80.3,chứng đỏ da dạng vảy cá bóng bẩm sinh
Q80.4,thai mắc bệnh vảy cá
Q78.6,lồi xương bẩm sinh nhiều nơi
Q78.8,các loạn sản xương sụn đặc hiệu khác
Q78.9,loạn sản xương sụn không đặc hiệu
Q79,"các dị tật bẩm sinh của hệ cơ xương , không phân loại nơi khác"
Q79.0,thoát vị hoành bẩm sinh
Q79.1,các dị tật bẩm sinh khác của cơ hoành
Q77.6,loạn sản sụn ngoại bì
Q77.7,loạn sản đầu đốt xương cột sống
Q77.8,các loạn sản xương sụn khác với các khuyết tật trưởng thành của các xương ống và cột sống
Q77.9,các loạn sản xương sụn với các khuyết tật trưởng thành của các xương ống và cột sống không đặc hiệu
Q78,các loạn sản xương sụn khác
Q78.0,tạo xương bất toàn
S00.3,tổn thương nông của mũi
S00.4,tổn thương nông của tai
S00.5,tổn thương nông của môi và khoang miệng
S07.9,"tổn thương giập nát của đầu , các phần không xác định"
S08,chấn thương đứt lìa phần của đầu
S08.0,nhổ giật da đầu
S08.1,chấn thương đứt rời tai
S08.8,chấn thương đứt lìa các phần khác của đầu
S06.60,"xuất huyết dưới nhện do chấn thương , không có vết thương nội sọ hở"
S06.61,"xuất huyết dưới nhện do chấn thương , có vết thương nội sọ hở"
S06.7,tổn thương nội sọ có hôn mê kéo dài
S06.70,"tổn thương nội sọ có hôn mê kéo dài , không có vết thương nội sọ hở"
S09.7,tổn thương phức tạp ở đầu
S09.8,tổn thương xác định khác ở đầu
S09.9,tổn thương không xác định ở đầu
S10,tổn thương nông của cổ
S06.5,xuất huyết dưới màng cứng
S06.50,"xuất huyết dưới màng cứng , không có vết thương nội sọ hở"
S06.51,"xuất huyết dưới màng cứng , có vết thương nội sọ hở"
S06.6,xuất huyết dưới nhện do chấn thương
S08.9,chấn thương đứt lìa của phần không xác định của đầu
S09,tổn thương khác và không xác định ở đầu
S09.0,"tổn thương các mạch máu ở đầu , không phân loại nơi khác"
S09.1,tổn thương cơ và gân ở đầu
S09.2,rách chấn thương màng nhĩ
S10.0,đụng giập họng
S10.1,tổn thương nông khác và không xác định của họng
S10.7,nhiều ( đa ) tổn thương nông của cổ
S10.8,tổn thương nông của các phần khác của cổ
S10.9,"tổn thương nông của cổ , phần không xác định"
S11,vết thương hở của cổ
S11.0,vết thương hở liên quan đến thanh quản và khí quản
S11.1,vết thương hở liên quan đến tuyến giáp
S06.91,"tổn thương nội sọ , không xác định , có vết thương nội sọ hở"
S07,tổn thương giập nát của đầu
S07.0,tổn thương giập nát của mặt
S07.1,tổn thương giập nát của hộp sọ
S07.8,tổn thương giập nát của các phần khác của đầu
S06.71,"tổn thương nội sọ có hôn mê kéo dài , có vết thương nội sọ hở"
S06.8,tổn thương nội sọ khác
S06.80,"tổn thương nội sọ khác , không có vết thương nội sọ hở"
S06.81,"tổn thương nội sọ khác , có vết thương nội sọ hở"
S06.9,"tổn thương nội sọ , không xác định"
S06.90,"tổn thương nội sọ , không xác định , không có vết thương nội sọ hở"
S13.0,vỡ đĩa liên đốt sống cổ do chấn thương
S13.1,trật khớp đốt sống cổ
S13.2,trật khớp của các phần khác và không xác định của cổ
R87.3,"các phát hiện bất thường trong bệnh phẩm của cơ quan sinh dục nữ , nồng độ bất thường của thuốc , dược phẩm và chất sinh học khác"
R87.4,"các phát hiện bất thường trong bệnh phẩm của cơ quan sinh dục nữ , bất thường về miễn dịch"
R87.5,"các phát hiện bất thường trong bệnh phẩm của cơ quan sinh dục nữ , bất thường về vi sinh"
R93.0,"các phát hiện bất thường về chẩn đoán hình ảnh của xương sọ và đầu , không phân loại nơi khác"
R93.1,"các phát hiện bất thường về chẩn đoán hình ảnh của tim và mạch vành , không đặc hiệu"
R93.2,các phát hiện bất thường về chẩn đoán hình ảnh của gan và đường dẫn mật
S13.5,bong gân và căng cơ vùng giáp
S13.6,bong gân và căng khớp và dây chằng của các phần khác và không xác định của cổ
S14,tổn thương dây thần kinh và tủy sống vùng cổ
S14.0,chấn động và phù tủy sống cổ
S11.2,vết thương hở liên quan đến hầu và thực quản phần cổ
S11.7,đa vết thương hở ở cổ
S11.8,vết thương hở của các phần khác ở cổ
S11.9,"vết thương hở ở cổ , phần không xác định"
S12,gãy cổ
S12.0,gãy đốt sống cổ thứ nhất
S12.00,"gãy đốt sống cổ thứ nhất , gãy kín"
S12.01,"gãy đốt sống cổ thứ nhất , gãy hở"
S12.1,gãy đốt sống cổ thứ hai
S14.1,tổn thương khác và không xác định của tủy sống cổ
S14.2,tổn thương rễ thần kinh của đốt sống cổ
S14.3,tổn thương đám rối thần kinh cánh tay
S14.4,tổn thương đám rối thần kinh ngoại biên của cổ
S12.71,"gãy nhiều đốt sống cổ , gãy hở"
S12.8,gãy các phần khác của cổ
S12.80,"gãy xương các phần khác của cổ , gãy kín"
S12.81,"gãy các phần khác của cổ , gãy hở"
S12.10,"gãy đốt sống cổ thứ hai , gãy kín"
S12.11,"gãy đốt sống cổ thứ hai , gãy hở"
S12.2,gãy đốt sống cổ xác định khác
S12.20,"gãy đốt sống cổ xác định khác , gãy kín"
S12.21,"gãy đốt sống cổ xác định khác , gãy hở"
S12.7,gãy nhiều đốt sống cổ
S12.70,"gãy nhiều đốt sống cổ , gãy kín"
Q84.3,tật không móng
Q84.4,móng đốm trắng bẩm sinh
Q84.5,móng to và phì đại
Q84.6,dị tật bẩm sinh khác của móng
Q84.8,dị tật bẩm sinh đặc hiệu khác của bộ phận bao bọc
R09.3,đờm bất thường
R09.8,các triệu chứng đặc hiệu khác liên quan tới hệ tuần hoàn và hô hấp
R10,đau bụng và đau vùng chậu
Q89.4,sinh đôi dính nhau
Q89.7,"đa dị tật bẩm sinh khác , không phân loại nơi khác"
Q89.8,các dị tật bẩm sinh đặc hiệu khác
Q89.9,dị tật bẩm sinh không đặc hiệu
Q90,hội chứng down
Q90.0,"ba nhiễm sắc thể 21 , giảm phân không phân ly"
Q83.0,thiếu vú và núm vú bẩm sinh
Q83.1,vú phụ
Q83.2,thiếu núm vú
Q83.3,núm vú phụ
Q83.8,dị tật bẩm sinh khác của vú
Q90.9,hội chứng down không đặc hiệu
Q91,hội chứng edwards và hội chứng patau
Q91.0,"ba nhiễm sắc thể 18 , giảm phân không phân ly"
Q91.1,"ba nhiễm sắc thể 18 , thể khảm ( gián phân không phân ly )"
R00.3,"ngừng tim với hoạt động điện vô mạch ( pea ) , không phân loại nơi khác"
R00.8,bất thường khác và không xác định của nhịp tim
R01.1,"tiếng thổi tim , không đặc hiệu"
R01.2,tiếng tim khác
R02,"hoại tử , không phân loại nơi khác"
R03,"bất thường số đo huyết áp , không có chẩn đoán"
R03.0,"số đo huyết áp tăng , không chẩn đoán tăng huyết áp"
R07.0,đau tại họng
R07.1,đau ngực khi thở
R07.2,đau trước tim
R07.3,đau ngực khác
R07.4,đau ngực không đặc hiệu
R09,triệu chứng khác liên quan tới hệ tuần hoàn và hô hấp
R09.0,ngạt
R09.1,viêm màng phổi
R09.2,ngừng thở
R04.9,chảy máu đường hô hấp không đặc hiệu
R05,ho
R06,bất thường về thở
R06.0,khó thở
R06.1,thở rít
R06.2,thở khò khè
R06.3,thở có tính chu kỳ
Q43.2,rối loạn chức năng bẩm sinh khác của đại tràng
Q43.3,các dị tật cố định bẩm sinh ở ruột
Q43.4,ruột đôi
Q43.5,hậu môn lạc chỗ
Q42.0,"không có , teo và hẹp bẩm sinh trực tràng có đường rò"
Q42.1,"không có , teo và hẹp bẩm sinh trực tràng không có đường rò"
Q42.2,"không có , teo và hẹp bẩm sinh hậu môn có đường rò"
Q42.3,"không có , teo và hẹp bẩm sinh hậu môn không có đường rò"
Q37.2,khe hở vòm miệng mềm kết hợp với khe hở môi hai bên
Q37.3,khe hở vòm miệng mềm kết hợp với khe hở môi một bên
Q37.4,"khe hở vòm miệng cứng và mềm , kết hợp với khe hở môi hai bên"
Q42.8,"không có , teo và hẹp bẩm sinh các phần khác của đại tràng"
Q42.9,"không có , teo và hẹp bẩm sinh đại tràng , phần không xác định"
Q43,các dị tật bẩm sinh khác của ruột
Q43.0,túi thừa meckel
Q43.1,bệnh hirschsprung
Q35.3,khe hở vòm miệng mềm
Q35.5,khe hở vòm miệng cứng và mềm
Q35.7,khe hở lưỡi gà
Q37,khe hở vòm miệng cùng với khe hở môi
Q37.0,khe hở vòm miệng cứng kết hợp với khe hở môi hai bên
Q37.1,khe hở vòm miệng cứng kết hợp với khe hở môi một bên
Q38.7,túi họng
Q38.8,các dị tật bẩm sinh khác của họng
Q39,các dị tật bẩm sinh của thực quản
Q39.0,teo thực quản không có đường rò
Q35.9,"khe hở vòm miệng , không đặc hiệu , một bên"
Q36,khe hở môi
Q36.0,"khe hở môi , hai bên"
Q36.1,khe hở giữa môi
Q36.9,"khe hở môi , một bên"
Q39.1,teo thực quản có đường rò thực quản - khí quản
Q39.2,"đường rò thực quản - khí quản bẩm sinh , không có , teo thực quản"
Q39.3,hẹp và hẹp khít thực quản bẩm sinh
Q39.4,màng dính thực quản bẩm sinh
Q34.1,kén trung thất bẩm sinh
Q34.8,các dị tật đường hô hấp bẩm sinh đặc hiệu khác
Q34.9,bất thường bẩm sinh bộ máy hô hấp không đặc hiệu
Q35,khe hở vòm miệng
Q35.1,khe hở vòm miệng cứng
Q97.2,"thể khảm , dòng có nhiễm sắc thể x khác nhau"
Q97.3,"nữ có kiểu nhiễm sắc thể 46 , xy"
Q97.8,kiểu hình nữ có bất thường nhiễm sắc thể giới tính đặc hiệu khác
Q97.9,"kiểu hình nữ có bất thường nhiễm sắc thể giới tính , không đặc hiệu"
Q98,"bất thường nhiễm sắc thể giới tính khác , kiểu hình nam , không phân loại nơi khác"
Q98.0,"hội chứng kilnefeiter với kiểu nhiễm sắc thể 47 , xxy"
Q98.1,"hội chứng kilnefeiter , nam có hơn 2 nhiễm sắc thể x"
Q98.2,"hội chứng kilnefeiter , nam có kiểu nhiễm sắc thể 46 , xx"
Q93.1,"đơn nhiễm sắc thể hoàn toàn , thể khảm ( không phân ly khi gián phân )"
Q93.2,nhiễm sắc thể vòng hay hai tâm
Q93.3,mất đoạn cánh ngắn nhiễm sắc thể số 4
Q93.4,mất đoạn cánh ngắn nhiễm sắc thể số 5
R00,bất thường của nhịp tim
R00.0,"nhịp nhanh tim , không đặc hiệu"
R00.1,"nhịp tim chậm , không đặc hiệu"
R00.2,đánh trống ngực
Q86.1,hội chứng hydantoin bào thai
Q86.2,dị hình do warfarin
Q86.8,các dị tật bẩm sinh khác do các nguyên nhân ngoại sinh đã biết
Q87,các hội chứng dị tật bẩm sinh đặc hiệu khác ảnh hưởng nhiều hệ thống
Q87.0,các hội chứng dị tật bẩm sinh gây tổn thương chủ yếu ở hình dạng của mặt
Q89,"các dị tật bẩm sinh khác , chưa phân loại"
Q89.0,các dị tật bẩm sinh của lách
Q89.1,các dị tật bẩm sinh của tuyến thượng thận
Q89.2,các dị tật bẩm sinh của các tuyến nội tiết khác
Q89.3,đảo ngược phủ tạng
Q95.4,cá thể có dấu ấn chất dị nhiễm sắt
Q95.5,cá thể có đoạn nhiễm sắc thể thường dễ gãy
Q95.8,sắp xếp lại cân bằng và dấu ấn cấu trúc khác
Q95.9,"sắp xếp lại cân bằng và dấu ấn cấu trúc , không đặc hiệu"
Q96,hội chứng turner
Q96.0,"kiểu nhiễm sắc thể 45 , x"
Q96.4,"thể khảm , 45 , x , dòng tế bào khác có nhiễm sắc thể giới tính bất thường"
Q96.8,các dạng khác của hội chứng turner
Q96.9,"hội chứng turner , không đặc hiệu"
Q97,"bất thường nhiễm sắc thể giới tính khác , kiểu hình nữ , không phân loại nơi khác"
Q97.0,"kiểu nhiễm sắc thể 47 , xxx"
Q97.1,nữ có hơn 3 nhiễm sắc thể x
Q96.1,"kiểu nhiễm sắc thể 46 , x iso ( xq )"
Q96.2,"kiểu nhiễm sắc thể 46 , x với nhiễm sắc thể giới tính bất thường , trừ iso ( xq )"
Q96.3,"thể khảm , 45 , x , 46 , xx hay xy"
Q98.9,"bất thường nhiễm sắc thể giới tính , kiểu hiện nam , không đặc hiệu"
Q99,"bất thường nhiễm sắc thể khác , không phân loại nơi khác"
Q99.0,"thể khảm 46 , xx , 46 , xy"
Q99.1,"rối loạn phát triển giới tính 46 , xx"
Q99.2,nhiễm sắc thể x dễ gãy
Q99.8,bất thường nhiễm sắc thể đặc hiệu khác
Q99.9,"bất thường nhiễm sắc thể , không đặc hiệu"
Q93.5,mất đoạn khác của nhiễm sắc thể
Q93.6,mất đoạn chỉ thấy ở tiền pha giữa ( tiền trung kỳ )
Q93.7,mất đoạn với sắp xếp lại các phức hợp khác
Q93.8,mất đoạn của nhiễm sắc thể thường khác
Q93.9,"mất đoạn của nhiễm sắc thể thường , không đặc hiệu"
R87.8,"các phát hiện bất thường trong bệnh phẩm của cơ quan sinh dục nữ , bất thường khác"
R87.9,"các phát hiện bất thường trong bệnh phẩm của cơ quan sinh dục nữ , bất thường không xác định"
R89,"các phát hiện bất thường trong mẫu vật của các cơ quan , hệ thống và mô khác"
R89.0,"các phát hiện bất thường trong mẫu vật của các cơ quan , hệ thống và mô khác , nồng độ bất thường của men"
S27.01,"tràn khí màng phổi do chấn thương , có vết thương mở vào lồng ngực"
S27.1,tràn máu phổi do chấn thương
S27.10,"tràn máu phổi do chấn thương , không có vết thương mở vào lồng ngực"
S27.11,"tràn máu phổi do chấn thương , có vết thương mở vào lồng ngực"
S27.2,tràn khí tràn máu màng phổi sau chấn thương
S26.0,tổn thương tim có tràn máu màng tim
S26.00,"tổn thương tim có tràn máu màng tim , không có vết thương mở vào lồng ngực"
S26.01,"tổn thương tim có tràn máu màng tim , có vết thương mở vào lồng ngực"
S26.8,tổn thương khác của tim
S26.80,"tổn thương khác của tim , không có vết thương mở vào lồng ngực"
S27.30,"tổn thương khác của phổi , không có vết thương mở vào lồng ngực"
S27.31,"tổn thương khác của phổi , có vết thương mở vào lồng ngực"
S27.4,tổn thương phế quản
S27.40,"tổn thương phế quản , không có vết thương mở vào lồng ngực"
S24.5,tổn thương dây thần kinh khác ở ngực
S24.6,tổn thương dây thần kinh không xác định của ngực
S25,tổn thương mạch máu của ngực
S25.0,tổn thương động mạch chủ ngực
S25.1,tổn thương động mạch vô danh hay dưới đòn
S25.7,tổn thương mạch máu phức tạp của ngực
S25.8,tổn thương mạch máu khác của ngực
S25.9,tổn thương mạch máu không xác định của ngực
S26,tổn thương tim
S27.20,"tràn khí tràn máu màng phổi sau chấn thương , không có vết thương mở vào lồng ngực"
S27.21,"tràn khí tràn máu màng phổi sau chấn thương , có vết thương mở vào lồng ngực"
S27.3,tổn thương khác của phổi
S26.81,"tổn thương khác của tim , có vết thương mở vào lồng ngực"
S26.9,"tổn thương tim , không xác định"
S26.90,"tổn thương tim , không xác định , không có vết thương mở vào lồng ngực"
S26.91,"tổn thương tim , không xác định , có vết thương mở vào lồng ngực"
S27,tổn thương của các cơ quan trong lồng ngực khác và không xác định
S27.0,tràn khí màng phổi do chấn thương
S27.00,"tràn khí màng phổi do chấn thương , không có vết thương mở vào lồng ngực"
S25.2,tổn thương tĩnh mạch chủ trên -
S25.3,tổn thương tĩnh mạch nào đó hay tĩnh mạch dưới đòn
S25.4,tổn thương mạch máu phổi
S25.5,tổn thương mạch máu liên sườn
S27.41,"tổn thương phế quản , có vết thương mở vào ổ ngực"
S27.5,tổn thương khí quản ngực
S27.50,"tổn thương khí quản ngực , không có vết thương mở vào ổ ngực"
S27.51,"tổn thương khí quản ngực , có vết thương mở vào ổ ngực"
S27.6,tổn thương màng phổi
S27.60,"tổn thương màng phổi , không có vết thương mở vào ổ ngực"
S27.61,"tổn thương màng phổi , có vết thương mở vào ổ ngực"
Q83.9,dị tật bẩm sinh của vú không đặc hiệu
Q84,dị tật bẩm sinh khác của bộ phận bao bọc
Q84.0,rụng lông tóc bẩm sinh
Q84.1,"rối loạn bẩm sinh hình thái của tóc , không phân loại nơi khác"
Q84.2,dị tật bẩm sinh khác của lông tóc
Q92.2,ba nhiễm sắc thể một phần lớn
Q92.3,ba nhiễm sắc thể một phần nhỏ
Q92.4,sự nhân đôi chỉ thấy ở tiền pha giữa ( tiền trung kỳ )
Q92.5,nhân đôi cùng với sự sắp xếp lại các phức hợp khác
Q92.6,nhiễm sắc thể có dấu ấn ngoài
Q90.1,"ba nhiễm sắc thể 21 , thể khảm ( gián phân không phân ly )"
Q90.2,"ba nhiễm sắc thể 21 , chuyển đoạn"
Q92.7,tam bội và đa bội
Q92.8,ba nhiễm sắc thể đặc hiệu khác và ba nhiễm sắc thể một phần của nhiễm sắc thể thường
Q92.9,"ba nhiễm sắc thể và một phần ba nhiễm sắc thể của nhiễm sắc thể thường , không đặc hiệu"
Q93,"đơn nhiễm sắc thể và mất đoạn của nhiễm sắc thể thường , không phân loại nơi khác"
Q93.0,"đơn nhiễm sắc thể hoàn toàn , giảm phân không phân ly"
Q87.1,các hội chứng dị tật bẩm sinh liên quan chủ yếu đến thân hình ngắn
Q87.2,các hội chứng dị tật bẩm sinh liên quan chủ yếu đến các chi
Q87.3,các hội chứng dị tật bẩm sinh có phát triển sớm quá mức
Q87.4,hội chứng marfan
Q87.5,các hội chứng dị tật bẩm sinh khác đi kèm các thay đổi xương khác
Q87.8,"các hội chứng dị tật bẩm sinh đặc hiệu khác , không phân loại nơi khác"
Q91.2,"ba nhiễm sắc thể 18 , chuyển đoạn"
Q91.3,hội chứng edwards không đặc hiệu
Q91.4,"ba nhiễm sắc thể 13 , giảm phân không phân ly"
Q91.5,"ba nhiễm sắc thể 13 , thể khảm ( không phân ly khi gián phân )"
Q91.6,"ba nhiễm sắc thể 13 , chuyển đoạn"
Q81.9,"ly thượng bì bọng nước , không đặc hiệu"
Q82,dị tật bẩm sinh khác về da
Q82.0,phù bạch huyết di truyền
Q82.1,bệnh khô da nhiễm sắc tố
Q82.2,bệnh dưỡng bào
Q82.3,bệnh sắc tố dầm dề
Q91.7,"hội chứng patau , không đặc hiệu"
Q92,"ba nhiễm sắc thể và một phần ba nhiễm sắc thể khác của nhiễm sắc thể thường , không phân loại nơi khác"
Q92.0,"ba nhiễm sắc thể hoàn toàn , giảm phân không phân ly"
Q92.1,"ba nhiễm sắc thể hoàn toàn , thể khảm ( gián phân không phân ly )"
Q80.8,bệnh vảy cá bẩm sinh khác
Q80.9,bệnh vảy cá bẩm sinh không đặc hiệu
Q81,bong biểu bì bọng nước
Q81.0,ly thượng bì bọng nước đơn giản
Q81.1,ly thượng bì bọng nước thể nguy kịch
Q81.2,ly thượng bì bọng nước thể loạn dưỡng
Q81.8,ly thượng bì bọng nước khác
Q82.4,loạn sản ngoại bì ( làm giảm tiết mồ hôi )
Q82.5,nê - vi bẩm sinh không tạo u
Q82.8,"các dị tật về da bẩm sinh , đặc hiệu khác"
Q82.9,dị tật bẩm sinh về da không đặc hiệu
Q83,dị tật bẩm sinh của vú
Q66.6,các biến dạng vẹo ra bẩm sinh khác của bàn chân
Q66.7,bàn chân lõm
Q66.8,các biến dạng bẩm sinh khác của bàn chân
Q66.9,"biến dạng bẩm sinh của bàn chân , không đặc hiệu"
Q67,"các biến dạng cơ xương bẩm sinh của đầu , mặt , cột sống và ngực"
R01,tiếng thổi tim và các tiếng tim khác
R01.0,tiếng thổi tim lành tính và không hại
R29.4,chậu hông khoèo
R29.6,"dễ ngã , không phân loại nơi khác"
R29.8,triệu chứng khác và không xác định liên quan tới hệ thần kinh và cơ xương
R36,chất tiết niệu đạo
R39,triệu chứng khác liên quan tới hệ tiết niệu
R39.0,tràn máu nước tiểu
R39.1,các khó khăn khác khi tiểu tiện
R30,đau liên quan với tiểu tiện
R30.0,đái khó
R30.1,đau thắt bàng quang
R30.9,"đái dắt đau , không đặc hiệu"
R31,đái máu không xác định
R29.0,co cứng
R29.1,hội chứng ( co cứng ) màng não
R29.2,phản xạ bất thường
R29.3,tư thế bất thường
R41.0,"mất định hướng , không đặc hiệu"
R41.1,quên thuận chiều
R41.2,quên ngược chiều
R41.3,các loại quên khác
R41.8,triệu chứng không xác định liên quan đến chức năng nhận thức và nhận biết
R42,hoa mắt và chóng mặt
R43,rối loạn về mùi và vị
R32,tiểu tiện mất tự chủ không xác định
R33,bí đái
R34,vô niệu và thiểu niệu
R35,đa niệu
R43.0,mất khứu giác
R43.1,loạn khứu giác
R43.2,loạn vị giác
R43.8,rối loạn khác và không xác định về mùi và vị
R44,triệu chứng cơ năng và thực thể khác về cảm giác và tri giác tổng quát
R40.0,buồn ngủ
R40.1,sững sờ
R40.2,"hôn mê , không đặc hiệu"
R41,triệu chứng khác liên quan đến chức năng nhận thức và tri giác
R19,triệu chứng khác liên quan tới hệ tiêu hóa và bụng
R19.0,sưng hoặc khối u trong bụng và vùng vùng chậu
R52.2,đau mạn tính khác
R52.9,"đau , không đặc hiệu"
R53,khó chịu và mệt mỏi
R59.9,"hạch to , không đặc hiệu"
R60,"phù , không phân loại nơi khác"
R60.0,phù khu trú
R60.1,phù toàn thể
R60.9,phù không đặc hiệu
R61,tăng tiết mồ hôi
R54,lão suy do tuổi già
R55,ngất và ngã quỵ
R50.9,"sốt , không đặc hiệu"
R51,đau đầu
R52,đau không phân loại nơi khác
R52.0,đau cấp tính
R52.1,đau mạn tính khó chữa
R58,chảy máu không phân loại nơi khác
R59,hạch bạch huyết to
R59.0,hạch to khu trú
R59.1,hạch to toàn thân
R63.1,chứng khát nước nhiều
R63.2,chứng ăn nhiều
R63.3,khó khăn khi cho ăn và quản lý kém
R63.4,giảm cân bất thường
R61.0,tăng tiết mồ hôi khu trú
R61.1,tăng tiết mồ hôi toàn thể
R61.9,"tăng tiết mồ hôi , không đặc hiệu"
R62,phát triển sinh lý không bình thường như mong muốn
R62.0,chậm đạt các mốc phát triển
R62.8,phát triển sinh lý không bình thường khác
R62.9,"phát triển sinh lý không bình thường , không đặc hiệu"
R63,triệu chứng liên quan tới đồ ăn và thức uống đưa vào cơ thể
R63.0,chán ăn
R56,"co giật , không phân loại nơi khác"
R56.0,co giật do sốt
R56.8,co giật khác và không xác định
R57,sốc không phân loại nơi khác
R57.0,sốc tim
R57.1,sốc giảm thể tích
R57.2,sốc nhiễm khuẩn
R57.8,sốc khác
R57.9,sốc không đặc hiệu
R39.2,urê máu cao ngoài thận
R39.8,triệu chứng không xác định liên quan tới hệ tiết niệu
R40,"buồn ngủ , lơ mơ và hôn mê"
R73.0,test dung nạp glucoza bất thường
R73.9,"tăng đường huyết , không đặc hiệu"
R74,bất thường nồng độ enzym huyết thanh
R74.0,tăng mức men transaminase và men acid lactic dehydrogenase ( ldh )
R70.1,bất thường độ nhớt huyết tương
R71,bất thường về hồng cầu
R72,"bất thường về bạch cầu , không phân loại nơi khác"
R73,tăng nồng độ glucoza máu
R68.8,triệu chứng toàn thể xác định khác
R69,nguyên nhân mắc bệnh không đặc hiệu và không rõ
R70,độ lắng hồng cầu và bất thường độ nhớt huyết tương
R70.0,tăng độ lắng hồng cầu
R74.8,các bất thường nồng độ enzym huyết thanh khác
R74.9,bất thường nồng độ của enzym huyết thanh không xác định
R75,biểu hiện cận lâm sàng của virus gây suy giảm miễn dịch ở người ( hiv )
R76,các phát hiện bất thường khác về miễn dịch trong huyết thanh
R76.0,tăng chuẩn độ kháng thể
R76.1,phản ứng bất thường với test tuberculin
R76.2,test huyết thanh dương tính giả với giang mai
R76.8,các kết quả miễn dịch bất thường đặc hiệu khác của huyết thanh
R76.9,"phát hiện miễn dịch bất thường trong huyết thanh , không đặc hiệu"
R64,suy mòn
R65,hội chứng đáp ứng viêm hệ thống
R65.0,hội chứng đáp ứng viêm hệ thống do nhiễm trùng không suy tạng
R65.1,hội chứng đáp ứng viêm hệ thống do nhiễm trùng có suy tạng
R65.2,hội chứng đáp ứng viêm hệ thống không do nhiễm trùng không suy tạng
R63.5,tăng cân bất thường
R63.6,thiếu ăn và uống
R63.8,triệu chứng khác liên quan đến thức ăn và dịch đưa vào cơ thể
R77,bất thường khác về protein huyết tương
R77.0,bất thường của albumin
R77.1,bất thường của globulin
R65.3,hội chứng đáp ứng viêm hệ thống không do nhiễm trùng có suy tạng
R65.9,"hội chứng đáp ứng viêm hệ thống , không đặc hiệu"
R68,triệu chứng toàn thể khác
R68.0,"hạ thân nhiệt , không liên quan đến nhiệt độ môi trường thấp"
R68.1,triệu chứng riêng không đặc hiệu của trẻ em
R68.2,miệng khô không đặc hiệu
R68.3,chứng ngón tay hình dùi trống
Q40.9,dị tật bẩm sinh không đặc hiệu của đường tiêu hóa trên
Q41,"không có , teo và hẹp bẩm sinh ruột non"
Q41.0,"không có , teo và hẹp hành tá tràng bẩm sinh"
Q41.1,"không có , teo và hẹp hỗng tràng bẩm sinh"
Q50.4,nang bào thai của vòi trứng
Q50.5,nang nguồn gốc bào thai của dây chằng rộng
Q50.6,những dị tật bẩm sinh khác của vòi trứng và dây chằng rộng
Q51,dị tật bẩm sinh của tử cung và cổ tử cung
Q51.0,bất sản và ngừng phát triển của tử cung
Q43.6,đường rò bẩm sinh của hậu môn và trực tràng
Q43.7,tồn tại ổ nhớp
Q43.8,các dị tật bẩm sinh đặc hiệu khác của ruột
Q43.9,"dị tật bẩm sinh ruột , không đặc hiệu"
Q44,"các dị tật bẩm sinh của túi mật , đường mật và gan"
Q54.0,lỗ tiểu lệch thấp thể quy đầu
Q54.1,lỗ tiểu lệch thấp thể dương vật
Q54.2,lỗ tiểu lệch thấp thể dương vật - bìu
Q54.3,lỗ tiểu lệch thấp ở tầng sinh môn
Q55.2,các dị tật bẩm sinh khác của tinh hoàn và bìu
Q55.3,teo ống dẫn tinh
Q55.4,"các dị tật bẩm sinh khác của ống dẫn tinh , mào tinh , túi tinh và tuyến tiền liệt"
Q60.0,không có thận một bên
Q60.1,không có thận cả hai bên
Q60.2,không có thận không đặc hiệu
Q60.3,giảm sản thận một bên
Q60.4,giảm sản thận hai bên
Q60.5,giảm sản thận không đặc hiệu
Q60.6,hội chứng potter
Q61,các bệnh nang thận
Q52.7,các dị tật bẩm sinh khác của âm hộ
Q52.8,các dị tật bẩm sinh đặc hiệu khác của cơ quan sinh dục nữ
Q52.9,dị tật bẩm sinh của cơ quan sinh dục nữ không đặc hiệu
Q53,tinh hoàn lạc chỗ
Q52.3,màng trinh không thủng
Q52.4,các dị tật bẩm sinh khác của âm đạo
Q52.5,dính môi lớn
Q52.6,dị tật bẩm sinh của âm vật
Q53.0,tinh hoàn ẩn
Q53.1,tinh hoàn chưa xuống bìu một bên
Q53.2,tinh hoàn chưa xuống bìu hai bên
Q53.9,"tinh hoàn chưa xuống bìu , không đặc hiệu"
Q54,lỗ tiểu lệnh thấp
Q55.5,dương vật nhỏ và thiểu sản
Q55.6,dị tật bẩm sinh khác của dương vật
Q55.8,dị tật bẩm sinh đặc hiệu khác của cơ quan sinh dục nam
Q55.9,dị tật bẩm sinh của cơ quan sinh dục nam không đặc hiệu
R10.0,đau bụng cấp
R10.1,đau bụng khu trú bụng trên
R10.2,đau vùng chậu và đáy chậu
R03.1,số đo huyết áp thấp không xác định
R04,chảy máu đường hô hấp
R04.0,chảy máu cam
R04.1,chảy máu họng
R04.2,ho ra máu
R04.8,chảy máu các vị trí khác của đường hô hấp
Q84.9,dị tật bẩm sinh khác của bộ phận bao bọc không đặc hiệu
Q85,"hội chứng u thần kinh - da ngoại bì , không phân loại nơi khác"
Q85.0,u xơ thần kinh ( lành tính )
Q85.1,bệnh xơ cứng củ
Q85.8,"hội chứng u thần kinh da ngoại bì khác , không phân loại nơi khác"
Q85.9,hội chứng u thần kinh da ngoại bì không đặc hiệu
Q86,"các hội chứng dị tật bẩm sinh do những nguyên nhân ngoại sinh đã biết , không phân loại nơi khác"
Q86.0,rối loạn thai nhi vì ảnh hưởng rượu ( dị hình )
Q98.3,"nam khác với kiểu nhiễm sắc thể 46 , xx"
Q98.4,hội chứng kilnefeiter không đặc hiệu
Q98.5,"kiểu nhiễm sắc thể 47 , xyy"
Q98.6,nam có cấu trúc nhiễm sắc thể giới tính bất thường
Q98.7,nam có thể khảm nhiễm sắc thể giới tính
Q98.8,"các bất thường đặc hiệu của nhiễm sắc thể giới tính , kiểu hình nam"
R19.6,chứng hôi miệng
R19.8,triệu chứng đặc hiệu khác liên quan tới hệ tiêu hóa và bụng
R19.4,thay đổi thói quen của ruột
R19.5,bất thường khác của phân
R11,buồn nôn và nôn
R12,nóng rát ngực
R16,"gan to và lá lách to , không phân loại nơi khác"
R16.0,"gan to , không phân loại nơi khác"
R16.1,"lách to , không phân loại nơi khác"
R16.2,"gan to kèm lách to , không phân loại nơi khác"
R17,"tăng bilirubin huyết , có hoặc không có vàng da , không phân loại nơi khác"
R17.0,"tăng bilirubin huyết có đề cập đến vàng da , không phân loại nơi khác"
R17.9,"tăng bilirubin huyết không đề cập đến vàng da , không phân loại nơi khác"
R18,cổ trướng
R19.1,tiếng ruột bất thường
R19.2,nhu động ruột có thể nhìn được
R19.3,cứng bụng
R13,khó nuốt
R14,đầy hơi và các tình trạng liên quan
R15,đại tiện mất tự chủ
R10.3,đau khu trú tại các vùng khác của bụng dưới
R10.4,đau bụng khác và không xác định
R25.0,bất thường vận động đầu
R25.1,"rung , không đặc hiệu"
R25.2,chuột rút và co cứng
R25.3,co cứng cơ cục bộ
R25.8,vận động không tự chủ bất thường khác và không xác định
R20,rối loạn cảm giác da
R20.0,mất cảm giác da
R20.1,giảm cảm giác da
R20.2,dị cảm da
R20.3,tăng cảm giác
R20.8,rối loạn khác và không xác định của cảm giác da
R26,bất thường dáng đi và chuyển động
R26.0,dáng đi mất điều vận
R26.1,dáng đi liệt
R23.2,chứng đỏ bừng mặt
R23.3,ban xuất huyết ngẫu phát
R23.4,thay đổi kết cấu da
R23.8,các thay đổi khác và không xác định của da
R25,vận động không tự chủ bất thường
R22.4,"sưng khu trú , khối và cục ở chi dưới"
R22.7,"sưng khu trú , khối và cục ở nhiều vị trí"
R22.9,"sưng khu trú , khối và cục , không đặc hiệu"
R23,các thay đổi khác của da
R23.0,da xanh tím
R23.1,da xanh nhợt
R26.2,"khó khăn khi đi , không phân loại nơi khác"
R26.3,bất động
R26.8,dáng đi và di chuyển bất thường khác và không xác định
R27,thiếu phối hợp khác
R27.0,"mất điều hòa vận động , không đặc hiệu"
R27.8,thiếu phối hợp khác và không xác định
R29,triệu chứng khác liên quan tới hệ thần kinh và cơ xương
R21,ban và phát ban không đặc hiệu
R22,"sưng cục bộ , khối cục ở da và tổ chức dưới da"
R22.0,"sưng khu trú , khối và cục ở đầu"
R22.1,"sưng khu trú , khối và cục ở cổ"
R22.2,"sưng khu trú , khối và cục ở thân mình"
R22.3,"sưng khu trú , khối và cục ở chi trên"
Q54.4,cong dương vật bẩm sinh
Q54.8,các thể lỗ tiểu lệch thấp khác
Q54.9,lỗ tiểu lệch thấp không đặc hiệu
Q55,các dị tật bẩm sinh khác của cơ quan sinh dục nam
Q55.0,không có hoặc bất sản tinh hoàn
Q55.1,thiểu sản bìu và tinh hoàn
Q51.1,tử cung đôi với cổ tử cung và âm đạo đôi
Q51.2,các loại tử cung đôi khác
Q51.3,tử cung hai sừng
Q51.4,tử cung một sừng
Q51.5,bất sản và ngừng phát triển của cổ tử cung
Q64.8,các dị tật bẩm sinh đặc hiệu khác của hệ tiết niệu
Q64.9,dị tật bẩm sinh của hệ tiết niệu không đặc hiệu
Q65,biến dạng bẩm sinh của khớp háng
Q65.0,"trật khớp háng bẩm sinh , một bên"
Q65.1,"trật khớp háng bẩm sinh , hai bên"
Q62.6,thay đổi vị trí của niệu quản
Q62.7,trào ngược bàng quang - niệu quản - thận
Q62.8,các dị tật bẩm sinh khác của niệu quản
Q63,các dị tật bẩm sinh khác của thận
Q61.8,các loại bệnh nang thận khác
Q61.9,bệnh nang thận không đặc hiệu
Q62,các bệnh lý tắc bẩm sinh của bể thận và các dị tật bẩm sinh của niệu quản
Q62.0,ứ nước thận bẩm sinh
Q62.1,teo và hẹp niệu quản
Q62.2,phình to niệu quản bẩm sinh
Q62.3,các bệnh lý tắc khác của bể thận và niệu quản
Q62.4,không có niệu quản
Q62.5,niệu quản đôi
Q65.2,"trật khớp háng bẩm sinh , không đặc hiệu"
Q65.3,"trật khớp háng nhẹ bẩm sinh , một bên"
Q65.4,"trật khớp háng nhẹ bẩm sinh , hai bên"
Q65.5,"trật khớp háng nhẹ bẩm sinh , không đặc hiệu"
Q65.6,khớp háng không ổn định
Q65.8,các biến dạng bẩm sinh khác của khớp háng
Q63.0,thận phụ
Q63.1,"thận móng ngựa , thận dính , thận phân thùy"
Q63.2,thận lạc chỗ
Q63.3,thận khổng lồ và tăng sản
Q63.8,các dị tật bẩm sinh đặc hiệu khác của thận
Q63.9,dị tật bẩm sinh của thận không đặc hiệu
Q64,các dị tật bẩm sinh khác của hệ tiết niệu
Q64.0,lỗ tiểu lệch cao
Q64.1,bàng quang lộ ngoài
Q64.2,van niệu đạo sau bẩm sinh
Q64.3,teo và hẹp niệu đạo và cổ bàng quang bẩm sinh khác
Q61.0,nang thận đơn bẩm sinh
Q61.1,"bệnh thận đa nang , di truyền lặn trên nhiễm sắc thể thường"
Q61.2,"bệnh thận đa nang , di truyền trội trên nhiễm sắc thể thường"
Q61.3,thận đa nang không đặc hiệu
Q61.4,loạn sản thận
Q61.5,nang ở tủy thận
Q51.6,nang nguồn gốc bào thai của cổ tử cung
Q51.7,rò bẩm sinh giữa tử cung với ống tiêu hóa và đường tiết niệu
Q51.8,các dị tật bẩm sinh khác của tử cung và cổ tử cung
Q37.5,"khe hở vòm miệng cứng và mềm , kết hợp với khe hở môi một bên"
Q37.8,khe hở vòm miệng không xác định và khe hở môi hai bên
Q37.9,khe hở vòm miệng không xác định và khe hở môi một bên
Q38,"các dị tật bẩm sinh khác của lưỡi , miệng và họng"
Q41.2,"không có , teo và hẹp hồi tràng bẩm sinh"
Q41.8,"không có , teo và hẹp mọt phần tiểu tràng xác định khác bẩm sinh"
Q41.9,"không có , teo và hẹp tiểu tràng phần không xác định"
Q42,"không có , teo và hẹp bẩm sinh đại tràng"
Q40.0,hẹp phì đại môn vị bẩm sinh
Q40.1,thoát vị khe thực quản bẩm sinh
Q40.2,các dị tật bẩm sinh đặc hiệu khác của dạ dày
Q40.3,dị tật bẩm sinh của dạ dày không đặc hiệu
Q40.8,các dị tật bẩm sinh đặc hiệu khác của đường tiêu hóa trên
Q39.5,giãn thực quản bẩm sinh
Q39.6,túi thừa thực quản
Q39.8,các dị tật bẩm sinh khác của thực quản
Q39.9,"dị tật bẩm sinh của thực quản , không đặc hiệu"
Q40,các dị tật bẩm sinh khác của đường tiêu hóa trên
Q45.9,"dị tật bẩm sinh của hệ tiêu hóa , không đặc hiệu"
Q50,"những dị tật bẩm sinh của buồng trứng , vòi trứng và dây chằng rộng"
Q50.0,không có buồng trứng bẩm sinh
Q50.1,nang buồng trứng bẩm sinh
Q50.2,xoắn buồng trứng bẩm sinh
Q50.3,những dị tật bẩm sinh khác của buồng trứng
Q51.9,dị tật bẩm sinh của tử cung và cổ tử cung không đặc hiệu
Q52,các dị tật bẩm sinh khác của cơ quan sinh dục nữ
Q52.0,không có âm đạo bẩm sinh
Q52.1,âm đạo đôi
Q52.2,rò trực tràng âm đạo bẩm sinh
Q45,các dị tật bẩm sinh khác của hệ tiêu hóa
Q45.0,"không phát triển , bất sản và giảm sản tụy"
Q45.1,tụy hình vòng
Q45.2,nang tụy bẩm sinh
Q45.3,các dị tật bẩm sinh khác của tụy và ống tụy
Q45.8,các dị tật bẩm sinh đặc hiệu khác của hệ tiêu hóa
Q44.4,u nang ống mật chủ
Q44.5,các dị tật bẩm sinh khác của đường mật
Q44.6,các bệnh nang của gan
Q44.7,các dị tật bẩm sinh khác của gan
Q56,không xác định giới tính và hội chứng giả lưỡng giới
Q56.0,"hội chứng lưỡng giới , không phân loại nơi khác"
Q56.1,"hội chứng lưỡng giới giả nam , không phân loại nơi khác"
Q56.2,"hội chứng lưỡng giới giả nữ , không phân loại nơi khác"
Q56.3,hội chứng lưỡng giới giả không đặc hiệu
Q56.4,không đặc hiệu giới tính không đặc hiệu
Q60,không có thận và các khuyết tật khác của thận
Q65.9,"biến dạng bẩm sinh của khớp háng , không đặc hiệu"
Q66,các biến dạng bẩm sinh của bàn chân
Q66.0,bàn chân khoèo
Q66.1,bàn chân gót vẹo vào trong
Q66.2,xương đốt bàn chân vẹo vào trong
Q67.0,mất cân đối mặt
Q67.1,mặt bị ép
Q67.2,đầu dài
Q67.3,tật sọ nghiêng
Q67.4,"các biến dạng bẩm sinh khác của sọ , mặt và xương hàm"
Q71.0,thiếu toàn bộ chi trên bẩm sinh
Q71.1,tật thiếu cánh - cẳng tay bẩm sinh có bàn tay
Q71.2,tật thiếu cả hai bàn tay và cẳng tay bẩm sinh
Q71.3,tật thiếu bàn tay và ngón tay bẩm sinh
Q69.1,ngón cái phụ
Q69.2,các ngón chân phụ
Q69.9,"tật đa ngón , không đặc hiệu"
Q70,tật dính ngón
Q70.0,các ngón dính nhau
Q70.1,ngón mảng da
Q66.3,các biến dạng vẹo vào trong bẩm sinh khác của bàn chân
Q66.4,bàn chân gót vẹo ra ngoài
Q66.5,bàn chân bẹt bẩm sinh
Q68,các biến dạng cơ xương bẩm sinh khác
Q68.0,biến dạng bẩm sinh của cơ ức đòn chũm
Q68.1,biến dạng bẩm sinh của bàn tay
Q68.2,biến dạng bẩm sinh của đầu gối
Q68.3,cong xương đùi bẩm sinh
Q70.2,dính các ngón chân
Q70.3,tật dính da ngón đơn thuần không có dính xương
Q70.4,dính nhiều ngón
Q70.9,tật dính ngón không đặc hiệu
Q71,các khuyết tật thiếu hụt của chi trên
Q67.5,biến dạng cột sống bẩm sinh
Q67.6,ngực lõm
Q67.7,ngực lồi
Q67.8,các biến dạng bẩm sinh khác của ngực
Q68.4,xương chầy và xương mác cong bẩm sinh
Q68.5,"cong bẩm sinh các xương dài của chân , không đặc hiệu"
Q68.8,các biến dạng cơ xương bẩm sinh đặc hiệu khác
Q69,tật đa ngón
Q69.0,ngón tay phụ
Q64.4,dị tật ống niệu rốn
Q64.5,không có bẩm sinh bàng quang và niệu đạo
Q64.6,túi thừa bẩm sinh của bàng quang
Q64.7,các dị tật bẩm sinh khác của bàng quang và niệu đạo
Q75.5,loạn phát xương mặt - hàm
Q75.8,các dị tật bẩm sinh đặc hiệu khác của xương sọ và mặt
Q75.9,dị tật bẩm sinh của xương sọ và xương mặt
Q76,các dị tật bẩm sinh của xương sống và xương lồng ngực
Q72.2,tật thiếu cẳng chân và bàn chân bẩm sinh
Q72.3,tật thiếu bàn chân và ngón chân bẩm sinh
Q72.4,khuyết tật thiếu hụt theo chiều dài của xương đùi
Q75,các dị tật bẩm sinh khác của xương sọ và xương mặt
Q75.0,liền sớm khớp sọ
Q75.1,loạn phát xương sọ mặt
Q75.2,chứng quá cách xa
Q75.3,tật đầu to
Q75.4,loạn phát xương hàm mặt
Q76.0,đốt sống tách đôi kín đáo
Q76.1,hội chứng klippel - feil
Q76.2,khuyết eo đốt sống bẩm sinh
Q76.3,vẹo cột sống bẩm sinh do dị tật xương bẩm sinh
Q76.4,"các dị tật bẩm sinh khác của xương sống , không liên quan đến vẹo cột sống"
Q72.9,các khuyết tật thiếu hụt khác của chi dưới không đặc hiệu
Q73,các khuyết tật thiếu hụt của chi không xác định
Q73.0,khuyết chi không đặc hiệu bẩm sinh
Q73.1,"khuyết tật giống hải cẩu , các chi không đặc hiệu"
Q73.8,các khuyết tật thu nhỏ khác của chi không đặc hiệu
Q74,các dị tật bẩm sinh khác của chi
Q74.0,"các dị tật bẩm sinh khác của chi trên , kể cả vòng ngực"
Q74.1,dị tật bẩm sinh của gối
Q71.9,"khuyết tật thiếu hụt của chi trên , không đặc hiệu"
Q72,các khuyết tật thiếu hụt của chi dưới
Q72.0,thiếu hoàn toàn chi dưới bẩm sinh
Q72.1,tật thiếu đùi và cẳng chân có bàn chân bẩm sinh
Q71.4,khuyết tật thiếu hụt theo chiều dài xương quay
Q71.5,khuyết tật thiếu hụt theo chiều dài xương trụ
Q71.6,bàn tay hình càng cua
Q71.8,các khuyết tật thiếu hụt khác của chi trên
Q74.2,"các dị tật bẩm sinh khác của chi dưới , kể cả đai chậu"
Q74.3,co cứng đa khớp bẩm sinh
Q74.8,các dị tật bẩm sinh đặc hiệu khác của chi
Q74.9,dị tật bẩm sinh không đặc hiệu của chi
Q72.5,khuyết tật thiếu hụt theo chiều dài xương chầy
Q72.6,khuyết tật thiếu hụt theo chiều dài xương mác
Q72.7,bàn chân chẻ
Q72.8,các khuyết tật thiếu hụt khác của chi dưới
Q95,"sắp xếp lại cân bằng và dấu ấn cấu trúc , không phân loại nơi khác"
Q95.0,chuyển và thêm đoạn cân bằng ở cá thể bình thường
Q95.1,đảo đoạn nhiễm sắc thể ở cá thể bình thường
Q95.2,sắp xếp lại cân bằng nhiễm sắc thể thường ở cá thể không bình thường
Q95.3,"sắp xếp lại cân bằng nhiễm sắc thể thường , nhiễm sắc thể giới tính ở cá thể không bình thường"
R47,"rối loạn lời nói , không phân loại nơi khác"
R47.0,rối loạn khả năng ngôn ngữ và mất khả năng ngôn ngữ
R47.1,rối loạn vận ngôn và mất vận ngôn
R46.2,hành vi kỳ lạ và khó hiểu
R46.3,tăng động
R46.4,phản ứng nghèo nàn và chậm chạp
R46.5,nghi ngờ và lảng tránh rõ rệt
R49,rối loạn giọng nói
R49.0,chứng khó phát âm
R49.1,mất tiếng
R49.2,giọng mũi cao và giọng âm mũi thấp
R45.7,"trạng thái sốc cảm xúc và stress , không đặc hiệu"
R45.8,triệu chứng khác về trạng thái cảm xúc
R46,triệu chứng khác liên quan đến hình dáng và hành vi
R46.0,ý thức vệ sinh cá nhân kém
R46.1,vẻ bề ngoài kỳ quặc con người
R45.1,không nghỉ và kích động
R45.2,bất ổn
R45.3,vô đạo đức và vô cảm
R45.4,cáu gắt và tức giận
R45.5,thù định
R45.6,bạo hành về thể xác ( thể lực )
R46.6,lo lắng và bận tâm quá mức vì stress
R46.7,chứng nói dài và quá chi tiết gây khó hiểu
R46.8,triệu chứng khác về vẻ bề ngoài và hành vi
R44.0,ảo giác âm thanh
R44.1,ảo giác nhìn
R44.2,các ảo giác khác
R44.3,"ảo giác , không đặc hiệu"
R44.8,triệu chứng khác và không xác định về cảm giác và tri giác toàn thể
R45,triệu chứng về trạng thái cảm xúc
R45.0,căng thẳng
R49.8,rối loạn giọng nói khác và không xác định
R50,sốt không rõ nguyên nhân và khác
R50.2,sốt do thuốc
R50.8,sốt xác định khác
R47.8,rối loạn ngôn ngữ khác và không xác định
R48,rối loạn khả năng đọc và các rối loạn khác không phân loại nơi khác
R48.0,rối loạn khả năng đọc và mất khả năng đọc
R48.1,mất nhận thức
R48.2,mất khả năng điều khiển động tác
R48.8,rối loạn chức năng nhận dạng ký tự khác và không xác định
S13.3,trật khớp phức tạp của cổ
S13.4,bong gân và căng cơ quá mức của đốt sống cổ
S21.2,vết thương hở ở thành sau ngực
S21.7,đa vết thương hở ở thành ngực
S21.8,vết thương hở ở các phần khác của ngực
S15.9,tổn thương mạch máu không xác định vùng cổ
S16,tổn thương cơ và gân vùng cổ
S17,tổn thương giập nát vùng cổ
S17.0,tổn thương giập nát của thanh quản và phế quản
S17.8,tổn thương giập nát các phần khác của cổ
S17.9,"tổn thương giập nát ở cổ , phần không xác định"
S18,chấn thương đứt lìa vùng cổ
S19,tổn thương khác và không xác định ở cổ
S19.7,tổn thương phức tạp của cổ
S19.8,tổn thương xác định khác của cổ
S20.8,tổn thương nông của các phần không xác định của ngực
S21,vết thương thấu ngực
S21.0,vết thương hở ở vú
S21.1,vết thương hở ở thành trước ngực
S19.9,tổn thương không xác định ở cổ
S20,tổn thương nông của lồng ngực
S20.0,đụng giập vú
S20.1,tổn thương nông khác và không xác định của vú
S20.2,đụng giập lồng ngực
S21.9,"vết thương hở ở ngực , phần không xác định"
S22,"gãy xương sườn , xương ức và gai sống ngực"
S22.0,gãy đốt sống ngực
S22.00,"gãy đốt sống ngực , gãy kín"
S22.01,"gãy đốt sống ngực , gãy hở"
S14.5,tổn thương dây thần kinh giao cảm cổ
S14.6,tổn thương các dây thần kinh cổ khác và không xác định
S15,tổn thương mạch máu vùng cổ
S15.0,tổn thương động mạch cảnh
S15.1,tổn thương động mạch đốt sống
S15.2,tổn thương tĩnh mạch cảnh ngoài
S15.3,tổn thương tĩnh mạch cảnh trong
S15.7,tổn thương nhiều mạch máu vùng cổ
S15.8,tổn thương nhiều mạch máu khác vùng cổ
S20.3,tổn thương nông khác của thành trước ngực
S20.4,tổn thương nông khác của thành sau ngực
S20.7,nhiều ( đa ) tổn thương nông của ngực
R85.6,"các phát hiện bất thường trong mẫu bệnh phẩm từ cơ quan tiêu hóa và ổ bụng , bất thường về tế bào"
R85.7,"các phát hiện bất thường trong mẫu bệnh phẩm từ cơ quan tiêu hóa và ổ bụng , bất thường về mô"
R85.8,"các phát hiện bất thường trong mẫu bệnh phẩm từ cơ quan tiêu hóa và ổ bụng , bất thường khác"
R85.9,"các phát hiện bất thường trong mẫu bệnh phẩm từ cơ quan tiêu hóa và ổ bụng , bất thường không xác định"
R86,các phát hiện bất thường trong mẫu vật của cơ quan sinh dục nam
R94.6,kết quả bất thường về thăm dò chức năng tuyến giáp
R94.7,kết quả bất thường về thăm dò chức năng nội tiết khác
R94.8,kết quả bất thường về thăm dò chức năng các cơ quan và hệ thống khác
R95,hội chứng đột tử trẻ em
R95.0,hội chứng đột tử trẻ em có đề cập đến khám nghiệm tử thi
R84.3,"các phát hiện bất thường trong mẫu bệnh phẩm từ cơ quan hô hấp và lồng ngực , nồng độ bất thường của các chất không phải là thuốc điều trị"
R84.4,"các phát hiện bất thường trong mẫu bệnh phẩm từ cơ quan hô hấp và lồng ngực , bất thường về các chất kh"
R84.5,"các phát hiện bất thường trong mẫu bệnh phẩm từ cơ quan hô hấp và lồng ngực , bất thường về vi sinh"
R84.6,"các phát hiện bất thường trong mẫu bệnh phẩm từ cơ quan hô hấp và lồng ngực , bất thường về tế bào"
R98,tử vong không ai biết
R99,nguyên nhân tử vong không rõ ràng ( ill - defined ) khác và không xác định
S00,tổn thương nông ở đầu
S00.0,tổn thương nông của da đầu
S00.1,đụng giập mi mắt và vùng quanh ổ mắt
S00.2,tổn thương nông khác của mi mắt và vùng quanh ổ mắt
R95.9,hội chứng đột tử trẻ em không đề cập đến khám nghiệm tử thi
R96,đột tử khác không rõ nguyên nhân
R96.0,đột tử
R96.1,"tử vong dưới 24 giờ sau khi khởi phát các triệu chứng , không có cách giải thích"
R94.2,kết quả bất thường về thăm dò chức năng phổi
R94.3,kết quả bất thường về thăm dò chức năng tuần hoàn
R94.4,kết quả bất thường về thăm dò chức năng thận
R94.5,kết quả bất thường về thăm dò chức năng gan
R94.0,kết quả bất thường về thăm dò chức năng của hệ thần kinh trung ương
R94.1,kết quả bất thường về thăm dò chức năng của hệ thần kinh ngoại biên và các giác quan đặc hiệu
S00.7,nhiều ( đa ) tổn thương nông ở đầu
S00.8,tổn thương nông các phần khác của đầu
S00.9,"tổn thương nông ở đầu , phần không xác định"
S01,vết thương hở ở đầu
R93.7,các phát hiện bất thường về chẩn đoán hình ảnh của các phần khác của hệ xương
R93.8,các phát hiện bất thường về chẩn đoán hình ảnh của các cấu trúc cơ thể xác định khác
R94,kết quả bất thường về thăm dò chức năng
R06.4,tăng thông khí
R06.5,thở bằng miệng
R06.6,thở nấc
R06.7,hắt hơi
R06.8,bất thường khác và không xác định về nhịp thở
R07,đau họng và ngực
R82.9,phát hiện bất thường khác và không xác định trong nước tiểu
R83,các phát hiện bất thường về dịch não tủy
R83.0,"các phát hiện bất thường về xét nghiệm dịch não tủy , nồng độ bất thường của men"
R83.1,"các phát hiện bất thường về xét nghiệm dịch não tủy , nồng độ bất thường của hormon"
R78.6,phát hiện chất steroid trong máu
R78.7,phát hiện nồng độ kim loại nặng bất thường trong máu
R78.8,phát hiện các chất đặc hiệu khác mà bình thường không có trong máu
R78.9,phát hiện chất không xác định mà bình thường không có trong máu
R79,các phát hiện sinh hóa máu bất thường khác
R79.0,bất thường nồng độ khoáng chất trong máu
R82.4,aceton niệu
R82.5,"nồng độ tăng cao trong nước tiểu của thuốc , dược phẩm và chất sinh học"
R77.2,bất thường của alphafetoprotein
R77.8,bất thường đặc hiệu khác của protein huyết tương
R77.9,"bất thường của protein huyết tương , không đặc hiệu"
R78,phát hiện các loại thuốc và các chất khác không thường có trong máu
R82.6,nồng độ bất thường của các chất không phải là thuốc điều trị
R82.7,các phát hiện bất thường về xét nghiệm vi khuẩn trong nước tiểu
R82.8,phát hiện bất thường về xét nghiệm tế bào và tổ chức học trong nước tiểu
R79.8,các phát hiện bất thường đặc hiệu khác về hóa sinh máu
R79.9,"phát hiện bất thường về hóa sinh máu , không đặc hiệu"
R80,protein niệu riêng lẻ
R81,glucose niệu
R82,các phát hiện bất thường khác về nước tiểu
R78.3,phát hiện chất gây ảo giác trong máu
R78.4,phát hiện các chất khác có khả năng gây nghiện trong máu
R78.5,phát hiện các chất hướng thần trong máu
R78.0,phát hiện có cồn trong máu
R78.1,phát hiện các chế phẩm thuốc phiện trong máu
R78.2,phát hiện cocain trong máu
R82.0,dưỡng chấp niệu
R82.1,myoglobin niệu
R82.2,đái sắc tố mật
R82.3,haemoglobin niệu
S46.3,tổn thương cơ và gân cơ tam đầu
S46.7,tổn thương nhiều cơ và gân tại vai và cánh tay trên
S52.9,"gãy xương cẳng tay , phần không xác định"
S52.90,"gãy xương cẳng tay , phần không xác định , gãy kín"
S52.91,"gãy xương cẳng tay , phần không xác định , gãy hở"
S53,"trật khớp , bong gân và căng cơ của khớp và dây chằng khuỷu tay"
S53.0,trật chỏm quay
S53.1,"trật khớp khuỷu , không xác định"
S53.2,chấn thương đứt dây chằng bên quay
S53.3,chấn thương đứt dây chằng bên trụ
S52.21,"gãy thân xương trụ , gãy hở"
S52.3,gãy thân xương quay
S52.30,"gãy thân xương quay , gãy kín"
S52.31,"gãy thân xương quay , gãy hở"
S52.4,gãy thân cả xương trụ và xương quay
S52.40,"gãy thân cả xương trụ và xương quay , gãy kín"
S52.41,"gãy thân cả xương trụ và xương quay , gãy hở"
S52.5,gãy xương đầu dưới xương quay
S52.50,"gãy xương đầu dưới xương quay , gãy kín"
S52.51,"gãy xương đầu dưới xương quay , gãy hở"
S51.8,vết thương hở ở phần khác của cẳng tay
S51.9,"vết thương hở cẳng tay , phần không xác định"
S52,gãy xương cẳng tay
S52.1,gãy xương đầu trên của xương quay
S52.10,"gãy xương đầu trên của xương quay , gãy kín"
S52.11,"gãy xương đầu trên của xương quay , gãy hở"
S52.2,gãy thân xương trụ
S52.20,"gãy thân xương trụ , gãy kín"
S52.71,"gãy nhiều vị trí xương cẳng tay , gãy hở"
S52.8,gãy xương phần khác của cẳng tay
S52.80,"gãy phần khác của xương cẳng tay , gãy kín"
S52.81,"gãy phần khác của xương cẳng tay , gãy hở"
S52.6,gãy xương đầu dưới cả xương trụ và xương quay
S52.60,"gãy xương đầu dưới cả xương trụ và xương quay , gãy kín"
S52.61,"gãy xương đầu dưới cả xương trụ và xương quay , gãy hở"
S52.7,gãy nhiều vị trí xương cẳng tay
S52.70,"gãy nhiều vị trí xương cẳng tay , gãy kín"
S52.0,gãy xương đầu trên của xương trụ
S52.00,"gãy xương đầu trên của xương trụ , gãy kín"
S52.01,"gãy xương đầu trên của xương trụ , gãy hở"
R84.0,"các phát hiện bất thường trong mẫu bệnh phẩm từ cơ quan hô hấp và lồng ngực , nồng độ bất thường về men"
R84.1,"các phát hiện bất thường trong mẫu bệnh phẩm từ cơ quan hô hấp và lồng ngực , nồng độ bất thường của hormon"
S56.2,tổn thương gân và cơ gấp khác ở tầm cẳng tay
S56.3,tổn thương gân và cơ duỗi và cơ giạng ngón tay cái ở tầm cẳng tay
S55.7,tổn thương đa mạch máu ở tầm cẳng tay
S55.8,tổn thương mạch máu khác ở tầm cẳng tay
S55.9,tổn thương mạch máu không xác định ở tầm cẳng tay
S56,tổn thương cơ bắp và gân ở tầm cẳng tay
S56.0,tổn thương gân và cơ gấp ngón tay cái ở tầm cẳng tay
S56.1,tổn thương gân và cơ gấp dài ( các ) ngón tay khác ở tầm cẳng tay
S53.4,bong gân và căng cơ khuỷu tay
S54,tổn thương dây thần kinh cẳng tay
S54.0,tổn thương thần kinh trụ ở tầm cẳng tay
S54.1,tổn thương thần kinh giữa ở tầm cẳng tay
S54.2,tổn thương thần kinh quay ở tầm cẳng tay
S54.8,tổn thương dây thần kinh khác ở tầm cẳng tay
S54.9,tổn thương dây thần kinh không xác định ở tầm cẳng tay
S55,tổn thương mạch máu ở tầm cẳng tay
S54.3,tổn thương dây thần kinh cảm giác da ở tầm cẳng tay
S54.7,tổn thương đa dây thần kinh ở tầm cẳng tay
S55.0,tổn thương động mạch trụ ở tầm cẳng tay
S55.1,tổn thương động mạch quay ở tầm cẳng tay
S55.2,tổn thương tĩnh mạch ở tầm cẳng tay
S56.4,tổn thương gân và cơ duỗi ngón khác ở tầm cẳng tay
S31.4,vết thương hở của âm đạo và âm hộ
S31.5,vết thương hở của các cơ quan sinh dục ngoài khác và không xác định
S31.7,"đa vết thương hở của bụng , lưng dưới và vùng chậu"
S41.7,vết thương hở phức tạp của vai và cánh tay
S41.8,vết thương hở của các phần khác và không xác định của thành ngực
S42,gãy xương vai và xương cánh tay
S38.1,"tổn thương giập nát ở các phần không xác định và khác ở vùng bụng , lưng dưới và vùng chậu"
S38.2,chấn thương đứt lìa cơ quan sinh dục ngoài
S38.3,"chấn thương đứt lìa các phần không xác định và khác ở vùng bụng , lưng dưới và vùng chậu"
S39,"tổn thương khác và không xác định của bụng , lưng dưới và chậu"
S39.0,"tổn thương của cơ và gân ở vùng bụng , lưng dưới và vùng chậu"
S40,tổn thương nông của vai và cánh tay
S41,vết thương hở của vai và cánh tay
S41.0,vết thương hở của vai
S41.1,vết thương hở của cánh tay
S39.8,"tổn thương xác định khác của bụng , lưng dưới và chậu"
S39.9,"tổn thương ở vùng bụng , lưng dưới và vùng chậu"
S40.0,đụng giập vai và cánh tay
S40.7,nhiều ( đa ) tổn thương nông ở vai và cánh tay
S37.70,"tổn thương nhiều cơ quan vùng chậu , không có vết thương mở vào ổ bụng"
S37.71,"tổn thương nhiều cơ quan vùng chậu , có vết thương mở vào ổ bụng"
S37.8,tổn thương cơ quan vùng chậu khác
S37.80,"tổn thương cơ quan vùng chậu khác , không có vết thương mở vào ổ bụng"
S37.81,"tổn thương cơ quan vùng chậu khác , có vết thương mở vào ổ bụng"
S37.9,tổn thương cơ quan chậu không xác định
S37.90,"tổn thương cơ quan chậu không xác định , không có vết thương mở vào ổ bụng"
S37.91,"tổn thương cơ quan chậu không xác định , có vết thương mở vào ổ bụng"
S38,"tổn thương giập nát và chấn thương đứt lìa phần của bụng , lưng dưới và chậu"
S38.0,tổn thương giập nát cơ quan sinh dục ngoài
S39.6,tổn thương ( các ) cơ quan trong ổ bụng và ( các ) cơ quan chậu
S39.7,"tổn thương phức tạp ở vùng bụng , lưng dưới và vùng chậu"
S40.8,tổn thương nông khác của vai và cánh tay
S40.9,"tổn thương nông của vai và cánh tay , không xác định"
R86.2,"các phát hiện bất thường trong mẫu vật của cơ quan sinh dục nam , nồng độ bất thường của thuốc , dược phẩm và chất sinh học khác"
R86.3,"các phát hiện bất thường trong mẫu vật của cơ quan sinh dục nam , nồng độ bất thường của các chất không phải là thuốc điều trị"
R86.4,"các phát hiện bất thường trong mẫu vật của cơ quan sinh dục nam , bất thường về miễn dịch"
R86.5,"các phát hiện bất thường trong mẫu vật của cơ quan sinh dục nam , bất thường về vi sinh"
R87.2,"các phát hiện bất thường trong bệnh phẩm của cơ quan sinh dục nữ , nồng độ bất thường của thuốc , dược phẩm và chất sinh học"
R89.1,"các phát hiện bất thường trong mẫu vật của các cơ quan , hệ thống và mô khác , nồng độ bất thường của hormon"
R89.6,"các phát hiện bất thường trong mẫu vật của các cơ quan , hệ thống và mô khác , bất thường về tế bào"
R89.5,"các phát hiện bất thường trong mẫu vật của các cơ quan , hệ thống và mô khác , bất thường về vi sinh"
R93.5,"các phát hiện bất thường về chẩn đoán hình ảnh của vùng bụng khác , kể cả khoang sau màng bụng"
R93.6,các phát hiện bất thường về chẩn đoán hình ảnh của các chi
R89.8,"các phát hiện bất thường trong mẫu vật của các cơ quan , hệ thống và mô khác , bất thường khác"
R89.9,"các phát hiện bất thường trong mẫu vật của các cơ quan , hệ thống và mô khác , bất thường không xác định"
R90,các phát hiện bất thường về chẩn đoán hình ảnh của hệ thần kinh trung ương
R90.0,tổn thương choán chỗ nội sọ
R93.3,các phát hiện bất thường về chẩn đoán hình ảnh của các phần khác của đường tiêu hóa
R93.4,các phát hiện bất thường về chẩn đoán hình ảnh của cơ quan tiết niệu
R90.8,các phát hiện bất thường khác về chẩn đoán hình ảnh của hệ thần kinh trung ương
R91,các phát hiện bất thường về chẩn đoán hình ảnh của phổi không xác định
R92,các phát hiện bất thường về chẩn đoán hình ảnh của ngực
R93,các phát hiện bất thường về chẩn đoán hình ảnh của các cơ quan khác
R89.7,"các phát hiện bất thường trong mẫu vật của các cơ quan , hệ thống và mô khác , bất thường về mô"
R89.3,"các phát hiện bất thường trong mẫu vật của các cơ quan , hệ thống và mô khác , nồng độ bất thường của các chất không phải là thuốc điều trị"
R89.4,"các phát hiện bất thường trong mẫu vật của các cơ quan , hệ thống và mô khác , bất thường về miễn dịch"
S05.2,"vỡ nhãn cầu phòi kẹt , mất tổ chức nội nhãn"
S05.3,vỡ nhãn cầu không phòi kẹt tổ chức nội nhãn
S05.4,vết thương thấu hốc mắt có hay không có dị vật
S05.5,vết thương thấu nhãn cầu có dị vật nội nhãn
S05.6,vết thương thấu nhãn cầu không có dị vật nội nhãn
S05.7,"tổn thương đã bỏ nhãn cầu , đã múc nội nhãn"
S05.8,các tổn thương khác của mắt và ổ mắt
S05.9,"tổn thương của mắt và ổ mắt , phần không xác định"
S06,tổn thương nội sọ
S03.0,trật khớp hàm
S03.1,lệch ( trật khớp ) sụn vách mũi
S03.2,trật khớp răng
S03.3,trật khớp của các phần không xác định của đầu
S03.4,bong gân và căng cơ của hàm
S06.3,tổn thương não khu trú
S06.30,"tổn thương não khu trú , không có vết thương nội sọ hở"
S06.31,"tổn thương não khu trú , có vết thương nội sọ hở"
S06.4,xuất huyết ngoài màng cứng
S06.40,"xuất huyết ngoài màng cứng , không có vết thương nội sọ hở"
S06.41,"xuất huyết ngoài màng cứng , có vết thương nội sọ hở"
S04.3,tổn thương dây thần kinh tam thoa ( số 5 )
S04.4,tổn thương dây thần kinh vận nhãn ngoài ( số 6 )
S04.5,tổn thương dây thần kinh mặt ( số 7 )
S04.6,tổn thương dây thần kinh thính giác ( số 8 )
S04.7,tổn thương dây thần kinh phụ ( số 11 )
S06.10,"phù não chấn thương , không có vết thương nội sọ hở"
S06.11,"phù não chấn thương , không có vết thương nội sọ hở"
S06.2,tổn thương não lan tỏa
S06.20,"tổn thương não lan tỏa , không có vết thương nội sọ hở"
S06.21,"tổn thương não lan tỏa , có vết thương nội sọ hở"
S04.8,"tổn thương các dây thần kinh sọ khác ( số 1 , 9 , 10 , 12 )"
S04.9,tổn thương dây thần kinh sọ không xác định
S05,tổn thương mắt và ổ mắt
S05.0,"tổn thương rách lớp giác mạc , rách kết mạc không có dị vật"
S05.1,đụng giập nhãn cầu và tổ chức hốc mắt
S06.0,chấn động não
S06.00,"chấn động não , không có vết thương nội sọ hở"
S06.01,"chấn động não , có vết thương nội sọ hở"
S06.1,phù não chấn thương
S03.5,bong gân và căng cơ của khớp và dây chằng của các phần khác không xác định của đầu
S04,tổn thương dây thần kinh sọ
S04.0,tổn thương dây thần kinh thị giác và đường đi
S04.1,tổn thương dây thần kinh vận nhãn ( số 3 )
S04.2,tổn thương dây thần kinh ròng rọc ( số 4 )
S36.81,"tổn thương các cơ quan khác trong ổ bụng , có vết thương mở vào ổ bụng"
S36.9,tổn thương cơ quan trong ổ bụng không xác định
S36.90,"tổn thương cơ quan trong ổ bụng không xác định , không có vết thương mở vào ổ bụng"
S36.91,"tổn thương cơ quan trong ổ bụng không xác định , có vết thương mở vào ổ bụng"
S37,tổn thương của hệ tiết niệu và cơ quan ở vùng chậu
S35.5,tổn thương các mạch máu của vùng chậu
S35.7,"tổn thương phức tạp mạch máu ở tầm vùng bụng , lưng dưới và vùng chậu"
S35,"tổn thương mạch máu vùng bụng , lưng và chậu"
S35.0,tổn thương động mạch chủ bụng
S35.1,tổn thương tĩnh mạch chủ dưới
S35.2,tổn thương động mạch ổ bụng hay động mạch mạc treo
S35.3,tổn thương tĩnh mạch cửa hay gan
S35.4,tổn thương mạch máu thận
S35.8,"tổn thương các mạch máu khác ở tầm vùng bụng , lưng dưới và vùng chậu"
S35.9,"tổn thương mạch máu không xác định ở tầm vùng bụng , lưng dưới và vùng chậu"
S36,tổn thương các cơ quan trong ổ bụng
S36.0,tổn thương lách
S37.41,"tổn thương buồng trứng , có vết thương mở vào ổ bụng"
S37.5,tổn thương vòi trứng
S37.50,"tổn thương vòi trứng , không có vết thương mở vào ổ bụng"
S37.51,"tổn thương vòi trứng , có vết thương mở vào ổ bụng"
S37.6,tổn thương tử cung
S37.60,"tổn thương tử cung , không có vết thương mở vào ổ bụng"
S37.61,"tổn thương tử cung , có vết thương mở vào ổ bụng"
S37.7,tổn thương nhiều cơ quan vùng chậu
S37.0,tổn thương thận
S37.00,"tổn thương thận , không có vết thương mở vào ổ bụng"
S37.01,"tổn thương thận , có vết thương mở vào ổ bụng"
S37.1,tổn thương niệu quản
S37.10,"tổn thương niệu quản , không có vết thương mở vào ổ bụng"
S37.11,"tổn thương niệu quản , có vết thương mở vào ổ bụng"
S37.2,tổn thương bàng quang
S36.21,"tổn thương tụy , có vết thương mở vào ổ bụng"
S36.3,tổn thương dạ dày
S36.30,"tổn thương dạ dày , không có vết thương mở vào ổ bụng"
S36.31,"tổn thương dạ dày , có vết thương mở vào ổ bụng"
S36.4,tổn thương ruột non
S36.40,"tổn thương ruột non , không có vết thương mở vào ổ bụng"
S36.41,"tổn thương ruột non , có vết thương mở vào ổ bụng"
S36.5,tổn thương đại tràng
S36.50,"tổn thương đại tràng , không có vết thương mở vào ổ bụng"
S36.51,"tổn thương đại tràng , có vết thương mở vào ổ bụng"
S36.6,tổn thương trực tràng
S36.60,"tổn thương trực tràng , không có vết thương mở vào ổ bụng"
S36.61,"tổn thương trực tràng , có vết thương mở vào ổ bụng"
S36.7,tổn thương nhiều cơ quan trong ổ bụng
S36.70,"tổn thương nhiều cơ quan trong ổ bụng , không có vết thương mở vào ổ bụng"
S36.71,"tổn thương nhiều cơ quan trong ổ bụng , có vết thương mở vào ổ bụng"
S36.8,tổn thương các cơ quan khác trong ổ bụng
S36.80,"tổn thương các cơ quan khác trong ổ bụng , không có vết thương mở vào ổ bụng"
S36.00,"tổn thương lách , không có vết thương mở vào ổ bụng"
S36.01,"tổn thương lách , có vết thương mở vào ổ bụng"
S36.1,tổn thương gan hay túi mật
S36.10,"tổn thương gan hay túi mật , không có vết thương mở vào ổ bụng"
S36.11,"tổn thương gan hay túi mật , có vết thương mở vào ổ bụng"
S36.2,tổn thương tụy
S36.20,"tổn thương tụy , không có vết thương mở vào ổ bụng"
S37.20,"tổn thương bàng quang , không có vết thương mở vào ổ bụng"
S37.21,"tổn thương bàng quang , có vết thương mở vào ổ bụng"
S37.3,tổn thương niệu đạo
S37.30,"tổn thương niệu đạo , không có vết thương mở vào ổ bụng"
S37.31,"tổn thương niệu đạo , có vết thương mở vào ổ bụng"
S37.4,tổn thương buồng trứng
S37.40,"tổn thương buồng trứng , không có vết thương mở vào ổ bụng"
S76.2,tổn thương cơ khép và gân đùi
S76.3,tổn thương cơ và gân của nhóm cơ sau tầm đùi
S74.0,tổn thương dây thần kinh hông tại tầm háng và đùi
S74.1,tổn thương dây thần kinh đùi tại tầm hông và đùi
S74.2,tổn thương dây thần kinh cảm giác da tại tầm hông và đùi
S74.7,tổn thương đa dây thần kinh tại tầm hông và đùi
S60.7,nhiều ( đa ) tổn thương nông ở cổ tay và bàn tay
S60.8,tổn thương nông khác ở cổ tay và bàn tay
S76.0,tổn thương cơ và gân háng
S76.1,tổn thương cơ tứ đầu và gân
S75.2,tổn thương tĩnh mạch hiển lớn tại tầm hông và đùi
S75.7,tổn thương đa mạch máu tại tầm hông và đùi
S75.8,tổn thương mạch máu khác tại tầm hông và đùi
S75.9,tổn thương mạch máu không xác định tại tầm hông và đùi
S76,tổn thương cơ bắp và gân tại tầm hông và đùi
S75,tổn thương mạch máu tại tầm hông và đùi
S75.0,tổn thương động mạch đùi
S75.1,tổn thương tĩnh mạch đùi tại tầm hông và đùi
S74.8,tổn thương dây thần kinh khác tại tầm hông và đùi
S74.9,tổn thương dây thần kinh không xác định tầm hông và đùi
S74,tổn thương dây thần kinh tầm hông và đùi
S12.9,"gãy cổ , phần không xác định"
S12.90,"gãy cổ , phần không xác định , gãy kín"
S12.91,"gãy cổ , phần không xác định , gãy hở"
S13,"trật khớp , bong gân và căng cơ quá mức của khớp và các dây chằng vùng cổ"
S23.0,vỡ chấn thương của đĩa liên đốt ngực
S23.1,trật khớp đốt sống ngực
S23.2,trật khớp của các phần không xác định và khác của ngực
S22.90,"gãy xương ngực , phần không xác định , gãy kín"
S22.91,"gãy xương ngực , phần không xác định , gãy hở"
S23,"trật khớp , bong gân và căng cơ quá mức của khớp và dây chằng của ngực"
S23.4,bong gân và căng cơ của xương sườn và xương ức
S23.5,bong gân và căng cơ của các phần khác và không xác định của ngực
S24,tổn thương dây thần kinh và tủy sống tầm ngực
S24.0,chấn động và phù của tủy sống ngực
S23.3,bong gân và căng cơ của đốt sống ngực
S24.1,tổn thương khác và không xác định của tủy sống ngực
S24.2,tổn thương rễ thần kinh của đốt sống ngực
S24.3,tổn thương dây thần kinh ngoại vi của ngực
S24.4,tổn thương dây thần kinh giao cảm ngực
S22.21,"gãy xương ức , gãy hở"
S22.3,gãy xương sườn
S22.30,"gãy xương sườn , gãy kín"
S22.31,"gãy xương sườn , gãy hở"
S22.4,gãy nhiều xương sườn
S22.40,"gãy nhiều xương sườn , gãy kín"
S22.41,"gãy nhiều xương sườn , gãy hở"
S22.5,mảng sườn di động
S22.50,"mảng sườn di động , gãy kín"
S22.51,"mảng sườn di động , gãy hở"
S22.8,gãy các phần khác của xương ngực
S22.80,"gãy các phần khác của xương ngực , gãy kín"
S22.81,"gãy các phần khác của xương ngực , gãy hở"
S22.9,"gãy xương ngực , phần không xác định"
S22.1,gãy nhiều xương cột sống ngực
S22.10,"gãy nhiều xương cột sống ngực , gãy kín"
S22.11,"gãy nhiều xương cột sống ngực , gãy hở"
S22.2,gãy xương ức
S22.20,"gãy xương ức , gãy kín"
S42.90,"gãy xương của vòng ngực , phần không xác định , gãy kín"
S42.91,"gãy xương của vòng ngực , phần không xác định , gãy hở"
S43,"trật khớp , bong gân và giãn khớp và dây chằng của vòng ngực"
S88.1,chấn thương đứt lìa tầm giữa khớp gối và cổ chân
S88.9,chấn thương đứt lìa cẳng chân tầm không xác định
S89,tổn thương khác và không xác định tại cẳng chân
S89.7,đa tổn thương tại cẳng chân
S89.8,tổn thương xác định khác tại cẳng chân
S89.9,tổn thương không xác định tại cẳng chân
S90,tổn thương nông tại cổ chân và bàn chân
S91.1,vết thương hở ở ngón chân không có tổn thương móng
S91.2,vết thương hở ở ngón chân với tổn thương móng
S91.3,vết thương hở ở phần khác ở bàn chân
S90.0,đụng giập tại cổ chân
S90.1,đụng giập ngón chân không có tổn thương móng
S90.2,đụng giập ngón chân có tổn thương móng
S90.3,đụng giập phần khác và không xác định tại bàn chân
S90.7,nhiều ( đa ) tổn thương nông tại cổ chân và bàn chân
S90.8,tổn thương nông khác tại cổ chân và bàn chân
S92.41,"gãy xương ngón chân cái , gãy hở"
S92.5,gãy xương ngón chân khác
S92.50,"gãy xương ngón chân khác , gãy kín"
S92.51,"gãy xương ngón chân khác , gãy hở"
S92.7,gãy nhiều xương bàn chân
S91.7,đa vết thương hở ở cẳng chân và bàn chân
S92,"gãy xương bàn chân , trừ cổ chân"
S92.0,gãy xương gót
S92.00,"gãy xương gót , gãy kín"
S92.3,gãy xương đốt bàn chân
S92.30,"gãy xương đốt bàn chân , gãy kín"
S92.31,"gãy xương đốt bàn chân , gãy hở"
S92.4,gãy xương ngón chân cái
S92.40,"gãy xương ngón chân cái , gãy kín"
S92.01,"gãy xương gót , gãy hở"
S92.1,gãy xương sên
S92.10,"gãy xương sên , gãy kín"
S92.11,"gãy xương sên , gãy hở"
S92.2,gãy các xương cổ chân khác
S92.20,"gãy các xương cổ chân khác , gãy kín"
S92.21,"gãy các xương cổ chân khác , gãy hở"
S90.9,tổn thương nông tại cổ chân và bàn chân không xác định
S91,vết thương hở tại cổ chân và bàn chân
S91.0,vết thương hở ở cổ chân
T18.5,dị vật trong hậu môn và trực tràng
T18.8,dị vật nơi khác và nhiều phần của đường tiêu hóa
T22.4,"ăn mòn độ không xác định của vai và chi trên , trừ cổ tay và bàn tay"
T22.5,"ăn mòn độ một của vai và chi trên , trừ cổ tay và bàn tay"
T22.6,"ăn mòn độ hai của vai và chi trên , trừ cổ tay và bàn tay"
T22.7,"ăn mòn độ ba của vai và chi trên , trừ cổ tay và bàn tay"
T23,bỏng và ăn mòn tại cổ tay và bàn tay
T22.2,"bỏng độ hai của vai và chi trên , trừ cổ tay và bàn tay"
T22.3,"bỏng độ ba của vai và chi trên , trừ cổ tay và bàn tay"
T20.5,ăn mòn độ một tại đầu và cổ
T20.6,ăn mòn độ hai tại đầu và cổ
T23.0,bỏng độ không xác định của cổ tay và bàn tay
T23.1,bỏng độ một của cổ tay và bàn tay
T23.2,bỏng độ hai của cổ tay và bàn tay
T21.2,bỏng tại thân độ hai
T21.3,bỏng tại thân độ ba
T21.4,ăn mòn tại thân mình độ không xác định
T21.5,ăn mòn tại thân mình độ một
T21.6,ăn mòn tại thân mình độ hai
T22.0,"bỏng độ không xác định của vai và chi trên , trừ cổ tay và bàn tay"
T22.1,"bỏng độ một của vai và chi trên , trừ cổ tay và bàn tay"
T21.7,ăn mòn tại thân mình độ ba
T22,"bỏng và ăn mòn tại vai và chi trên , trừ cổ tay và bàn tay"
T20.7,ăn mòn độ ba tại đầu và cổ
T21,bỏng và ăn mòn tại thân mình
T21.0,bỏng tại thân độ không xác định
T21.1,bỏng tại thân độ một
T19.3,dị vật trong tử cung ( bất kỳ chỗ nào )
T19.8,dị vật nơi khác và nhiều phần của đường tiết niệu sinh dục
T24,bỏng và ăn mòn tại hông và chi dưới trừ cổ chân và bàn chân
T24.0,"bỏng độ không xác định tại hông và chi dưới , trừ cổ chân và bàn chân"
T24.1,"bỏng độ một tại hông và chi dưới , trừ cổ chân và bàn chân"
T25.0,bỏng độ không xác định tại cổ chân và bàn chân
T25.1,bỏng độ một tại cổ chân và bàn chân
T25.2,bỏng độ hai tại cổ chân và bàn chân
T23.6,ăn mòn độ hai của cổ tay và bàn tay
T23.7,ăn mòn độ ba của cổ tay và bàn tay
T23.3,bỏng độ ba của cổ tay và bàn tay
T23.4,ăn mòn độ không xác định của cổ tay và bàn tay
T23.5,ăn mòn độ một của cổ tay và bàn tay
T24.4,"ăn mòn độ không xác định tại hông và chi dưới , trừ cổ chân và bàn chân"
T24.5,"ăn mòn độ một tại hông và chi dưới , trừ cổ chân và bàn chân"
T24.6,"ăn mòn độ hai tại hông và chi dưới , trừ cổ chân và bàn chân"
T25.3,bỏng độ ba tại cổ chân và bàn chân
T25.4,ăn mòn độ không xác định tại cổ chân và bàn chân
T25.5,ăn mòn độ một tại cổ chân và bàn chân
T24.2,"bỏng độ hai tại hông và chi dưới , trừ cổ chân và bàn chân"
T24.3,"bỏng độ ba tại hông và chi dưới , trừ cổ chân và bàn chân"
T24.7,"ăn mòn độ ba tại hông và chi dưới , trừ cổ chân và bàn chân"
T25,bỏng và ăn mòn tại cổ chân và bàn chân
T25.6,ăn mòn độ hai tại cổ chân và bàn chân
T25.7,ăn mòn độ ba tại cổ chân và bàn chân
T00.1,"tổn thương nông liên quan ngực với bụng , lưng dưới và khung chậu"
T00.2,các tổn thương nông liên quan nhiều vùng chi trên
T00.3,các tổn thương nông liên quan nhiều vùng chi dưới
T00.6,các tổn thương nông liên quan nhiều vùng chi trên và chi dưới
T00.8,tổn thương nông liên quan kết hợp khác các vùng cơ thể
T00.9,nhiều ( đa ) tổn thương nông không xác định
T01,vết thương hở liên quan nhiều vùng cơ thể
T01.0,vết thương hở liên quan đầu với cổ
S99.8,tổn thương khác đã xác định tại cổ chân và bàn chân
S99.9,tổn thương không xác định tại cổ chân và bàn chân
T00,tổn thương nông liên quan nhiều vùng cơ thể
T00.0,tổn thương nông liên quan đầu với cổ
S98.2,chấn thương đứt lìa hai hoặc nhiều ngón chân
S98.3,chấn thương đứt lìa phần khác của bàn chân
S98.4,chấn thương đứt lìa bàn chân tại tầm không xác định
S99,tổn thương khác và không xác định của cổ chân và bàn chân
S99.7,đa tổn thương tại cổ chân và bàn chân
T01.9,"đa vết thương hở , không xác định"
T02,gãy xương liên quan nhiều vùng cơ thể
T02.0,gãy xương liên quan đầu với cổ
T02.00,"gãy xương liên quan đầu với cổ , gãy kín"
T02.01,"gãy xương liên quan đầu với cổ , gãy hở"
T02.11,"gãy xương ở ngực , lưng khung chậu , gãy hở"
T02.2,gãy xương liên quan nhiều vùng của một chi trên
T02.20,"gãy xương liên quan nhiều vùng của một chi trên , gãy kín"
T02.51,"gãy xương tác động nhiều vùng của cả hai chi dưới , gãy hở"
T02.6,gãy xương liên quan nhiều vùng của chi trên và chi dưới
T02.41,"gãy xương liên quan nhiều vùng của cả hai chi trên , gãy hở"
T02.5,gãy xương tác động nhiều vùng của cả hai chi dưới
T02.50,"gãy xương tác động nhiều vùng của cả hai chi dưới , gãy kín"
T02.8,gãy xương liên quan kết hợp khác của nhiều vùng cơ thể
T02.80,"gãy xương liên quan kết hợp khác của nhiều vùng cơ thể , gãy kín"
T02.81,"gãy xương liên quan kết hợp khác của nhiều vùng cơ thể , gãy hở"
T02.31,"gãy xương liên quan nhiều vùng của một chi dưới , gãy hở"
T02.4,gãy xương liên quan nhiều vùng của cả hai chi trên
T02.40,"gãy xương liên quan nhiều vùng của cả hai chi trên , gãy kín"
T14.9,"tổn thương , không xác định"
T15,dị vật ở mắt ngoài
T15.0,dị vật giác mạc
T15.1,dị vật kết mạc
T15.8,dị vật nơi khác và nhiều phần ở mắt ngoài
T02.9,"gãy xương nhiều vị trí , không xác định"
T02.90,"gãy xương nhiều vị trí , không xác định , gãy kín"
T02.91,"gãy xương nhiều vị trí , không xác định , gãy hở"
T03,"trật khớp , bong gân , căng cơ liên quan của nhiều vùng cơ thể"
T03.0,"trật khớp , bong gân , căng cơ liên quan đến đầu và cổ"
T02.21,"gãy xương liên quan nhiều vùng của một chi trên , gãy hở"
T02.3,gãy xương liên quan nhiều vùng của một chi dưới
T02.30,"gãy xương liên quan nhiều vùng của một chi dưới , gãy kín"
T17.5,dị vật trong phế quản
T17.8,dị vật nơi khác và nhiều phần của đường hô hấp
T17.9,"dị vật trong đường hô hấp , phần không xác định"
T18,dị vật trong đường tiêu hóa
T18.0,dị vật trong miệng
T18.1,dị vật trong thực quản
T19.0,dị vật trong niệu đạo
T19.1,dị vật trong bàng quang
T19.2,dị vật trong âm hộ và âm đạo
T19.9,"dị vật trong đường tiết niệu sinh dục , phần không xác định"
T20,bỏng và ăn mòn tại đầu và cổ
T20.0,bỏng độ không xác định tại đầu và cổ
T20.1,bỏng độ một tại đầu và cổ
T18.9,"dị vật trong đường tiêu hóa , phần không xác định"
T19,dị vật trong đường tiết niệu sinh dục
T20.2,bỏng độ hai tại đầu và cổ
T20.3,bỏng độ ba tại đầu và cổ
T20.4,ăn mòn độ không xác định tại đầu và cổ
T18.2,dị vật trong dạ dày
T18.3,dị vật trong ruột non
T18.4,dị vật trong ruột già
T04.1,tổn thương giập nát liên quan ngực với bụng lưng dưới và khung chậu
T04.2,tổn thương giập nát tác động nhiều vùng của chi trên
T04.3,tổn thương giập nát liên quan nhiều vùng các chi dưới
T04.4,tổn thương giập nát liên quan nhiều vùng của các chi trên và các chi dưới
T02.60,"gãy xương liên quan nhiều vùng của chi trên và chi dưới , gãy kín"
T02.61,"gãy xương liên quan nhiều vùng của chi trên và chi dưới , gãy hở"
T06.1,tổn thương dây thần kinh và cột sống liên quan nhiều vùng khác
T06.2,tổn thương dây thần kinh liên quan nhiều vùng cơ thể
T06.3,tổn thương mạch máu liên quan nhiều vùng cơ thể
T06.4,tổn thương cơ và gân liên quan nhiều vùng cơ thể
T17.1,dị vật trong lỗ mũi
T17.2,dị vật trong hầu họng
T17.3,dị vật trong thanh quản
T17.4,dị vật trong khí quản
T120,"gãy xương chi dưới , tầm không xác định , gãy kín"
T121,"gãy xương chi dưới , tầm không xác định , gãy hở"
T13,"tổn thương khác chi dưới , tầm không xác định"
T13.0,"tổn thương nông chi dưới , tầm không xác định"
T13.1,"vết thương hở chi dưới , tầm không xác định"
T13.2,"trật khớp , bong gân và căng cơ khớp không xác định và dây chằng chi dưới , tầm không xác định"
T13.3,"tổn thương dây thần kinh không xác định tại chi dưới , tầm không xác định"
T13.4,"tổn thương mạch máu không xác định tại chi dưới , tầm không xác định"
T13.5,"tổn thương cơ bắp không xác định và gân tại chi dưới , tầm không xác định"
T13.6,"chấn thương đứt lìa tại chi dưới , tầm không xác định"
T13.8,"tổn thương khác đã xác định tại chi dưới , tầm không xác định"
T13.9,"tổn thương không xác định tại chi dưới , tầm không xác định"
T14,tổn thương không xác định vùng cơ thể
T15.9,"dị vật ở mắt ngoài , phần không xác định"
T16,dị vật ở tai
T17,dị vật trong đường hô hấp
T17.0,dị vật trong khoang mũi
T06.5,tổn thương phủ tạng trong lồng ngực với trong ổ bụng và phủ tạng khung chậu
T06.8,tổn thương xác định khác liên quan nhiều vùng cơ thể
T07,đa tổn thương không xác định
T08,"gãy cột sống , mức độ không xác định"
T08.0,"gãy cột sống , mức độ không xác định , gãy kín"
T08.1,"gãy cột sống , mức độ không xác định , gãy hở"
T09,"tổn thương khác của cột sống và thân , tầm không xác định"
T09.0,"tổn thương nông tại thân , tầm không xác định"
T09.1,"vết thương hở ở thân , tầm không xác định"
T09.2,"trật khớp , bong gân và căng cơ của khớp không xác định và dây chằng của thân"
T09.3,"tổn thương cột sống , tầm không xác định"
T09.4,"tổn thương dây thần kinh không xác định , rễ dây thần kinh cột sống và tùng của thân"
T09.5,tổn thương không xác định cơ và gân của thân
T09.6,"chấn thương đứt lìa của thân , tầm không xác định"
T09.8,"tổn thương khác xác định tại thân , tầm không xác định"
T09.9,"tổn thương không xác định của thân , tầm không xác định"
T10,"gãy xương của chi trên , tầm không xác định"
T10.0,"gãy xương của chi trên , tầm không xác định , gãy kín"
T10.1,"gãy xương của chi trên , tầm không xác định , gãy hở"
T11,"tổn thương khác tại chi trên , tầm không xác định"
T11.0,"tổn thương nông chi trên , tầm không xác định"
T11.1,"vết thương hở chi trên , tầm không xác định"
T11.2,"trật khớp , bong gân và căng cơ khớp không xác định và dây chằng chi trên , tầm không xác định"
T11.3,"tổn thương dây thần kinh không xác định tại chi trên , tầm không xác định"
T11.4,"tổn thương mạch máu không xác định tại chi trên , tầm không xác định"
T11.5,"tổn thương cơ không xác định và gân tại chi trên , tầm không xác định"
T11.6,"chấn thương đứt lìa chi trên , tầm không xác định"
T11.8,"tổn thương khác đã xác định tại chi trên , tầm không xác định"
T11.9,"tổn thương không xác định tại chi trên , tầm không xác định"
T12,"gãy xương chi dưới , tầm không xác định"
T14.0,tổn thương nông tại vùng cơ thể không xác định
T14.1,vết thương hở không xác định vùng cơ thể
T14.2,gãy xương không xác định vùng cơ thể
T14.20,"gãy xương không xác định vùng cơ thể , gãy kín"
T14.21,"gãy xương không xác định vùng cơ thể , gãy hở"
T14.3,"trật khớp , bong gân và căng cơ vùng cơ thể không xác định"
T14.4,tổn thương ( nhiều ) dây thần kinh vùng cơ thể không xác định
T14.5,tổn thương mạch máu vùng cơ thể không xác định
T14.6,tổn thương gân và cơ bắp cùng cơ thể không xác định
T14.7,tổn thương giập nát và chấn thương đứt lìa vùng cơ thể không xác định
T14.8,tổn thương khác của vùng cơ thể không xác định
T02.7,gãy xương liên quan ngực với lưng dưới và khung chậu với chi
T02.70,"gãy xương liên quan ngực với lưng dưới và khung chậu với chi , gãy kín"
T02.71,"gãy xương liên quan ngực với lưng dưới và khung chậu với chi , gãy hở"
S97.0,tổn thương giập nát tại cổ chân
S97.1,tổn thương giập nát tại ngón chân
S97.8,tổn thương giập nát tại phần khác của cổ chân và bàn chân
T03.1,"trật khớp , bong gân , căng cơ liên quan của ngực với lưng dưới và khung chậu"
T03.2,"trật khớp , bong gân , căng cơ liên quan nhiều vùng chi trên"
T03.3,"trật khớp , bong gân , căng cơ liên quan nhiều của vùng chi dưới"
T05.8,chấn thương đứt lìa liên quan đến nhiều vùng khác nhau của cơ thể
T05.9,đa chấn thương đứt lìa không xác định
T06,"tổn thương khác tác động nhiều vùng cơ thể , không phân loại nơi khác"
T06.0,tổn thương của não và dây thần kinh sọ với tổn thương của dây thần kinh và cột sống tại tầm cổ
T05.6,chấn thương đứt lìa cả chi trên và chi dưới ( bất kể sự kết hợp và ở tầm nào )
T05.1,chấn thương đứt lìa một bàn tay và tay khác ( tầm bất kỳ trừ bàn tay )
T05.2,chấn thương đứt lìa cả hai tay ( tầm bất kỳ )
T04.7,"tổn thương giập nát của ngực với bụng , lưng dưới và khung chậu với các chi"
T04.8,tổn thương giập nát liên quan kết hợp các vùng cơ thể
T04.9,"đa tổn thương giập nát , không xác định"
T05,chấn thương đứt lìa tác động nhiều vùng cơ thể
T05.0,chấn thương đứt lìa cả hai bàn tay
T05.3,chấn thương đứt lìa cả hai bàn chân
T05.4,chấn thương đứt lìa một bàn chân và chân khác ( tầm bất kỳ trừ bàn chân )
T05.5,chấn thương đứt lìa cả hai chân ( tầm bất kỳ )
T03.4,"trật khớp , bong gân , căng cơ liên quan của nhiều vùng của chi trên và chi dưới"
T03.8,"trật khớp , bong gân , căng cơ liên quan kết hợp khác của các vùng cơ thể"
T03.9,"trật nhiều khớp , bong gân , căng cơ không xác định"
T04,tổn thương giập nát liên quan nhiều vùng cơ thể
T04.0,tổn thương giập nát liên quan đầu với cổ
S95.0,tổn thương động mạch mu bàn chân
S95.1,tổn thương động mạch gan bàn chân
S95.2,tổn thương tĩnh mạch mu bàn chân
S95.7,tổn thương đa mạch máu tại tầm cổ chân và bàn chân
T01.1,"vết thương hở liên quan ngực với bụng , dưới lưng và khung chậu"
T01.2,vết thương hở ở tác động nhiều vùng của chi trên
T01.3,vết thương hở liên quan của nhiều vùng của chi dưới
S96.0,tổn thương cơ và gân cơ gấp dài của ngón tại tầm cổ chân và bàn chân
S96.1,tổn thương cơ và gân cơ duỗi dài của ngón tại tầm cổ chân và bàn chân
S95.8,tổn thương mạch máu khác tại tầm cổ chân và bàn chân
S95.9,tổn thương mạch máu không xác định tầm cổ chân và bàn chân
S96,tổn thương cơ bắp và gân tại tầm cổ chân và bàn chân
S96.8,tổn thương cơ khác và gân tại tầm cổ chân và bàn chân
S96.9,tổn thương cơ không xác định và gân tầm cổ chân và bàn chân
S97,tổn thương giập nát tại cổ chân và bàn chân
S96.2,tổn thương cơ nội tại và gân tại tầm cổ chân và bàn chân
S96.7,tổn thương đa cơ và gân tại tầm cổ chân và bàn chân
T02.1,"gãy xương liên quan ngực , dưới lưng và khung chậu"
T02.10,"gãy xương liên quan ngực , dưới lưng và khung chậu , gãy kín"
T01.6,vết thương hở với tác động của nhiều vùng chi trên và chi dưới
T01.8,vết thương hở liên quan kết hợp khác của nhiều vùng cơ thể
S98,chấn thương đứt lìa cổ chân và bàn chân
S98.0,chấn thương đứt lìa bàn chân tại tầm cổ chân
S98.1,chấn thương đứt lìa một ngón chân
S30.8,"tổn thương nông khác của bụng , lưng dưới và vùng chậu"
S30.9,"tổn thương nông của bụng , lưng dưới và vùng chậu , phần không xác định"
S31,"vết thương hở của bụng , lưng dưới và vùng chậu"
S46.0,tổn thương của các cơ và gân dải quay của vai
S44.2,tổn thương thần kinh quay tại cánh tay trên
S44.3,tổn thương dây thần kinh hố nách
S44.4,tổn thương dây thần kinh cơ - da
S44.5,tổn thương dây thần kinh cảm giác - da tai vai và cánh tay trên
S46.1,tổn thương cơ và gân của đầu dài cơ nhị đầu
S45.1,tổn thương động mạch cánh tay
S45.2,tổn thương tĩnh mạch nách hay cánh tay
S45.3,tổn thương tĩnh mạch máu nông tại vai hay cánh tay trên
S46.2,tổn thương cơ và gân của các phần khác của cơ nhị đầu
S44,tổn thương dây thần kinh tại vai và cánh tay trên
S44.0,tổn thương thần kinh trụ tại tầm cánh tay
S44.1,tổn thương dây thần kinh giữa tại cánh tay trên
S44.7,tổn thương nhiều dây thần kinh tại vai và cánh tay trên
S44.8,tổn thương các dây thần kinh khác tại vai và cánh tay trên
S44.9,tổn thương dây thần kinh không xác định tại vai và cánh tay trên
S45,tổn thương mạch máu tại vai cánh tay trên
S45.0,tổn thương động mạch nách
S45.9,tổn thương mạch máu không xác định tại vai và cánh tay trên
S46,tổn thương cơ và gân tại vai và cánh tay trên
S45.7,tổn thương nhiều mạch máu tại vai và cánh tay trên
S45.8,tổn thương các máchmau khác tại vai và cánh tay trên
S30.0,đụng giập của lưng dưới và vùng chậu
S30.1,đụng giập thành bụng
S30.2,đụng giập cơ quan sinh dục ngoài
S30.7,"nhiều ( đa ) tổn thương nông ở bụng , lưng dưới và vùng chậu"
S43.3,trật khớp các phần không xác định và các phần khác của vòng ngực
S43.4,bong gân và giãn khớp của vai
S33.0,vỡ đĩa liên đốt thắt lưng do chấn thương
S33.1,trật khớp sống thắt lưng
S33.2,trật khớp cùng chậu và cùng cụt
S43.5,bong gân và giãn khớp mỏm cùng vai - đòn
S43.6,bong gân và căng cơ của khớp ức đòn
S43.7,bong gân và giãn khớp của các phần khác và không xác định của vòng ngực
S43.0,trật khớp vai
S43.1,trật khớp mỏm cùng vai - đòn
S43.2,trật khớp ức - đòn
S42.41,"gãy phần dưới xương cánh tay , gãy hở"
S42.7,"gãy nhiều xương đòn , xương vai và xương cánh tay"
S42.70,"gãy nhiều xương đòn , xương vai và xương cánh tay , gãy kín"
S42.71,"gãy nhiều xương đòn , xương vai và xương cánh tay , gãy hở"
S42.8,gãy các phần khác của xương vai và xương cánh tay
S42.3,gãy thân xương cánh tay
S42.30,"gãy thân xương cánh tay , gãy kín"
S42.31,"gãy thân xương cánh tay , gãy hở"
S42.4,gãy phần dưới xương cánh tay
S42.40,"gãy phần dưới xương cánh tay , gãy kín"
S42.0,gãy xương đòn
S42.00,"gãy xương đòn , gãy kín"
S42.01,"gãy xương đòn , gãy hở"
S42.1,gãy xương vai
S42.10,"gãy xương vai , gãy kín"
S42.11,"gãy xương vai , gãy hở"
S42.2,gãy phần trên xương cánh tay
S42.20,"gãy phần trên xương cánh tay , gãy kín"
S42.21,"gãy phần trên xương cánh tay , gãy hở"
S42.80,"gãy các phần khác của xương vai và xương cánh tay , gãy kín"
S42.81,"gãy các phần khác của xương vai và xương cánh tay , gãy hở"
S42.9,"gãy xương của vòng ngực , phần không xác định"
S82.81,"gãy xương ở các phần khác của cẳng chân , gãy hở"
S82.9,"gãy xương cẳng chân , phần không xác định"
S82.90,"gãy xương cẳng chân , phần không xác định , gãy kín"
S82.91,"gãy xương cẳng chân , phần không xác định , gãy hở"
S83,"trật khớp , bong gân và căng cơ khớp và dây chằng khớp gối"
S56.5,tổn thương gân và cơ duỗi khác ở tầm cẳng tay
S56.7,tổn thương đa gân và cơ ở tầm cẳng tay
S85.1,tổn thương ( phía trước ) ( phía sau ) động mạch chày
S85.2,tổn thương động mạch mác
S85.3,tổn thương tĩnh mạch hiển lớn tại tầm cẳng chân
S86.1,tổn thương cơ khác và gân nhóm cơ sau tại tầm cẳng chân
S86.2,tổn thương cơ khác và gân nhóm cơ trước tại tầm cẳng chân
S87,tổn thương giập nát tại cẳng chân
S87.0,tổn thương giập nát khớp gối
S87.8,tổn thương giập nát phần khác và không xác định của cẳng chân
S88,chấn thương đứt lìa ở cẳng chân
S88.0,chấn thương đứt lìa tầm khớp gối
S85.9,tổn thương mạch máu không xác định tại tầm cẳng chân
S86,tổn thương cơ bắp và gân tại tầm cẳng chân
S86.0,tổn thương gân gót ( achille )
S85.4,tổn thương tĩnh mạch hiển nhỏ tại tầm cẳng chân
S85.5,tổn thương tĩnh mạch kheo
S85.7,tổn thương đa mạch máu tại tầm cẳng chân
S85.8,tổn thương mạch máu khác tại tầm cẳng chân
S86.3,tổn thương cơ bắp và gân nhóm cơ trước tại tầm cẳng chân
S86.7,tổn thương đa cơ và gân tại tầm cẳng chân
S86.8,tổn thương cơ khác và gân tại tầm cẳng chân
S86.9,tổn thương cơ không xác định và gân tầm cẳng chân
S84.8,tổn thương dây thần kinh khác tại tầm cẳng chân
S84.9,tổn thương dây thần kinh không xác định tầm cẳng chân
S85,tổn thương mạch máu tại tầm cẳng chân
S85.0,tổn thương động mạch kheo
S70.8,các tổn thương nông khác tại hông và đùi
S70.9,"tổn thương nông tại hông và đùi , không đặc hiệu"
S71,vết thương hở ở hông và đùi
S79.8,tổn thương khác xác định của hông và đùi
S79.9,tổn thương không xác định của hông và đùi
S80,tổn thương nông tại cẳng chân
S80.9,tổn thương nông tại cẳng chân không xác định
S81,vết thương hở tại cẳng chân
S81.0,vết thương thấu khớp gối
S81.7,đa vết thương hở chi dưới
S81.8,vết thương hở phần khác của chi dưới
S81.9,"vết thương hở chi dưới , phần không xác định"
S82,"gãy xương cẳng chân , bao gồm cổ chân"
S82.0,gãy ( vỡ ) xương bánh chè
S82.00,"gãy ( vỡ ) xương bánh chè , gãy kín"
S82.01,"gãy ( vỡ ) xương bánh chè , gãy hở"
S82.1,gãy đầu trên của xương chày
S78.0,chấn thương đứt lìa ở khớp háng
S78.1,chấn thương đứt lìa tầm giữa hông và khớp gối
S78.9,chấn thương đứt lìa của hông và đùi tầm không xác định
S79,tổn thương khác không xác định của hông và đùi
S79.7,đa tổn thương ở hông và đùi
S82.10,"gãy đầu trên của xương chày , gãy kín"
S82.11,"gãy đầu trên của xương chày , gãy hở"
S82.2,gãy thân xương chày
S82.20,"gãy thân xương chày , gãy kín"
S82.21,"gãy thân xương chày , gãy hở"
S82.3,gãy xương đầu dưới xương chày
S82.30,"gãy xương đầu dưới xương chày , gãy kín"
S82.31,"gãy xương đầu dưới xương chày , gãy hở"
S82.4,gãy xương mác đơn thuần
S82.40,"gãy xương mác đơn thuần , gãy kín"
S82.41,"gãy xương mác đơn thuần , gãy hở"
S82.5,gãy xương mắt cá trong
S76.4,tổn thương cơ và cân khác và không xác định tại tầm đùi
S76.7,tổn thương đa cơ và gân tầm hông và đùi
S77,tổn thương giập nát hông và đùi
S80.0,đụng giập tại đầu gối
S80.1,đụng giập tại phần khác và không xác định của cẳng chân
S80.7,nhiều ( đa ) tổn thương nông tại cẳng chân
S80.8,tổn thương nông khác tại cẳng chân
S77.0,tổn thương giập nát hông
S77.1,tổn thương giập nát đùi
S77.2,tổn thương giập nát hông với giập nát đùi
S78,chấn thương đứt lìa ở hông và đùi
S64.3,tổn thương dây thần kinh ngón tay của ngón tay cái
S64.4,tổn thương dây thần kinh ngón tay của ngón tay khác
S64.7,tổn thương đa dây thần kinh tại tầm cổ tay và bàn tay
S64.1,tổn thương dây thần kinh giữa tầm cổ tay và bàn tay
S64.2,tổn thương thần kinh quay tầm cổ tay và bàn tay
S69.9,tổn thương không xác định của cổ tay và bàn tay
S70,tổn thương nông tại hông và đùi
S68.9,chấn thương đứt lìa cổ tay và bàn tay tầm không xác định
S69,tổn thương khác và không xác định của cổ tay và bàn tay
S69.7,đa tổn thương cổ tay và bàn tay
S69.8,tổn thương xác định khác của cổ tay và bàn tay
S63.3,chấn thương đứt dây chằng cổ tay và khớp xương cổ tay
S63.4,chấn thương đứt dây chằng ngón tay tại xương đốt bàn tay ngón tay và khớp xương cổ tay và gian đốt ngón ( khớp )
S63.5,bong gân và căng cơ cổ tay
S63.6,bong gân và căng cơ các ngón tay
S70.0,đụng giập tại hông
S70.1,đụng giập tại đùi
S70.7,đa tổn thương nông tại hông và đùi
S71.7,đa vết thương hở ở hông và đùi
S71.8,vết thương hở phần khác và không xác định của khung chậu
S71.0,vết thương hở ở hông
S71.1,vết thương hở ở đùi
S68.1,chấn thương đứt lìa ngón tay khác ( toàn phần ) ( một phần )
S68.2,chấn thương đứt lìa hai hoặc nhiều ngón tay đơn thuần ( toàn phần ) ( một phần )
S68.3,chấn thương đứt lìa kết hợp một phần ngón tay với phần khác của cổ tay và bàn tay
S67.0,tổn thương giập nát ngón tay cái và các ngón tay khác
S67.8,tổn thương giập nát phần khác và không xác định của cổ tay và bàn tay
S68,chấn thương đứt lìa cổ tay và bàn tay
S68.0,chấn thương đứt lìa ngón tay cái ( toàn phần ) ( một phần )
S68.4,chấn thương đứt lìa tại cổ tay và bàn tay
S68.8,chấn thương đứt lìa phần khác của cổ tay và bàn tay
S59.7,đa tổn thương cẳng tay
S59.8,tổn thương khác được xác định ở cẳng tay
S59.9,tổn thương không xác định ở cẳng tay
S60,tổn thương nông ở cổ tay và bàn tay
S83.6,bong gân và căng cơ phần khác và không xác định khớp gối
S83.7,tổn thương đa cấu trúc khớp gối
S84,tổn thương dây thần kinh tại tầm cẳng chân
S83.5,bong gân và căng cơ ( phía trước ) ( phía sau ) do tổn thương dây chằng chéo khớp gối
S82.7,gãy nhiều vị trí xương cẳng chân
S82.70,"gãy nhiều vị trí xương cẳng chân , gãy kín"
S82.71,"gãy nhiều vị trí xương cẳng chân , gãy hở"
S82.8,gãy xương ở các phần khác của cẳng chân
S82.80,"gãy xương ở các phần khác của cẳng chân , gãy kín"
S82.50,"gãy xương mắt cá trong , gãy kín"
S82.51,"gãy xương mắt cá trong , gãy hở"
S82.6,gãy xương mắt cá ngoài
S82.60,"gãy xương mắt cá ngoài , gãy kín"
S82.61,"gãy xương mắt cá ngoài , gãy hở"
S83.0,trật khớp xương bánh chè
S83.1,trật khớp gối
S83.2,"vết rách sụn chêm , hiện tại"
S84.2,tổn thương dây thần kinh cảm giác da tại tầm cẳng chân
S84.7,tổn thương đa dây thần kinh tại tầm cẳng chân
S84.0,tổn thương dây thần kinh chày tại tầm cẳng chân
S84.1,tổn thương dây thần kinh mác tại tầm cẳng chân
S83.3,"rách sụn khớp gối , hiện tại"
S83.4,bong gân và căng cơ ( xương mác ) ( xương chày ) tổn thương phụ dây chằng khớp gối
S64.8,tổn thương dây thần kinh khác tại tầm cổ tay và bàn tay
S64.9,tổn thương dây thần kinh không xác định tầm cổ tay và bàn tay
S65,tổn thương mạch máu tại tầm cổ tay và bàn tay
S73.0,trật khớp háng
S73.1,bong gân và căng cơ của khớp háng
S72.40,"gãy xương đầu dưới xương đùi , gãy kín"
S72.41,"gãy xương đầu dưới xương đùi , gãy hở"
S72.7,gãy nhiều vị trí xương đùi
S72.70,"gãy nhiều vị trí xương đùi , gãy kín"
S72.71,"gãy nhiều vị trí xương đùi , gãy hở"
S72.8,gãy các phần khác của xương đùi
S72.80,"gãy xương phần khác xương đùi , gãy kín"
S72.00,"gãy cổ xương đùi , gãy kín"
S72.01,"gãy cổ xương đùi , gãy hở"
S72.20,"gãy dưới mấu chuyển , gãy kín"
S72.21,"gãy dưới mấu chuyển , gãy hở"
S72.1,gãy mấu chuyển
S72.10,"gãy mấu chuyển , gãy kín"
S72.11,"gãy mấu chuyển , gãy hở"
S72.2,gãy dưới mấu chuyển
S72,gãy xương đùi
S72.0,gãy cổ xương đùi
S72.81,"gãy xương phần khác xương đùi , gãy hở"
S72.9,"gãy xương đùi , phần không xác định"
S72.90,"gãy xương đùi phần không xác định , gãy kín"
S72.91,"gãy xương đùi phần không xác định , gãy hở"
S73,"trật khớp , bong gân và căng cơ khớp và dây chằng khớp háng"
S72.3,gãy thân xương đùi
S72.30,"gãy thân xương đùi , gãy kín"
S72.31,"gãy thân xương đùi , gãy hở"
S72.4,gãy xương đầu dưới xương đùi
S66.3,tổn thương cơ duỗi và gân ngón tay khác tại tầm cổ tay và bàn tay
S66.4,tổn thương cơ nội tại và gân ngón tay cái tại tầm cổ tay và bàn tay
S66.5,tổn thương cơ nội tại và gân ngón tay khác tại tầm cổ tay và bàn tay
S65.9,tổn thương mạch máu không xác định tại tầm cổ tay và bàn tay
S66,tổn thương cơ bắp và gân tại tầm cổ tay và bàn tay
S66.0,tổn thương cơ bắp gấp dài và gân ngón tay cái tại tầm cổ tay và bàn tay
S66.6,tổn thương đa cơ gấp và gân tại tầm cổ tay và bàn tay
S66.7,tổn thương đa cơ duỗi và gân tại tầm cổ tay và bàn tay
S66.8,tổn thương cơ khác và gân tầm cổ tay và bàn tay
S66.9,tổn thương cơ không xác định và gân tại tầm cổ tay và bàn tay
S67,tổn thương giập nát cổ tay và bàn tay
S60.9,tổn thương nông ở cổ tay và bàn tay không xác định
S61,vết thương hở ở cổ tay và bàn tay
S61.0,vết thương hở các ngón tay không tổn thương móng
S66.1,tổn thương cơ gấp và gân ngón tay khác tại tầm cổ tay và bàn tay
S66.2,tổn thương cơ duỗi và gân ngón tay cái tại tầm cổ tay và bàn tay
S62.31,"gãy xương đốt khác bàn tay , gãy hở"
S62.4,gãy nhiều xương đốt bàn tay
S62.40,"gãy nhiều xương đốt bàn tay , gãy kín"
S62.41,"gãy nhiều xương đốt bàn tay , gãy hở"
S62.5,gãy xương ngón tay cái
S62.50,"gãy xương ngón tay cái , gãy kín"
S62.51,"gãy xương ngón tay cái , gãy hở"
S65.0,tổn thương động mạch trụ tại tầm cổ tay và bàn tay
S65.1,tổn thương động mạch quay tầm cổ tay và bàn tay
S65.2,tổn thương nông cung gan bàn tay
S65.3,tổn thương sâu cung gan bàn tay
S65.4,tổn thương mạch máu ngón tay cái
S65.5,tổn thương mạch máu ngón tay khác
S65.7,tổn thương đa mạch máu tại tầm cổ tay và bàn tay
S65.8,tổn thương mạch máu khác tại tầm cổ tay và bàn tay
S27.8,tổn thương của các cơ quan xác định khác trong lồng ngực
S27.80,"tổn thương của các cơ quan khác đặc hiệu trong lồng ngực , có vết thương mở vào lồng ngực"
S33.3,trật khớp các phần không xác định và khác của gai thắt lưng và chậu
S33.4,vỡ khớp mu do chấn thương
S32.01,"gãy sống thắt lưng , gãy hở"
S32.1,gãy xương cùng
S32.10,"gãy xương cùng , gãy kín"
S32.11,"gãy xương cùng , gãy hở"
S32.2,gây xương cụt
S32.20,"gây xương cụt , gãy kín"
S27.81,"tổn thương của các cơ quan khác đặc hiệu trong lồng ngực , có vết thương mở vào lồng ngực"
S27.9,tổn thương của cơ quan không xác định trong lồng ngực
S27.90,"tổn thương của cơ quan không xác định trong lồng ngực , không có vết thương mở vào lồng ngực"
S27.91,"tổn thương của cơ quan trong lồng ngực không xác định , có vết thương mở vào lồng ngực"
S28,tổn thương giập nát của ngực và chấn thương đứt lìa phần của ngực
S28.0,giập nát ngực
S28.1,chấn thương đứt lìa phần của ngực
S32.21,"gây xương cụt , gãy hở"
S32.3,gãy xương chậu
S32.30,"gãy xương chậu , gãy kín"
S32.31,"gãy xương chậu , gãy hở"
S32.4,gãy xương ổ cối
S32.40,"gãy xương ổ cối , gãy kín"
S32.41,"gãy xương ổ cối , gãy hở"
S32.5,gãy xương mu
S32.50,"gãy xương mu , gãy kín"
S32.51,"gãy xương mu , gãy hở"
S33.5,bong gân và giãn khớp sống thắt lưng
S33.6,bong gân và giãn khớp cùng chậu
S29.8,tổn thương xác định khác của ngực
S29.9,tổn thương không xác định của ngực
S30,"tổn thương nông của bụng , lưng dưới và vùng chậu"
S29,tổn thương khác và không xác định của ngực
S29.0,tổn thương cơ và gân vùng ngực
S29.7,tổn thương phức tạp của ngực
S31.8,vết thương hở của các phần không xác định và khác của bụng
S32,gãy cột sống thắt lưng và vùng chậu
S32.0,gãy đốt sống thắt lưng
S32.00,"gãy sống thắt lưng , gãy kín"
S27.7,đa tổn thương của các cơ quan trong lồng ngực
S27.70,"đa tổn thương của các cơ quan trong lồng ngực , không có vết thương mở vào lồng ngực"
S27.71,"đa tổn thương của các cơ quan trong lồng ngực , có vết thương mở vào lồng ngực"
S60.0,đụng giập các ngón tay không tổn thương móng
S60.1,đụng giập các ngón tay với tổn thương móng
S60.2,đụng giập các phần khác cổ tay và bàn tay
S57.9,"tổn thương giập nát ở cẳng tay , phần không xác định"
S58,chấn thương đứt lìa ở cẳng tay
S58.0,chấn thương đứt lìa ở tầm khuỷu tay
S58.1,chấn thương đứt lìa ở tầm giữa khuỷu và cổ tay
S58.9,"chấn thương đứt lìa ở cẳng tay , tầm không xác định"
S59,tổn thương khác và không xác định của cẳng tay
S62.80,"gãy xương khác và phần không xác định cổ tay và bàn tay , gãy kín"
S62.81,"gãy xương khác và phần không xác định cổ tay và bàn tay , gãy hở"
S63,"trật khớp , bong gân và căng cơ của khớp và dây chằng tầm cổ tay và bàn tay"
S63.0,trật khớp cổ tay
S63.1,trật khớp ngón tay
S63.2,trật khớp nhiều ngón tay
S62.2,gãy xương đốt đầu bàn tay
S62.20,"gãy xương đốt đầu bàn tay , gãy kín"
S62.21,"gãy xương đốt đầu bàn tay , gãy hở"
S62.3,gãy xương đốt khác bàn tay
S62.30,"gãy xương đốt khác bàn tay , gãy kín"
S62.0,gãy xương của xương thuyền bàn tay
S62.00,"gãy xương của xương thuyền bàn tay , gãy kín"
S62.01,"gãy xương của xương thuyền bàn tay , gãy hở"
S62.1,gãy xương khớp cổ tay khác
S62.10,"gãy xương khớp cổ tay khác , gãy kín"
S62.11,"gãy xương khớp cổ tay khác , gãy hở"
S64.0,tổn thương thần kinh trụ tầm cổ tay và bàn tay
S56.8,tổn thương các gân và cơ khác và không xác định tầm cẳng tay
S57,tổn thương giập nát ở cẳng tay
S57.0,tổn thương giập nát ở khuỷu tay
S57.8,tổn thương giập nát ở phần khác cẳng tay
S63.7,bong gân và căng cơ phần khác và không xác định của bàn tay
S64,tổn thương dây thần kinh tầm cổ tay và bàn tay
S61.9,"vết thương hở của cổ tay và bàn tay , phần không xác định"
S62,gãy xương tầm cổ tay và bàn tay
S62.6,gãy xương các ngón tay khác
S62.60,"gãy xương các ngón tay khác , gãy kín"
S62.61,"gãy xương các ngón tay khác , gãy hở"
S62.7,gãy nhiều xương ngón tay
S62.70,"gãy nhiều xương ngón tay , gãy kín"
S62.71,"gãy nhiều xương ngón tay , gãy hở"
S62.8,gãy xương khác và phần không xác định cổ tay và bàn tay
V66.3,"người đi xe tải nặng bị thương khi va chạm với xe thô sơ khác , người đi trên xe tải nặng bị thương trong tai nạn không giao thông"
V66.4,"người đi xe tải nặng bị thương khi va chạm với xe thô sơ khác , người bị thương khi lên hoặc xuống xe"
V61.3,"người đi xe tải nặng bị thương khi va chạm với xe đạp , người đi trên xe tải nặng bị thương trong tai nạn không giao thông"
V61.4,"người đi xe tải nặng bị thương khi va chạm với xe đạp , người bị thương khi lên hoặc xuống xe"
V87.2,người bị thương trong va chạm giữa ô tô và xe tải thu góp hay xe tải ( do giao thông )
V87.3,người bị thương trong va chạm giữa ô tô và xe buýt ( do giao thông )
V87.4,người bị thương trong va chạm giữa ô tô và xe tải nặng ( do giao thông )
V87.5,người bị thương trong va chạm giữa xe tải nặng và xe buýt ( do giao thông )
V87.6,người bị thương trong va chạm giữa tàu hỏa hay phương tiện đi trên ray và ô tô ( do giao thông )
V87.7,người bị thương trong va chạm các xe cơ giới đặc chủng khác ( do giao thông )
V87.8,người bị thương trong tai nạn giao thông xác định khác không có va chạm của xe cơ giới ( giao thông )
V87.9,người bị thương trong tai nạn giao thông xác định khác ( có va chạm ) ( không va chạm ) của xe thô sơ ( giao thông )
V85.6,người đi xe xây dựng bị thương không phải do tai nạn giao thông
V85.7,người ở bên ngoài xe xây dựng bị thương không phải do tai nạn giao thông
V85.9,người đi trên xe xây dựng chuyên dụng bị thương không phải do tai nạn giao thông
V86,người đi xe đặc chủng mọi địa hình hay xe cơ giới khác thiết kế nguyên thủy cho sử dụng ngoài quốc lộ bị thương trong tai nạn giao thông
V86.3,người ở xe địa hình hay xe máy địa hình không xác định bị thương trong tai nạn giao thông
V86.4,người bị thương trong khi lên xuống xe địa hình hay xe máy địa hình
V86.5,lái xe của xe địa hình hay xe máy địa hình bị thương không phải do tai nạn giao thông
V86.6,người đi xe địa hình hay xe máy địa hình bị thương không phải do tai nạn giao thông
V86.7,người ở bên ngoài xe địa hình hay xe máy địa hình bị thương không phải do tai nạn giao thông
V86.0,lái xe địa hình hay xe máy địa hình bị thương trong tai nạn giao thông
V86.1,người đi xe địa hình hay xe máy địa hình bị thương trong tai nạn giao thông
V86.2,người ở bên ngoài xe địa hình hay xe máy địa hình bị thương trong tai nạn giao thông
V86.9,người trên xe địa hình hay xe máy địa hình không xác định bị thương không phải do tai nạn giao thông
V87,tai nạn giao thông không rõ phương tiện vận tải của nạn nhân
V87.0,người bị thương trong va chạm giữa ô tô và xe cơ giới 2 hoặc 3 bánh ( do giao thông )
V87.1,người bị thương trong va chạm giữa xe cơ giới và mô tô 2 hoặc 3 bánh ( do giao thông )
V88,tai nạn không giao thông xác định nhưng không biết phương tiện di chuyển của nạn nhân
V88.0,người bị thương trong va chạm giữa ô tô và mô tô 2 hoặc 3 bánh không phải do giao thông
V88.1,người bị thương trong va chạm giữa xe cơ giới khác và mô tô 2 hoặc 3 bánh không phải do giao thông
V88.2,người bị thương trong va chạm giữa ô tô và xe tải thu góp hay tải không phải do giao thông
T26.1,"bỏng kết mạc , giác mạc"
T26.2,bỏng với hậu quả gây vỡ và phá hủy nhãn cầu
T26.3,bỏng tại phần khác của mắt và phần phụ của mắt
T81.6,"phản ứng cấp tính do chất lạ vô ý để lại trong khi phẫu thuật , thủ thuật"
T81.7,"biến chứng huyết quản sau phẫu thuật , thủ thuật , không phân loại nơi khác"
T81.8,"biến chứng khác sau phẫu thuật , thủ thuật , không phân loại nơi khác"
T81.9,"biến chứng không xác định sau phẫu thuật , thủ thuật"
T82,"biến chứng các thiết bị nhân tạo của tim và huyết quản , implant và vật ghép"
T83.2,biến chứng cơ học của ghép cơ quan tiết niệu
T83.3,biến chứng cơ học của thiết bị tránh thai trong tử cung
T83.4,"biến chứng cơ học của thiết bị nhân tạo khác , implant và vật ghép trong đường sinh dục"
V25.9,"người đi xe máy bị thương khi va chạm với tàu hỏa , ô tô ray , người đi xe bị thương trong tai nạn giao thông"
V26,người đi xe máy bị thương khi va chạm với xe thô sơ khác
V26.0,"người đi xe máy bị thương khi va chạm với xe thô sơ khác , người lái xe bị thương trong tai nạn không giao thông"
V26.1,"người đi xe máy bị thương khi va chạm với xe thô sơ khác , hành khách bị thương trong tai nạn không giao thông"
V26.2,"người đi xe máy bị thương khi va chạm với xe thô sơ khác , người đi xe bị thương trong tai nạn không giao thông"
V26.3,"người đi xe máy bị thương khi va chạm với xe thô sơ khác , người bị thương trong khi lên hoặc xuống xe"
V26.4,"người đi xe máy bị thương khi va chạm với xe thô sơ khác , người lái xe bị thương trong tai nạn giao thông"
V26.5,"người đi xe máy bị thương khi va chạm với xe thô sơ khác , hành khách bị thương trong tai nạn giao thông"
V28.1,"người đi xe máy bị thương trong tai nạn giao thông không có va chạm , hành khách bị thương trong tai nạn không giao thông"
V28.2,"người đi xe máy bị thương trong tai nạn giao thông không có va chạm , người đi xe bị thương trong tai nạn không giao thông"
V28.3,"người đi xe máy bị thương trong tai nạn giao thông không có va chạm , người bị thương trong khi lên hoặc xuống xe"
V28.4,"người đi xe máy bị thương trong tai nạn giao thông không có va chạm , người lái xe bị thương trong tai nạn giao thông"
V28.5,"người đi xe máy bị thương trong tai nạn giao thông không có va chạm , hành khách bị thương trong tai nạn giao thông"
V28.9,"người đi xe máy bị thương trong tai nạn giao thông không có va chạm , người đi xe bị thương trong tai nạn giao thông"
V26.9,"người đi xe máy bị thương khi va chạm với xe thô sơ khác , người đi xe bị thương trong tai nạn giao thông"
V27,người đi xe máy bị thương khi va chạm với vật cố định hay tĩnh vật
V27.0,"người đi xe máy bị thương khi va chạm với vật cố định hay tĩnh vật , người lái xe bị thương trong tai nạn không giao thông"
V27.1,"người đi xe máy bị thương khi va chạm với vật cố định hay tĩnh vật , hành khách bị thương trong tai nạn không giao thông"
V27.2,"người đi xe máy bị thương khi va chạm với vật cố định hay tĩnh vật , người đi xe bị thương trong tai nạn không giao thông"
V27.3,"người đi xe máy bị thương khi va chạm với vật cố định hay tĩnh vật , người bị thương trong khi lên hoặc xuống xe"
V27.4,"người đi xe máy bị thương khi va chạm với vật cố định hay tĩnh vật , người lái xe bị thương trong tai nạn giao thông"
V27.5,"người đi xe máy bị thương khi va chạm với vật cố định hay tĩnh vật , hành khách bị thương trong tai nạn giao thông"
V27.9,"người đi xe máy bị thương khi va chạm với vật cố định hay tĩnh vật , người đi xe bị thương trong tai nạn giao thông"
V28,người đi xe máy bị thương trong tai nạn giao thông không có va chạm
V28.0,"người đi xe máy bị thương trong tai nạn giao thông không có va chạm , người lái xe bị thương trong tai nạn không giao thông"
V24.5,"người đi xe máy bị thương khi va chạm với xe tải nặng hay xe buýt , hành khách bị thương trong tai nạn giao thông"
V24.9,"người đi xe máy bị thương khi va chạm với xe tải nặng hay xe buýt , người đi xe bị thương trong tai nạn giao thông"
V25,"người đi xe máy bị thương khi va chạm với tàu hỏa , ô tô ray"
V25.0,"người đi xe máy bị thương khi va chạm với tàu hỏa , ô tô ray , người lái xe bị thương trong tai nạn không giao thông"
V25.1,"người đi xe máy bị thương khi va chạm với tàu hỏa , ô tô ray , hành khách bị thương trong tai nạn không giao thông"
V25.2,"người đi xe máy bị thương khi va chạm với tàu hỏa , ô tô ray , người đi xe bị thương trong tai nạn không giao thông"
V25.3,"người đi xe máy bị thương khi va chạm với tàu hỏa , ô tô ray , người bị thương trong khi lên hoặc xuống xe"
V25.4,"người đi xe máy bị thương khi va chạm với tàu hỏa , ô tô ray , người lái xe bị thương trong tai nạn giao thông"
V25.5,"người đi xe máy bị thương khi va chạm với tàu hỏa , ô tô ray , hành khách bị thương trong tai nạn giao thông"
V29,người đi xe máy bị thương trong tai nạn giao thông khác và không xác định
V29.0,người lái xe máy bị thương khi va chạm với xe cơ giới khác và không xác định trong tai nạn không giao thông
V29.1,người ngồi sau xe máy bị thương khi va chạm với xe cơ giới khác và không xác định trong tai nạn không giao thông
V29.2,"người đi xe máy , bị thương khi va chạm với xe cơ giới khác và không xác định trong tai nạn không giao thông"
V29.3,người đi xe máy bị thương trong tai nạn không giao thông không xác định
V29.4,lái xe bị thương khi va chạm với xe cơ giới khác và không xác định trong tai nạn giao thông
V51.3,"người trên xe tải , xe kéo bị thương do va chạm với xe đạp , người đi trên xe ô tô bị thương trong tai nạn không giao thông"
V51.4,"người trên xe tải , xe kéo bị thương do va chạm với xe đạp , người bị thương khi lên hoặc xuống xe"
V83.3,người đi trên xe công nghiệp chuyên dụng bị thương trong tai nạn giao thông
V83.4,người bị thương khi lên xuống xe công nghiệp chuyên dụng
V83.5,người lái xe công nghiệp chuyên dụng bị thương trong tai nạn không giao thông
V83.6,hành khách trên xe công nghiệp chuyên dụng bị thương trong tai nạn không giao thông
V84.9,người ở xe nông nghiệp không xác định bị thương không phải do tai nạn giao thông
V85,người đi trên xe xây dựng chuyên dụng bị thương trong tai nạn giao thông
V85.0,lái xe của xe xây dựng bị thương trong tai nạn giao thông
V85.1,người đi trên xe xây dựng bị thương trong tai nạn giao thông
V85.2,người ở bên ngoài xe xây dựng bị thương trong tai nạn giao thông
V83.0,người lái xe công nghiệp chuyên dụng bị thương trong tai nạn giao thông
V83.1,hành khách xe công nghiệp chuyên dụng bị thương trong tai nạn giao thông
V83.2,người ở bên ngoài xe công nghiệp chuyên dụng bị thương trong tai nạn giao thông
V82.5,người đi trên tàu điện bị thương do ngã trong tàu điện
V82.6,người đi trên tàu điện bị thương khi ngã từ tàu điện
V82.7,người đi trên tàu điện bị thương khi trật ray mà không có va chạm trước đó
V82.8,người đi trên tàu điện bị thương trong tai nạn giao thông xác định khác
V82.9,người đi trên tàu điện bị thương trong tai nạn giao thông không xác định
V83,người đi trên xe chuyên dụng chủ yếu sử dụng trong khu công nghiệp bị thương do tai nạn giao thông
V82.1,người đi trên tàu điện bị thương khi va chạm với xe cơ giới trong tai nạn giao thông
V82.2,người đi trên tàu điện bị thương khi va chạm khối hàng hóa bị lăn
V82.3,người đi trên tàu điện bị thương khi va chạm với vật khác
V82.4,người đi trên tàu điện bị thương khi lên hay xuống tàu
V83.7,người ở ngoài xe công nghiệp chuyên dụng bị thương trong tai nạn không giao thông
V83.9,người đi trên xe công nghiệp chuyên dụng bị thương trong tai nạn không giao thông
V84,người đi trên xe nông nghiệp chuyên dụng bị thương trong tai nạn giao thông
V84.0,lái xe chuyên dùng trong nông nghiệp ( xe nông nghiệp ) bị thương trong tai nạn giao thông
V84.1,người đi xe nông nghiệp bị thương trong tai nạn giao thông
V84.2,người ở bên ngoài xe nông nghiệp bị thương trong tai nạn giao thông
V84.3,người của xe nông nghiệp không xác định bị thương trong tai nạn giao thông
V84.4,người bị thương khi lên xuống xe nông nghiệp
V85.3,người trên xe xây dựng không xác định bị thương trong tai nạn giao thông
V85.4,người bị thương trong khi lên xuống xe xây dựng
V85.5,lái xe của xe xây dựng bị thương không phải do tai nạn giao thông
V84.5,lái xe của xe nông nghiệp bị thương không phải do tai nạn giao thông
V84.6,người đi xe nông nghiệp bị thương không phải do tai nạn giao thông
V84.7,người ở bên ngoài xe nông nghiệp bị thương không phải do tai nạn giao thông
V44.0,"người đi xe ô tô con bị thương khi va chạm với xe tải nặng hay xe buýt , người lái xe bị thương trong tai nạn không giao thông"
V44.1,"người đi xe ô tô con bị thương khi va chạm với xe tải nặng hay xe buýt , hành khách bị thương trong tai nạn không giao thông"
V44.2,"người đi xe ô tô con bị thương khi va chạm với xe tải nặng hay xe buýt , người bên ngoài xe bị thương trong tai nạn không giao thông"
V44.3,"người đi xe ô tô con bị thương khi va chạm với xe tải nặng hay xe buýt , người đi trên xe ô tô bị thương trong tai nạn không giao thông"
V44.4,"người đi xe ô tô con bị thương khi va chạm với xe tải nặng hay xe buýt , người bị thương khi lên hoặc xuống xe"
V56.5,"người đi xe bán tải , xe tải nhẹ bị thương do va chạm với xe thô sơ khác , lái xe bị thương trong tai nạn giao thông"
V56.6,"người đi xe bán tải , xe tải nhẹ bị thương do va chạm với xe thô sơ khác , hành khách bị thương trong tai nạn giao thông"
V56.7,"người đi xe bán tải , xe tải nhẹ bị thương do va chạm với xe thô sơ khác , người bên ngoài xe bị thương trong tai nạn giao thông"
V56.9,"người đi xe bán tải , xe tải nhẹ bị thương do va chạm với xe thô sơ khác , người đi trên ô tô bị thương trong tai nạn giao thông"
V55.9,"người đi xe bán tải , xe tải nhẹ bị thương do va chạm với tàu hỏa , ô tô ray , người đi trên ô tô bị thương trong tai nạn giao thông"
V56,"người đi xe bán tải , xe tải nhẹ bị thương do va chạm với xe thô sơ khác"
V56.0,"người đi xe bán tải , xe tải nhẹ bị thương do va chạm với xe thô sơ khác , lái xe bị thương trong tai nạn không giao thông"
V56.1,"người đi xe bán tải , xe tải nhẹ bị thương do va chạm với xe thô sơ khác , hành khách bị thương trong tai nạn không giao thông"
V56.2,"người đi xe bán tải , xe tải nhẹ bị thương do va chạm với xe thô sơ khác , người bên ngoài xe bị thương trong tai nạn không giao thông"
V56.3,"người đi xe bán tải , xe tải nhẹ bị thương do va chạm với xe thô sơ khác , người đi trên xe ô tô bị thương trong tai nạn không giao thông"
V56.4,"người đi xe bán tải , xe tải nhẹ bị thương do va chạm với xe thô sơ khác , người bị thương khi lên hoặc xuống xe"
V61.9,"người đi xe tải nặng bị thương khi va chạm với xe đạp , người đi trên xe tải nặng bị thương trong tai nạn giao thông"
V62,người đi xe tải nặng bị thương khi va chạm với xe cơ giới 2 hoặc 3 bánh
V62.0,"người đi xe tải nặng bị thương khi va chạm với xe cơ giới 2 hoặc 3 bánh , lái xe bị thương trong tai nạn không giao thông"
V62.1,"người đi xe tải nặng bị thương khi va chạm với xe cơ giới 2 hoặc 3 bánh , hành khách bị thương trong tai nạn không giao thông"
V62.2,"người đi xe tải nặng bị thương khi va chạm với xe cơ giới 2 hoặc 3 bánh , người bên ngoài xe bị thương trong tai nạn không giao thông"
V62.3,"người đi xe tải nặng bị thương khi va chạm với xe cơ giới 2 hoặc 3 bánh , người đi trên xe tải nặng bị thương trong tai nạn không giao thông"
V62.4,"người đi xe tải nặng bị thương khi va chạm với xe cơ giới 2 hoặc 3 bánh , người bị thương khi lên hoặc xuống xe"
V62.5,"người đi xe tải nặng bị thương khi va chạm với xe cơ giới 2 hoặc 3 bánh , lái xe bị thương trong tai nạn giao thông"
V62.6,"người đi xe tải nặng bị thương khi va chạm với xe cơ giới 2 hoặc 3 bánh , hành khách bị thương trong tai nạn giao thông"
V66.5,"người đi xe tải nặng bị thương khi va chạm với xe thô sơ khác , lái xe bị thương trong tai nạn giao thông"
V66.6,"người đi xe tải nặng bị thương khi va chạm với xe thô sơ khác , hành khách bị thương trong tai nạn giao thông"
V66.7,"người đi xe tải nặng bị thương khi va chạm với xe thô sơ khác , người bên ngoài xe bị thương trong tai nạn giao thông"
V65.7,"người đi xe tải nặng bị thương khi va chạm với tàu hỏa hay ô tô ray , người bên ngoài xe bị thương trong tai nạn giao thông"
V65.9,"người đi xe tải nặng bị thương khi va chạm với tàu hỏa hay ô tô ray , người đi trên xe tải nặng bị thương trong tai nạn giao thông"
V66,người đi xe tải nặng bị thương khi va chạm với xe thô sơ khác
V66.0,"người đi xe tải nặng bị thương khi va chạm với xe thô sơ khác , lái xe bị thương trong tai nạn không giao thông"
V66.1,"người đi xe tải nặng bị thương khi va chạm với xe thô sơ khác , hành khách bị thương trong tai nạn không giao thông"
V66.2,"người đi xe tải nặng bị thương khi va chạm với xe thô sơ khác , người bên ngoài xe bị thương trong tai nạn không giao thông"
V62.7,"người đi xe tải nặng bị thương khi va chạm với xe cơ giới 2 hoặc 3 bánh , người bên ngoài xe bị thương trong tai nạn giao thông"
V62.9,"người đi xe tải nặng bị thương khi va chạm với xe cơ giới 2 hoặc 3 bánh , người đi trên xe tải nặng bị thương trong tai nạn giao thông"
V63,"người đi xe tải nặng bị thương khi va chạm với ô tô , tải , xe kéo"
V63.0,"người đi xe tải nặng bị thương khi va chạm với ô tô , tải , xe kéo , lái xe bị thương trong tai nạn không giao thông"
V63.1,"người đi xe tải nặng bị thương khi va chạm với ô tô , tải , xe kéo , hành khách bị thương trong tai nạn không giao thông"
V63.2,"người đi xe tải nặng bị thương khi va chạm với ô tô , tải , xe kéo , người bên ngoài xe bị thương trong tai nạn không giao thông"
V64.5,"người đi xe tải nặng bị thương khi va chạm với xe tải nặng hay xe buýt , lái xe bị thương trong tai nạn giao thông"
V64.6,"người đi xe tải nặng bị thương khi va chạm với xe tải nặng hay xe buýt , hành khách bị thương trong tai nạn giao thông"
V64.7,"người đi xe tải nặng bị thương khi va chạm với xe tải nặng hay xe buýt , người bên ngoài xe bị thương trong tai nạn giao thông"
V64.9,"người đi xe tải nặng bị thương khi va chạm với xe tải nặng hay xe buýt , người đi trên xe tải nặng bị thương trong tai nạn giao thông"
V65,người đi xe tải nặng bị thương khi va chạm với tàu hỏa hay ô tô ray
V65.0,"người đi xe tải nặng bị thương khi va chạm với tàu hỏa hay ô tô ray , lái xe bị thương trong tai nạn không giao thông"
V65.1,"người đi xe tải nặng bị thương khi va chạm với tàu hỏa hay ô tô ray , hành khách bị thương trong tai nạn không giao thông"
V65.2,"người đi xe tải nặng bị thương khi va chạm với tàu hỏa hay ô tô ray , người bên ngoài xe bị thương trong tai nạn không giao thông"
V65.3,"người đi xe tải nặng bị thương khi va chạm với tàu hỏa hay ô tô ray , người đi trên xe tải nặng bị thương trong tai nạn không giao thông"
V65.4,"người đi xe tải nặng bị thương khi va chạm với tàu hỏa hay ô tô ray , người bị thương khi lên hoặc xuống xe"
V65.5,"người đi xe tải nặng bị thương khi va chạm với tàu hỏa hay ô tô ray , lái xe bị thương trong tai nạn giao thông"
V65.6,"người đi xe tải nặng bị thương khi va chạm với tàu hỏa hay ô tô ray , hành khách bị thương trong tai nạn giao thông"
V63.3,"người đi xe tải nặng bị thương khi va chạm với ô tô , tải , xe kéo , người đi trên xe tải nặng bị thương trong tai nạn không giao thông"
V63.4,"người đi xe tải nặng bị thương khi va chạm với ô tô , tải , xe kéo , người bị thương khi lên hoặc xuống xe"
V63.5,"người đi xe tải nặng bị thương khi va chạm với ô tô , tải , xe kéo , lái xe bị thương trong tai nạn giao thông"
V63.6,"người đi xe tải nặng bị thương khi va chạm với ô tô , tải , xe kéo , hành khách bị thương trong tai nạn giao thông"
V63.7,"người đi xe tải nặng bị thương khi va chạm với ô tô , tải , xe kéo , người bên ngoài xe bị thương trong tai nạn giao thông"
V63.9,"người đi xe tải nặng bị thương khi va chạm với ô tô , tải , xe kéo , người đi trên xe tải nặng bị thương trong tai nạn giao thông"
V50.2,"người đi xe bán tải , xe tải nhẹ bị thương do va chạm với người đi bộ hay súc vật , người bên ngoài xe bị thương trong tai nạn không giao thông"
V50.3,"người đi xe bán tải , xe tải nhẹ bị thương do va chạm với người đi bộ hay súc vật , người đi trên xe ô tô bị thương trong tai nạn không giao thông"
V50.4,"người đi xe bán tải , xe tải nhẹ bị thương do va chạm với người đi bộ hay súc vật , người bị thương khi lên hoặc xuống xe"
V81.7,hành khách đi tàu hoặc phương tiện chạy trên ray bị thương khi tàu hay phương tiện chạy trên ray trật bánh mà không có va chạm trước đó
V81.8,hành khách đi tàu hoặc phương tiện chạy trên ray bị thương trong những tai nạn đường sắt xác định
V81.9,hành khách đi tàu hoặc phương tiện chạy trên ray bị thương trong tai nạn đường sắt không xác định
V82,người đi trên tàu điện bị thương trong tai nạn giao thông
V82.0,người đi trên tàu điện bị thương khi va chạm với xe cơ giới trong tai nạn không giao thông
V81.3,người đi trên tàu hỏa hoặc phương tiện chạy trên ray bị thương khi va chạm với vật khác
V81.4,người bị thương khi lên hay xuống tàu hay phương tiện đi trên ray
V81.5,hành khách đi tàu hoặc phương tiện chạy trên ray bị thương do ngã trong tàu hay phương tiện đi trên ray
V81.6,hành khách đi tàu hoặc phương tiện chạy trên ray bị thương do ngã từ tàu hỏa hay phương tiện đi trên ray
V81.0,người đi trên tàu hỏa hoặc phương tiện chạy trên ray bị thương khi va chạm với xe cơ giới trong tai nạn không giao thông
V81.1,người đi trên tàu hỏa hoặc phương tiện chạy trên ray bị thương khi va chạm với xe cơ giới trong tai nạn giao thông
V81.2,người đi trên tàu hỏa hoặc phương tiện chạy trên ray bị thương khi va chạm với hay bị đập bởi khối hàng hóa lăn
V78.7,"người đi xe buýt bị thương trong tai nạn giao thông không có va chạm , người bên ngoài xe bị thương trong tai nạn giao thông"
V78.9,"người đi xe buýt bị thương trong tai nạn giao thông không có va chạm , người đi trên buýt bị thương trong tai nạn giao thông"
V79,người đi xe buýt bị thương trong tai nạn giao thông khác và không xác định
V79.0,lái xe buýt bị thương khi va chạm với xe cơ giới khác và không xác định không phải do tai nạn giao thông
V79.1,hành khách đi xe buýt bị thương khi va chạm với xe cơ giới khác và không xác định không phải do tai nạn giao thông
V79.2,người đi trên xe buýt không xác định bị thương khi va chạm với xe cơ giới khác và không xác định trong tai nạn không giao thông
V80,người cưỡi súc vật hay người đi trên xe súc vật kéo bị thương trong tai nạn giao thông
V80.0,"người cưỡi súc vật , người trên xe súc vật kéo bị thương do ngã hay bị hất văng khỏi súc vật , xe trong tai nạn không có va chạm"
V80.1,người cưỡi hoặc đi trên xe súc vật kéo va chạm với người đi bộ hay súc vật
V80.2,người cưỡi súc vật hay người đi trên xe súc vật kéo bị thương do va chạm với xe đạp
V78.5,"người đi xe buýt bị thương trong tai nạn giao thông không có va chạm , lái xe bị thương trong tai nạn giao thông"
V78.6,"người đi xe buýt bị thương trong tai nạn giao thông không có va chạm , hành khách bị thương trong tai nạn giao thông"
V79.3,người đi trên xe buýt bị thương trong tai nạn không giao thông không xác định
V79.4,lái xe buýt bị thương do va chạm với xe cơ giới khác và không xác định trong tai nạn giao thông
V79.5,hành khách bị thương trong va chạm với xe cơ giới khác và không xác định trong tai nạn giao thông
V79.6,người đi trên xe buýt không xác định bị thương khi va chạm với xe cơ giới khác và không xác định trong tai nạn giao thông
V79.8,người trên xe buýt ( bus ) bị thương trong tai nạn giao thông xác định khác
V79.9,người trên xe buýt ( bus ) bị thương trong tai nạn giao thông không xác định
V80.3,người cưỡi súc vật hay người đi trên xe súc vật kéo bị thương do va chạm với xe cơ giới 2 hoặc 3 bánh
V80.4,"người cưỡi súc vật hay người trên xe bị thương do va chạm với xe ô tô con , xe bán tải , xe tải nhẹ , xe tải nặng hay xe buýt"
V80.5,người cưỡi súc vật hay người đi trên xe súc vật kéo bị thương do va chạm với xe cơ giới xác định khác
V80.6,người cưỡi súc vật hay người đi trên xe súc vật kéo bị thương do va chạm với tàu hỏa hay phương tiện đi trên ray
V80.7,người cưỡi súc vật hay người trên xe bị thương do va chạm với xe thô sơ khác
V80.8,người cưỡi súc vật hay người đi trên xe súc vật kéo bị thương trong va chạm với vật cố định hay tĩnh vật
V80.9,người cưỡi súc vật hay người trên xe súc vật kéo bị thương trong tai nạn giao thông khác và không xác định
V81,người đi tàu hỏa hay ô tô ray bị thương trong tai nạn giao thông
V78,người đi xe buýt bị thương trong tai nạn giao thông không có va chạm
V78.0,"người đi xe buýt bị thương trong tai nạn giao thông không có va chạm , lái xe bị thương trong tai nạn không giao thông"
V78.1,"người đi xe buýt bị thương trong tai nạn giao thông không có va chạm , hành khách bị thương trong tai nạn không giao thông"
V78.2,"người đi xe buýt bị thương trong tai nạn giao thông không có va chạm , người bên ngoài xe bị thương trong tai nạn không giao thông"
V78.3,"người đi xe buýt bị thương trong tai nạn giao thông không có va chạm , người đi xe buýt bị thương trong tai nạn không giao thông"
V78.4,"người đi xe buýt bị thương trong tai nạn giao thông không có va chạm , người bị thương khi lên hoặc xuống xe"
V64,người đi xe tải nặng bị thương khi va chạm với xe tải nặng hay xe buýt
V64.0,"người đi xe tải nặng bị thương khi va chạm với xe tải nặng hay xe buýt , lái xe bị thương trong tai nạn không giao thông"
V64.1,"người đi xe tải nặng bị thương khi va chạm với xe tải nặng hay xe buýt , hành khách bị thương trong tai nạn không giao thông"
V64.2,"người đi xe tải nặng bị thương khi va chạm với xe tải nặng hay xe buýt , người bên ngoài xe bị thương trong tai nạn không giao thông"
V64.3,"người đi xe tải nặng bị thương khi va chạm với xe tải nặng hay xe buýt , người đi trên xe tải nặng bị thương trong tai nạn không giao thông"
V64.4,"người đi xe tải nặng bị thương khi va chạm với xe tải nặng hay xe buýt , người bị thương khi lên hoặc xuống xe"
V76.1,"người đi xe buýt bị thương khi va chạm với xe không có động cơ khác , hành khách bị thương trong tai nạn không giao thông"
V76.2,"người đi xe buýt bị thương khi va chạm với xe không có động cơ khác , người bên ngoài xe bị thương trong tai nạn không giao thông"
V76.3,"người đi xe buýt bị thương khi va chạm với xe không có động cơ khác , người đi xe buýt bị thương trong tai nạn không giao thông"
V76.4,"người đi xe buýt bị thương khi va chạm với xe không có động cơ khác , người bị thương khi lên hoặc xuống xe"
V74.5,"người đi xe buýt bị thương khi va chạm với xe tải nặng hoặc xe buýt , lái xe bị thương trong tai nạn giao thông"
V74.6,"người đi xe buýt bị thương khi va chạm với xe tải nặng hoặc xe buýt , hành khách bị thương trong tai nạn giao thông"
V74.7,"người đi xe buýt bị thương khi va chạm với xe tải nặng hoặc xe buýt , người bên ngoài xe bị thương trong tai nạn giao thông"
V74.9,"người đi xe buýt bị thương khi va chạm với xe tải nặng hoặc xe buýt , người đi trên buýt bị thương trong tai nạn giao thông"
V75,người đi xe buýt bị thương khi va chạm với tàu hỏa hay phương tiện chạy trên ray
V74.1,"người đi xe buýt bị thương khi va chạm với xe tải nặng hoặc xe buýt , hành khách bị thương trong tai nạn không giao thông"
V74.2,"người đi xe buýt bị thương khi va chạm với xe tải nặng hoặc xe buýt , người bên ngoài xe bị thương trong tai nạn không giao thông"
V74.3,"người đi xe buýt bị thương khi va chạm với xe tải nặng hoặc xe buýt , người đi xe buýt bị thương trong tai nạn không giao thông"
V74.4,"người đi xe buýt bị thương khi va chạm với xe tải nặng hoặc xe buýt , người bị thương khi lên hoặc xuống xe"
V73.6,"người đi xe buýt bị thương khi va chạm với ô tô , xe tải hoặc bán tải , hành khách bị thương trong tai nạn giao thông"
V73.7,"người đi xe buýt bị thương khi va chạm với ô tô , xe tải hoặc bán tải , người bên ngoài xe bị thương trong tai nạn giao thông"
V73.9,"người đi xe buýt bị thương khi va chạm với ô tô , xe tải hoặc bán tải , người đi trên buýt bị thương trong tai nạn giao thông"
V74,người đi xe buýt bị thương khi va chạm với xe tải nặng hoặc xe buýt
V74.0,"người đi xe buýt bị thương khi va chạm với xe tải nặng hoặc xe buýt , lái xe bị thương trong tai nạn không giao thông"
V77.3,"người đi xe buýt bị thương khi va chạm với vật cố định hay tĩnh vật , người đi xe buýt bị thương trong tai nạn không giao thông"
V77.4,"người đi xe buýt bị thương khi va chạm với vật cố định hay tĩnh vật , người bị thương khi lên hoặc xuống xe"
V77.5,"người đi xe buýt bị thương khi va chạm với vật cố định hay tĩnh vật , lái xe bị thương trong tai nạn giao thông"
V77.6,"người đi xe buýt bị thương khi va chạm với vật cố định hay tĩnh vật , hành khách bị thương trong tai nạn giao thông"
V77.7,"người đi xe buýt bị thương khi va chạm với vật cố định hay tĩnh vật , người bên ngoài xe bị thương trong tai nạn giao thông"
V77.9,"người đi xe buýt bị thương khi va chạm với vật cố định hay tĩnh vật , người đi trên buýt bị thương trong tai nạn giao thông"
V72.7,"người đi xe buýt bị thương khi va chạm với xe cơ giới 2 hoặc 3 bánh , người bên ngoài xe bị thương trong tai nạn giao thông"
V72.9,"người đi xe buýt bị thương khi va chạm với xe cơ giới 2 hoặc 3 bánh , người đi trên buýt bị thương trong tai nạn giao thông"
V73,"người đi xe buýt bị thương khi va chạm với ô tô , xe tải hoặc bán tải"
V73.0,"người đi xe buýt bị thương khi va chạm với ô tô , xe tải hoặc bán tải , lái xe bị thương trong tai nạn không giao thông"
V73.1,"người đi xe buýt bị thương khi va chạm với ô tô , xe tải hoặc bán tải , hành khách bị thương trong tai nạn không giao thông"
V73.2,"người đi xe buýt bị thương khi va chạm với ô tô , xe tải hoặc bán tải , người bên ngoài xe bị thương trong tai nạn không giao thông"
V73.3,"người đi xe buýt bị thương khi va chạm với ô tô , xe tải hoặc bán tải , người đi xe buýt bị thương trong tai nạn không giao thông"
V73.4,"người đi xe buýt bị thương khi va chạm với ô tô , xe tải hoặc bán tải , người bị thương khi lên hoặc xuống xe"
V73.5,"người đi xe buýt bị thương khi va chạm với ô tô , xe tải hoặc bán tải , lái xe bị thương trong tai nạn giao thông"
V76.5,"người đi xe buýt bị thương khi va chạm với xe không có động cơ khác , lái xe bị thương trong tai nạn giao thông"
V76.6,"người đi xe buýt bị thương khi va chạm với xe không có động cơ khác , hành khách bị thương trong tai nạn giao thông"
V76.7,"người đi xe buýt bị thương khi va chạm với xe không có động cơ khác , người bên ngoài xe bị thương trong tai nạn giao thông"
V76.9,"người đi xe buýt bị thương khi va chạm với xe không có động cơ khác , người đi trên buýt bị thương trong tai nạn giao thông"
V77,người đi xe buýt bị thương khi va chạm với vật cố định hay tĩnh vật
V77.0,"người đi xe buýt bị thương khi va chạm với vật cố định hay tĩnh vật , lái xe bị thương trong tai nạn không giao thông"
V77.1,"người đi xe buýt bị thương khi va chạm với vật cố định hay tĩnh vật , hành khách bị thương trong tai nạn không giao thông"
V77.2,"người đi xe buýt bị thương khi va chạm với vật cố định hay tĩnh vật , người bên ngoài xe bị thương trong tai nạn không giao thông"
V75.5,"người đi xe buýt bị thương khi va chạm với tàu hỏa hay phương tiện chạy trên ray , lái xe bị thương trong tai nạn giao thông"
V75.6,"người đi xe buýt bị thương khi va chạm với tàu hỏa hay phương tiện chạy trên ray , hành khách bị thương trong tai nạn giao thông"
V75.7,"người đi xe buýt bị thương khi va chạm với tàu hỏa hay phương tiện chạy trên ray , người bên ngoài xe bị thương trong tai nạn giao thông"
V75.9,"người đi xe buýt bị thương khi va chạm với tàu hỏa hay phương tiện chạy trên ray , người đi trên buýt bị thương trong tai nạn giao thông"
V76,người đi xe buýt bị thương khi va chạm với xe không có động cơ khác
V76.0,"người đi xe buýt bị thương khi va chạm với xe không có động cơ khác , lái xe bị thương trong tai nạn không giao thông"
V75.0,"người đi xe buýt bị thương khi va chạm với tàu hỏa hay phương tiện chạy trên ray , lái xe bị thương trong tai nạn không giao thông"
V75.1,"người đi xe buýt bị thương khi va chạm với tàu hỏa hay phương tiện chạy trên ray , hành khách bị thương trong tai nạn không giao thông"
V75.2,"người đi xe buýt bị thương khi va chạm với tàu hỏa hay phương tiện chạy trên ray , người bên ngoài xe bị thương trong tai nạn không giao thông"
V75.3,"người đi xe buýt bị thương khi va chạm với tàu hỏa hay phương tiện chạy trên ray , người đi xe buýt bị thương trong tai nạn không giao thông"
V75.4,"người đi xe buýt bị thương khi va chạm với tàu hỏa hay phương tiện chạy trên ray , người bị thương khi lên hoặc xuống xe"
V61.5,"người đi xe tải nặng bị thương khi va chạm với xe đạp , lái xe bị thương trong tai nạn giao thông"
V61.6,"người đi xe tải nặng bị thương khi va chạm với xe đạp , hành khách bị thương trong tai nạn giao thông"
V61.7,"người đi xe tải nặng bị thương khi va chạm với xe đạp , người bên ngoài xe bị thương trong tai nạn giao thông"
V67.6,"người đi xe tải nặng bị thương khi va chạm với vật cố định hay tĩnh vật , hành khách bị thương trong tai nạn giao thông"
V67.7,"người đi xe tải nặng bị thương khi va chạm với vật cố định hay tĩnh vật , người bên ngoài xe bị thương trong tai nạn giao thông"
V67.9,"người đi xe tải nặng bị thương khi va chạm với vật cố định hay tĩnh vật , người đi trên xe tải nặng bị thương trong tai nạn giao thông"
V68,người đi xe tải nặng bị thương trong tai nạn giao thông không có va chạm
V68.0,"người đi xe tải nặng bị thương trong tai nạn giao thông không có va chạm , lái xe bị thương trong tai nạn không giao thông"
V68.1,"người đi xe tải nặng bị thương trong tai nạn giao thông không có va chạm , hành khách bị thương trong tai nạn không giao thông"
V68.2,"người đi xe tải nặng bị thương trong tai nạn giao thông không có va chạm , người bên ngoài xe bị thương trong tai nạn không giao thông"
V68.3,"người đi xe tải nặng bị thương trong tai nạn giao thông không có va chạm , người đi trên xe tải nặng bị thương trong tai nạn không giao thông"
V68.4,"người đi xe tải nặng bị thương trong tai nạn giao thông không có va chạm , người bị thương khi lên hoặc xuống xe"
V68.5,"người đi xe tải nặng bị thương trong tai nạn giao thông không có va chạm , lái xe bị thương trong tai nạn giao thông"
V68.6,"người đi xe tải nặng bị thương trong tai nạn giao thông không có va chạm , hành khách bị thương trong tai nạn giao thông"
V68.7,"người đi xe tải nặng bị thương trong tai nạn giao thông không có va chạm , người bên ngoài xe bị thương trong tai nạn giao thông"
V72,người đi xe buýt bị thương khi va chạm với xe cơ giới 2 hoặc 3 bánh
V72.0,"người đi xe buýt bị thương khi va chạm với xe cơ giới 2 hoặc 3 bánh , lái xe bị thương trong tai nạn không giao thông"
V72.1,"người đi xe buýt bị thương khi va chạm với xe cơ giới 2 hoặc 3 bánh , hành khách bị thương trong tai nạn không giao thông"
V72.2,"người đi xe buýt bị thương khi va chạm với xe cơ giới 2 hoặc 3 bánh , người bên ngoài xe bị thương trong tai nạn không giao thông"
V72.3,"người đi xe buýt bị thương khi va chạm với xe cơ giới 2 hoặc 3 bánh , người đi xe buýt bị thương trong tai nạn không giao thông"
V72.4,"người đi xe buýt bị thương khi va chạm với xe cơ giới 2 hoặc 3 bánh , người bị thương khi lên hoặc xuống xe"
V72.5,"người đi xe buýt bị thương khi va chạm với xe cơ giới 2 hoặc 3 bánh , lái xe bị thương trong tai nạn giao thông"
V72.6,"người đi xe buýt bị thương khi va chạm với xe cơ giới 2 hoặc 3 bánh , hành khách bị thương trong tai nạn giao thông"
V69.4,lái xe bị thương khi va chạm với xe cơ giới khác và không xác định trong tai nạn giao thông
V69.5,người đi xe bị thương khi va chạm với xe cơ giới khác và không xác định trong tai nạn giao thông
V69.6,người đi xe tải nặng không xác định bị thương khi va chạm với xe cơ giới khác và không xác định trong tai nạn giao thông
V69.8,người đi xe tải nặng bị thương trong tai nạn giao thông xác định khác
V69.9,người đi xe tải nặng bị thương trong tai nạn giao thông không xác định
V70,người đi xe buýt bị thương khi va chạm với người đi bộ hay súc vật
V70.0,"người đi xe buýt bị thương khi va chạm với người đi bộ hay súc vật , lái xe bị thương trong tai nạn không giao thông"
V70.1,"người đi xe buýt bị thương khi va chạm với người đi bộ hay súc vật , hành khách bị thương trong tai nạn không giao thông"
V70.2,"người đi xe buýt bị thương khi va chạm với người đi bộ hay súc vật , người bên ngoài xe bị thương trong tai nạn không giao thông"
V70.3,"người đi xe buýt bị thương khi va chạm với người đi bộ hay súc vật , người đi xe buýt bị thương trong tai nạn không giao thông"
V70.4,"người đi xe buýt bị thương khi va chạm với người đi bộ hay súc vật , người bị thương khi lên hoặc xuống xe"
V71.2,"người đi xe tải nặng bị thương khi va chạm với xe đạp , người bên ngoài xe bị thương trong tai nạn không giao thông"
V71.3,"người đi xe tải nặng bị thương khi va chạm với xe đạp , người đi xe buýt bị thương trong tai nạn không giao thông"
V71.4,"người đi xe tải nặng bị thương khi va chạm với xe đạp , người bị thương khi lên hoặc xuống xe"
V71.5,"người đi xe tải nặng bị thương khi va chạm với xe đạp , lái xe bị thương trong tai nạn giao thông"
V71.6,"người đi xe tải nặng bị thương khi va chạm với xe đạp , hành khách bị thương trong tai nạn giao thông"
V71.7,"người đi xe tải nặng bị thương khi va chạm với xe đạp , người bên ngoài xe bị thương trong tai nạn giao thông"
V71.9,"người đi xe tải nặng bị thương khi va chạm với xe đạp , người đi trên buýt bị thương trong tai nạn giao thông"
V66.9,"người đi xe tải nặng bị thương khi va chạm với xe thô sơ khác , người đi trên xe tải nặng bị thương trong tai nạn giao thông"
V67,người đi xe tải nặng bị thương khi va chạm với vật cố định hay tĩnh vật
V67.0,"người đi xe tải nặng bị thương khi va chạm với vật cố định hay tĩnh vật , lái xe bị thương trong tai nạn không giao thông"
V67.1,"người đi xe tải nặng bị thương khi va chạm với vật cố định hay tĩnh vật , hành khách bị thương trong tai nạn không giao thông"
V67.2,"người đi xe tải nặng bị thương khi va chạm với vật cố định hay tĩnh vật , người bên ngoài xe bị thương trong tai nạn không giao thông"
V67.3,"người đi xe tải nặng bị thương khi va chạm với vật cố định hay tĩnh vật , người đi trên xe tải nặng bị thương trong tai nạn không giao thông"
V67.4,"người đi xe tải nặng bị thương khi va chạm với vật cố định hay tĩnh vật , người bị thương khi lên hoặc xuống xe"
V67.5,"người đi xe tải nặng bị thương khi va chạm với vật cố định hay tĩnh vật , lái xe bị thương trong tai nạn giao thông"
V70.5,"người đi xe buýt bị thương khi va chạm với người đi bộ hay súc vật , lái xe bị thương trong tai nạn giao thông"
V70.6,"người đi xe buýt bị thương khi va chạm với người đi bộ hay súc vật , hành khách bị thương trong tai nạn giao thông"
V70.7,"người đi xe buýt bị thương khi va chạm với người đi bộ hay súc vật , người bên ngoài xe bị thương trong tai nạn giao thông"
V70.9,"người đi xe buýt bị thương khi va chạm với người đi bộ hay súc vật , người đi trên buýt bị thương trong tai nạn giao thông"
V71,người đi xe buýt bị thương khi va chạm với xe đạp
V71.0,"người đi xe tải nặng bị thương khi va chạm với xe đạp , lái xe bị thương trong tai nạn không giao thông"
V71.1,"người đi xe tải nặng bị thương khi va chạm với xe đạp , hành khách bị thương trong tai nạn không giao thông"
V68.9,"người đi xe tải nặng bị thương trong tai nạn giao thông không có va chạm , người đi trên xe tải nặng bị thương trong tai nạn giao thông"
V69,người đi xe tải nặng bị thương trong tai nạn giao thông khác và không xác định
V69.0,lái xe tải nặng bị thương khi va chạm với xe cơ giới khác và không xác định trong tai nạn không giao thông
V69.1,hành khách xe tải nặng bị thương khi va chạm với xe cơ giới khác và không xác định trong tai nạn không giao thông
V69.2,người đi xe tải nặng không xác định bị thương khi va chạm với xe cơ giới khác và không xác định trong tai nạn không giao thông
V69.3,người đi trên xe tải nặng bị thương trong tai nạn không giao thông không xác định
V52,"người đi xe bán tải , xe tải nhẹ bị thương do va chạm với xe cơ giới 2 hoặc 3 bánh"
V52.0,"người đi xe bán tải , xe tải nhẹ bị thương do va chạm với xe cơ giới 2 hoặc 3 bánh , lái xe bị thương trong tai nạn không giao thông"
V52.1,"người đi xe bán tải , xe tải nhẹ bị thương do va chạm với xe cơ giới 2 hoặc 3 bánh , hành khách bị thương trong tai nạn không giao thông"
V47,người đi xe ô tô con bị thương khi va chạm với vật cố định hay tĩnh vật
V47.0,"người đi xe ô tô con bị thương khi va chạm với vật cố định hay tĩnh vật , người lái xe bị thương trong tai nạn không giao thông"
V47.1,"người đi xe ô tô con bị thương khi va chạm với vật cố định hay tĩnh vật , hành khách bị thương trong tai nạn không giao thông"
V47.2,"người đi xe ô tô con bị thương khi va chạm với vật cố định hay tĩnh vật , người bên ngoài xe bị thương trong tai nạn không giao thông"
V47.3,"người đi xe ô tô con bị thương khi va chạm với vật cố định hay tĩnh vật , người đi trên xe ô tô bị thương trong tai nạn không giao thông"
V47.4,"người đi xe ô tô con bị thương khi va chạm với vật cố định hay tĩnh vật , người bị thương khi lên hoặc xuống xe"
V47.5,"người đi xe ô tô con bị thương khi va chạm với vật cố định hay tĩnh vật , người lái xe bị thương trong tai nạn giao thông"
V43.0,"người đi xe ô tô con bị thương khi va chạm với xe ô tô con , xe bán tải hoặc xe tải nhẹ , người lái xe bị thương trong tai nạn không giao thông"
V43.1,"người đi trên ô tô bị thương khi va chạm với xe ô tô , xe bán tải hoặc xe tải nhẹ , hành khách bị thương trong tai nạn không giao thông"
V43.2,"người đi trên ô tô bị thương khi va chạm với xe ô tô , xe bán tải hoặc xe tải nhẹ , người bên ngoài xe bị thương trong tai nạn không giao thông"
V43.3,"người đi trên ô tô bị thương khi va chạm với xe ô tô , xe bán tải hoặc xe tải nhẹ , người đi trên xe ô tô bị thương trong tai nạn không giao thông"
V43.4,"người đi trên ô tô bị thương khi va chạm với xe ô tô , xe bán tải hoặc xe tải nhẹ , người bị thương khi lên hoặc xuống xe"
V43.5,"người đi trên ô tô bị thương khi va chạm với xe ô tô , xe bán tải hoặc xe tải nhẹ , người lái xe bị thương trong tai nạn giao thông"
V43.6,"người đi trên ô tô bị thương khi va chạm với xe ô tô , xe bán tải hoặc xe tải nhẹ , hành khách bị thương trong tai nạn giao thông"
V43.7,"người đi trên ô tô bị thương khi va chạm với xe ô tô , xe bán tải hoặc xe tải nhẹ , người bên ngoài xe bị thương trong tai nạn giao thông"
V43.9,"người đi trên ô tô bị thương khi va chạm với xe ô tô , xe bán tải hoặc xe tải nhẹ , người đi trên ô tô bị thương trong tai nạn giao thông"
V44,người đi xe ô tô con bị thương khi va chạm với xe tải nặng hay xe buýt
V60,người đi xe tải nặng bị thương khi va chạm với người đi bộ hay súc vật
V60.0,"người đi xe tải nặng bị thương khi va chạm với người đi bộ hay súc vật , lái xe bị thương trong tai nạn không giao thông"
V60.1,"người đi xe tải nặng bị thương khi va chạm với người đi bộ hay súc vật , hành khách bị thương trong tai nạn không giao thông"
V60.2,"người đi xe tải nặng bị thương khi va chạm với người đi bộ hay súc vật , người bên ngoài xe bị thương trong tai nạn không giao thông"
V58.4,"người đi xe bán tải , xe tải nhẹ bị thương trong tai nạn giao thông không va chạm , người bị thương khi lên hoặc xuống xe"
V58.5,"người đi xe bán tải , xe tải nhẹ bị thương trong tai nạn giao thông không va chạm , lái xe bị thương trong tai nạn giao thông"
V58.6,"người đi xe bán tải , xe tải nhẹ bị thương trong tai nạn giao thông không va chạm , hành khách bị thương trong tai nạn giao thông"
V61.0,"người đi xe tải nặng bị thương khi va chạm với xe đạp , lái xe bị thương trong tai nạn không giao thông"
V61.1,"người đi xe tải nặng bị thương khi va chạm với xe đạp , hành khách bị thương trong tai nạn không giao thông"
V61.2,"người đi xe tải nặng bị thương khi va chạm với xe đạp , người bên ngoài xe bị thương trong tai nạn không giao thông"
V59.2,"người đi trên xe xe bán tải , xe tải nhẹ bị thương khi va chạm với xe cơ giới khác và không xác định trong tai nạn không giao thông"
V59.3,"người đi trên xe bán tải , xe tải nhẹ bị thương trong tai nạn không giao thông không xác định"
V59.4,lái xe bị thương khi va chạm với xe cơ giới khác và không xác định trong tai nạn giao thông
V59.5,"hành khách xe bán tải , xe tải nhẹ bị thương khi va chạm với xe cơ giới khác và không xác định trong tai nạn giao thông"
V59.6,"người đi trên xe bán tải , xe tải nhẹ không xác định bị thương khi va chạm với xe cơ giới khác và không xác định trong tai nạn giao thông"
V59.8,"người đi trên xe bán tải , xe tải nhẹ bị thương trong tai nạn giao thông xác định khác"
V59.9,"người đi trên xe bán tải , xe tải nhẹ bị thương trong tai nạn giao thông không xác định"
V58.7,"người đi xe bán tải , xe tải nhẹ bị thương trong tai nạn giao thông không va chạm , người bên ngoài xe bị thương trong tai nạn giao thông"
V58.9,"người đi xe bán tải , xe tải nhẹ bị thương trong tai nạn giao thông không va chạm , người đi trên ô tô bị thương trong tai nạn giao thông"
V59,"người đi xe bán tải , xe tải nhẹ bị thương trong tai nạn giao thông khác và không xác định"
V59.0,"lái xe bán tải , xe tải nhẹ bị thương khi va chạm với xe cơ giới khác và không xác định trong tai nạn không giao thông"
V59.1,"hành khách xe bán tải , xe tải nhẹ bị thương khi va chạm với xe cơ giới khác và không xác định trong tai nạn không giao thông"
V60.3,"người đi xe tải nặng bị thương khi va chạm với người đi bộ hay súc vật , người đi trên xe tải nặng bị thương trong tai nạn không giao thông"
V60.4,"người đi xe tải nặng bị thương khi va chạm với người đi bộ hay súc vật , người bị thương khi lên hoặc xuống xe"
V60.5,"người đi xe tải nặng bị thương khi va chạm với người đi bộ hay súc vật , lái xe bị thương trong tai nạn giao thông"
V60.6,"người đi xe tải nặng bị thương khi va chạm với người đi bộ hay súc vật , hành khách bị thương trong tai nạn giao thông"
V60.7,"người đi xe tải nặng bị thương khi va chạm với người đi bộ hay súc vật , người bên ngoài xe bị thương trong tai nạn giao thông"
V60.9,"người đi xe tải nặng bị thương khi va chạm với người đi bộ hay súc vật , người đi trên xe tải nặng bị thương trong tai nạn giao thông"
V61,người đi xe tải nặng bị thương khi va chạm với xe đạp
V49.8,người đi trên xe ô tô con bị thương trong tai nạn giao thông xác định khác
V49.9,người đi trên xe ô tô con bị thương trong tai nạn giao thông không xác định
V50,"người đi xe bán tải , xe tải nhẹ bị thương do va chạm với người đi bộ hay súc vật"
V50.0,"người đi xe bán tải , xe tải nhẹ bị thương do va chạm với người đi bộ hay súc vật , lái xe bị thương trong tai nạn không giao thông"
V50.1,"người đi xe bán tải , xe tải nhẹ bị thương do va chạm với người đi bộ hay súc vật , hành khách bị thương trong tai nạn không giao thông"
V48.2,"người đi trên ô tô bị thương trong tai nạn giao thông không có va chạm , người bên ngoài xe bị thương trong tai nạn không giao thông"
V48.3,"người đi trên ô tô bị thương trong tai nạn giao thông không có va chạm , người đi trên xe ô tô bị thương trong tai nạn không giao thông"
V48.4,"người đi trên ô tô bị thương trong tai nạn giao thông không có va chạm , người bị thương khi lên hoặc xuống xe"
V48.5,"người đi trên ô tô bị thương trong tai nạn giao thông không có va chạm , người lái xe bị thương trong tai nạn giao thông"
V48.6,"người đi trên ô tô bị thương trong tai nạn giao thông không có va chạm , hành khách bị thương trong tai nạn giao thông"
V48.7,"người đi trên ô tô bị thương trong tai nạn giao thông không có va chạm , người bên ngoài xe bị thương trong tai nạn giao thông"
V48.9,"người đi trên ô tô bị thương trong tai nạn giao thông không có va chạm , người đi trên ô tô bị thương trong tai nạn giao thông"
V49,người đi xe ô tô con bị thương trong tai nạn giao thông khác và không xác định
V49.0,lái xe bị thương trong va chạm với xe cơ giới khác và không xác định trong tai nạn không giao thông
V46.4,"người đi xe ô tô con bị thương khi va chạm với xe thô sơ khác , người bị thương khi lên hoặc xuống xe"
V46.5,"người đi xe ô tô con bị thương khi va chạm với xe thô sơ khác , người lái xe bị thương trong tai nạn giao thông"
V46.6,"người đi xe ô tô con bị thương khi va chạm với xe thô sơ khác , hành khách bị thương trong tai nạn giao thông"
V46.7,"người đi xe ô tô con bị thương khi va chạm với xe thô sơ khác , người bên ngoài xe bị thương trong tai nạn giao thông"
V46.9,"người đi xe ô tô con bị thương khi va chạm với xe thô sơ khác , người đi trên ô tô bị thương trong tai nạn giao thông"
V54.0,"người đi xe bán tải , xe tải nhẹ bị thương do va chạm với xe tải nặng hay xe buýt , lái xe bị thương trong tai nạn không giao thông"
V54.1,"người đi xe bán tải , xe tải nhẹ bị thương do va chạm với xe tải nặng hay xe buýt , hành khách bị thương trong tai nạn không giao thông"
V54.2,"người đi xe bán tải , xe tải nhẹ bị thương do va chạm với xe tải nặng hay xe buýt , người bên ngoài xe bị thương trong tai nạn không giao thông"
V54.3,"người đi xe bán tải , xe tải nhẹ bị thương do va chạm với xe tải nặng hay xe buýt , người đi trên xe ô tô bị thương trong tai nạn không giao thông"
V54.4,"người đi xe bán tải , xe tải nhẹ bị thương do va chạm với xe tải nặng hay xe buýt , người bị thương khi lên hoặc xuống xe"
V54.5,"người đi xe bán tải , xe tải nhẹ bị thương do va chạm với xe tải nặng hay xe buýt , lái xe bị thương trong tai nạn giao thông"
V54.6,"người đi xe bán tải , xe tải nhẹ bị thương do va chạm với xe tải nặng hay xe buýt , hành khách bị thương trong tai nạn giao thông"
V54.7,"người đi xe bán tải , xe tải nhẹ bị thương do va chạm với xe tải nặng hay xe buýt , người bên ngoài xe bị thương trong tai nạn giao thông"
V58,"người đi xe bán tải , xe tải nhẹ bị thương trong tai nạn giao thông không va chạm"
V58.0,"người đi xe bán tải , xe tải nhẹ bị thương trong tai nạn giao thông không va chạm , lái xe bị thương trong tai nạn không giao thông"
V58.1,"người đi xe bán tải , xe tải nhẹ bị thương trong tai nạn giao thông không va chạm , hành khách bị thương trong tai nạn không giao thông"
V58.2,"người đi xe bán tải , xe tải nhẹ bị thương trong tai nạn giao thông không va chạm , người bên ngoài xe bị thương trong tai nạn không giao thông"
V58.3,"người đi xe bán tải , xe tải nhẹ bị thương trong tai nạn giao thông không va chạm , người đi trên xe ô tô bị thương trong tai nạn không giao thông"
V57,"người đi xe bán tải , xe tải nhẹ bị thương do va chạm với vật cố định hay tĩnh vật"
V57.0,"người đi xe bán tải , xe tải nhẹ bị thương do va chạm với vật cố định hay tĩnh vật , lái xe bị thương trong tai nạn không giao thông"
V57.1,"người đi xe bán tải , xe tải nhẹ bị thương do va chạm với vật cố định hay tĩnh vật , hành khách bị thương trong tai nạn không giao thông"
V57.2,"người đi xe bán tải , xe tải nhẹ bị thương do va chạm với vật cố định hay tĩnh vật , người bên ngoài xe bị thương trong tai nạn không giao thông"
V57.3,"người đi xe bán tải , xe tải nhẹ bị thương do va chạm với vật cố định hay tĩnh vật , người đi trên xe ô tô bị thương trong tai nạn không giao thông"
V57.4,"người đi xe bán tải , xe tải nhẹ bị thương do va chạm với vật cố định hay tĩnh vật , người bị thương khi lên hoặc xuống xe"
V57.5,"người đi xe bán tải , xe tải nhẹ bị thương do va chạm với vật cố định hay tĩnh vật , lái xe bị thương trong tai nạn giao thông"
V57.6,"người đi xe bán tải , xe tải nhẹ bị thương do va chạm với vật cố định hay tĩnh vật , hành khách bị thương trong tai nạn giao thông"
V57.7,"người đi xe bán tải , xe tải nhẹ bị thương do va chạm với vật cố định hay tĩnh vật , người bên ngoài xe bị thương trong tai nạn giao thông"
V57.9,"người đi xe bán tải , xe tải nhẹ bị thương do va chạm với vật cố định hay tĩnh vật , người đi trên ô tô bị thương trong tai nạn giao thông"
V54.9,"người đi xe bán tải , xe tải nhẹ bị thương do va chạm với xe tải nặng hay xe buýt , người đi trên ô tô bị thương trong tai nạn giao thông"
V55,"người đi xe bán tải , xe tải nhẹ bị thương do va chạm với tàu hỏa , ô tô ray"
V55.0,"người đi xe bán tải , xe tải nhẹ bị thương do va chạm với tàu hỏa , ô tô ray , lái xe bị thương trong tai nạn không giao thông"
V55.1,"người đi xe bán tải , xe tải nhẹ bị thương do va chạm với tàu hỏa , ô tô ray , hành khách bị thương trong tai nạn không giao thông"
V55.2,"người đi xe bán tải , xe tải nhẹ bị thương do va chạm với tàu hỏa , ô tô ray , người bên ngoài xe bị thương trong tai nạn không giao thông"
V55.3,"người đi xe bán tải , xe tải nhẹ bị thương do va chạm với tàu hỏa , ô tô ray , người đi trên xe ô tô bị thương trong tai nạn không giao thông"
V55.4,"người đi xe bán tải , xe tải nhẹ bị thương do va chạm với tàu hỏa , ô tô ray , người bị thương khi lên hoặc xuống xe"
V55.5,"người đi xe bán tải , xe tải nhẹ bị thương do va chạm với tàu hỏa , ô tô ray , lái xe bị thương trong tai nạn giao thông"
V55.6,"người đi xe bán tải , xe tải nhẹ bị thương do va chạm với tàu hỏa , ô tô ray , hành khách bị thương trong tai nạn giao thông"
V55.7,"người đi xe bán tải , xe tải nhẹ bị thương do va chạm với tàu hỏa , ô tô ray , người bên ngoài xe bị thương trong tai nạn giao thông"
V53.2,"người đi xe bán tải , xe tải nhẹ bị thương do va chạm với ô tô , tải , xe kéo , người bên ngoài xe bị thương trong tai nạn không giao thông"
V53.3,"người đi xe bán tải , xe tải nhẹ bị thương do va chạm với ô tô , tải , xe kéo , người đi trên xe ô tô bị thương trong tai nạn không giao thông"
V53.4,"người đi xe bán tải , xe tải nhẹ bị thương do va chạm với ô tô , tải , xe kéo , người bị thương khi lên hoặc xuống xe"
V53.5,"người đi xe bán tải , xe tải nhẹ bị thương do va chạm với ô tô , tải , xe kéo , lái xe bị thương trong tai nạn giao thông"
V53.6,"người đi xe bán tải , xe tải nhẹ bị thương do va chạm với ô tô , tải , xe kéo , hành khách bị thương trong tai nạn giao thông"
V53.7,"người đi xe bán tải , xe tải nhẹ bị thương do va chạm với ô tô , tải , xe kéo , người bên ngoài xe bị thương trong tai nạn giao thông"
V53.9,"người đi xe bán tải , xe tải nhẹ bị thương do va chạm với ô tô , tải , xe kéo , người đi trên ô tô bị thương trong tai nạn giao thông"
V54,"người đi xe bán tải , xe tải nhẹ bị thương do va chạm với xe tải nặng hay xe buýt"
V52.2,"người đi xe bán tải , xe tải nhẹ bị thương do va chạm với xe cơ giới 2 hoặc 3 bánh , người bên ngoài xe bị thương trong tai nạn không giao thông"
V52.3,"người đi xe bán tải , xe tải nhẹ bị thương do va chạm với xe cơ giới 2 hoặc 3 bánh , người đi trên xe ô tô bị thương trong tai nạn không giao thông"
V52.4,"người đi xe bán tải , xe tải nhẹ bị thương do va chạm với xe cơ giới 2 hoặc 3 bánh , người bị thương khi lên hoặc xuống xe"
V52.5,"người đi xe bán tải , xe tải nhẹ bị thương do va chạm với xe cơ giới 2 hoặc 3 bánh , lái xe bị thương trong tai nạn giao thông"
V52.6,"người đi xe bán tải , xe tải nhẹ bị thương do va chạm với xe cơ giới 2 hoặc 3 bánh , hành khách bị thương trong tai nạn giao thông"
V52.7,"người đi xe bán tải , xe tải nhẹ bị thương do va chạm với xe cơ giới 2 hoặc 3 bánh , người bên ngoài xe bị thương trong tai nạn giao thông"
V52.9,"người đi xe bán tải , xe tải nhẹ bị thương do va chạm với xe cơ giới 2 hoặc 3 bánh , người đi trên ô tô bị thương trong tai nạn giao thông"
V53,"người đi xe bán tải , xe tải nhẹ bị thương do va chạm với ô tô , tải , xe kéo"
V53.0,"người đi xe bán tải , xe tải nhẹ bị thương do va chạm với ô tô , tải , xe kéo , lái xe bị thương trong tai nạn không giao thông"
V53.1,"người đi xe bán tải , xe tải nhẹ bị thương do va chạm với ô tô , tải , xe kéo , hành khách bị thương trong tai nạn không giao thông"
V50.5,"người đi xe bán tải , xe tải nhẹ bị thương do va chạm với người đi bộ hay súc vật , lái xe bị thương trong tai nạn giao thông"
V50.6,"người đi xe bán tải , xe tải nhẹ bị thương do va chạm với người đi bộ hay súc vật , hành khách bị thương trong tai nạn giao thông"
V50.7,"người đi xe bán tải , xe tải nhẹ bị thương do va chạm với người đi bộ hay súc vật , người bên ngoài xe bị thương trong tai nạn giao thông"
V50.9,"người đi xe bán tải , xe tải nhẹ bị thương do va chạm với người đi bộ hay súc vật , người đi trên ô tô bị thương trong tai nạn giao thông"
V51,"người đi xe bán tải , xe tải nhẹ bị thương do va chạm với xe đạp"
V51.0,"người trên xe tải , xe kéo bị thương do va chạm với xe đạp , lái xe bị thương trong tai nạn không giao thông"
V51.1,"người trên xe tải , xe kéo bị thương do va chạm với xe đạp , hành khách bị thương trong tai nạn không giao thông"
V51.2,"người trên xe tải , xe kéo bị thương do va chạm với xe đạp , người bên ngoài xe bị thương trong tai nạn không giao thông"
V47.6,"người đi xe ô tô con bị thương khi va chạm với vật cố định hay tĩnh vật , hành khách bị thương trong tai nạn giao thông"
V47.7,"người đi xe ô tô con bị thương khi va chạm với vật cố định hay tĩnh vật , người bên ngoài xe bị thương trong tai nạn giao thông"
V47.9,"người đi xe ô tô con bị thương khi va chạm với vật cố định hay tĩnh vật , người đi trên ô tô bị thương trong tai nạn giao thông"
V48,người đi trên ô tô bị thương trong tai nạn giao thông không có va chạm
V48.0,"người đi trên ô tô bị thương trong tai nạn giao thông không có va chạm , người lái xe bị thương trong tai nạn không giao thông"
V48.1,"người đi trên ô tô bị thương trong tai nạn giao thông không có va chạm , hành khách bị thương trong tai nạn không giao thông"
V45.2,"người đi xe ô tô con bị thương khi va chạm với tàu hỏa hay ô tô ray , người bên ngoài xe bị thương trong tai nạn không phải giao thông"
V45.3,"người đi xe ô tô con bị thương khi va chạm với tàu hỏa hay ô tô ray , người đi trên xe không xác định bị thương trong tai nạn không phải giao thông"
V45.4,"người đi xe ô tô con bị thương khi va chạm với tàu hỏa hay ô tô ray , người bị thương khi lên xuống xe hoặc cháy xe"
V45.5,"người đi xe ô tô con bị thương khi va chạm với tàu hỏa hay ô tô ray , lái xe ô tô bị thương trong tai nạn giao thông"
V44.9,"người đi xe ô tô con bị thương khi va chạm với xe tải nặng hay xe buýt , người đi trên ô tô bị thương trong tai nạn giao thông"
V45,người đi xe ô tô con bị thương khi va chạm với tàu hỏa hay ô tô ray
V45.0,"người đi xe ô tô con bị thương khi va chạm với tàu hỏa hay ô tô ray , lái xe ô tô bị thương trong tai nạn không phải giao thông"
V45.1,"người đi xe ô tô con bị thương khi va chạm với tàu hỏa hay ô tô ray , hành khách bị thương trong tai nạn không phải giao thông"
V46.1,"người đi xe ô tô con bị thương khi va chạm với xe thô sơ khác , hành khách bị thương trong tai nạn không giao thông"
V46.2,"người đi xe ô tô con bị thương khi va chạm với xe thô sơ khác , người bên ngoài xe bị thương trong tai nạn không giao thông"
V46.3,"người đi xe ô tô con bị thương khi va chạm với xe thô sơ khác , người đi trên xe ô tô bị thương trong tai nạn không giao thông"
V49.1,hành khách xe ô tô con bị thương do va chạm với xe cơ giới khác và không xác định trong tai nạn không giao thông
V49.2,người đi trên ô tô con không xác định bị thương do va chạm với xe cơ giới khác và không xác định trong tai nạn không giao thông
V49.3,người đi trên xe ô tô con bị thương trong tai nạn không giao thông không xác định
V49.4,lái xe xe ô tô con bị thương do va chạm với xe cơ giới khác và không xác định trong tai nạn giao thông
V49.5,hành khách xe ô tô con bị thương do va chạm với xe cơ giới khác và không xác định trong tai nạn giao thông
V49.6,người trên xe ô tô con bị thương do va chạm với xe cơ giới khác và không xác định trong tai nạn giao thông
V51.5,"người trên xe tải , xe kéo bị thương do va chạm với xe đạp , lái xe bị thương trong tai nạn giao thông"
V51.6,"người trên xe tải , xe kéo bị thương do va chạm với xe đạp , hành khách bị thương trong tai nạn giao thông"
V51.7,"người trên xe tải , xe kéo bị thương do va chạm với xe đạp , người bên ngoài xe bị thương trong tai nạn giao thông"
V51.9,"người trên xe tải , xe kéo bị thương do va chạm với xe đạp , người đi trên ô tô bị thương trong tai nạn giao thông"
V45.6,"người đi xe ô tô con bị thương khi va chạm với tàu hỏa hay ô tô ray , hành khách bị thương trong tai nạn giao thông"
V45.7,"người đi xe ô tô con bị thương khi va chạm với tàu hỏa hay ô tô ray , người bên ngoài xe bị thương trong tai nạn giao thông"
V45.9,"người đi xe ô tô con bị thương khi va chạm với tàu hỏa hay ô tô ray , người đi trên xe không xác định bị thương trong tai nạn giao thông"
V46,người đi xe ô tô con bị thương khi va chạm với xe thô sơ khác
V46.0,"người đi xe ô tô con bị thương khi va chạm với xe thô sơ khác , người lái xe bị thương trong tai nạn không giao thông"
V44.5,"người đi xe ô tô con bị thương khi va chạm với xe tải nặng hay xe buýt , người lái xe bị thương trong tai nạn giao thông"
V44.6,"người đi xe ô tô con bị thương khi va chạm với xe tải nặng hay xe buýt , hành khách bị thương trong tai nạn giao thông"
V44.7,"người đi xe ô tô con bị thương khi va chạm với xe tải nặng hay xe buýt , người bên ngoài xe bị thương trong tai nạn giao thông"
T91.4,di chứng tổn thương nội tạng trong lồng ngực
T91.5,di chứng tổn thương nội tạng trong bụng và khung chậu
V20.1,"người đi xe máy bị thương khi va chạm với người đi bộ hay súc vật , hành khách bị thương trong tai nạn không giao thông"
V20.2,"người đi xe máy bị thương khi va chạm với người đi bộ hay súc vật , người đi xe bị thương trong tai nạn không giao thông"
V20.3,"người đi xe máy bị thương khi va chạm với người đi bộ hay súc vật , người bị thương trong khi lên hoặc xuống xe"
V20.4,"người đi xe máy bị thương khi va chạm với người đi bộ hay súc vật , người lái xe bị thương trong tai nạn giao thông"
V20.5,"người đi xe máy bị thương khi va chạm với người đi bộ hay súc vật , hành khách bị thương trong tai nạn giao thông"
V23,"người đi xe máy bị thương khi va chạm với ô tô , xe bán tải hay xe tải nhẹ"
V23.0,"người đi xe máy bị thương khi va chạm với ô tô , xe bán tải hay xe tải nhẹ , người lái xe bị thương trong tai nạn không giao thông"
V23.1,"người đi xe máy bị thương khi va chạm với ô tô , xe bán tải hay xe tải nhẹ , hành khách bị thương trong tai nạn không giao thông"
V23.2,"người đi xe máy bị thương khi va chạm với ô tô , xe bán tải hay xe tải nhẹ , người đi xe bị thương trong tai nạn không giao thông"
V23.3,"người đi xe máy bị thương khi va chạm với ô tô , xe bán tải hay xe tải nhẹ , người bị thương trong khi lên hoặc xuống xe"
V23.4,"người đi xe máy bị thương khi va chạm với ô tô , xe bán tải hay xe tải nhẹ , người lái xe bị thương trong tai nạn giao thông"
V23.5,"người đi xe máy bị thương khi va chạm với ô tô , xe bán tải hay xe tải nhẹ , hành khách bị thương trong tai nạn giao thông"
V23.9,"người đi xe máy bị thương khi va chạm với ô tô , xe bán tải hay xe tải nhẹ , người đi xe bị thương trong tai nạn giao thông"
V24,người đi xe máy bị thương khi va chạm với xe tải nặng hay xe buýt
V20.9,"người đi xe máy bị thương khi va chạm với người đi bộ hay súc vật , người đi xe bị thương trong tai nạn giao thông"
V21,người đi xe máy bị thương khi va chạm với xe đạp
V21.0,"người đi xe máy bị thương khi va chạm với xe đạp , người lái xe bị thương trong tai nạn không giao thông"
V21.1,"người đi xe máy bị thương khi va chạm với xe đạp , hành khách bị thương trong tai nạn không giao thông"
V21.4,"người đi xe máy bị thương khi va chạm với xe đạp , người lái xe bị thương trong tai nạn giao thông"
V21.5,"người đi xe máy bị thương khi va chạm với xe đạp , hành khách bị thương trong tai nạn giao thông"
V21.9,"người đi xe máy bị thương khi va chạm với xe đạp , người đi xe bị thương trong tai nạn giao thông"
V24.3,"người đi xe máy bị thương khi va chạm với xe tải nặng hay xe buýt , người bị thương trong khi lên hoặc xuống xe"
V24.4,"người đi xe máy bị thương khi va chạm với xe tải nặng hay xe buýt , người lái xe bị thương trong tai nạn giao thông"
V19.5,hành khách xe đạp bị thương khi va chạm với xe cơ giới khác và không xác định trong tai nạn giao thông
V19.6,người đi xe đạp bị thương khi va chạm với xe cơ giới khác và không xác định trong tai nạn giao thông
V19.8,người đi xe đạp bị thương trong các tai nạn giao thông xác định khác
V19.9,người đi xe đạp bị thương trong tai nạn giao thông không xác định
V20,người đi xe máy bị thương khi va chạm với người đi bộ hay súc vật
V20.0,"người đi xe máy bị thương khi va chạm với người đi bộ hay súc vật , người lái xe bị thương trong tai nạn không giao thông"
V22,người đi xe máy bị thương khi va chạm với mô tô 2 - 3 bánh
V22.0,"người đi xe máy bị thương khi va chạm với mô tô 2 - 3 bánh , người lái xe bị thương trong tai nạn không giao thông"
V22.1,"người đi xe máy bị thương khi va chạm với mô tô 2 - 3 bánh , hành khách bị thương trong tai nạn không giao thông"
V22.2,"người đi xe máy bị thương khi va chạm với mô tô 2 - 3 bánh , người đi xe bị thương trong tai nạn không giao thông"
V22.3,"người đi xe máy bị thương khi va chạm với mô tô 2 - 3 bánh , người bị thương trong khi lên hoặc xuống xe"
V22.4,"người đi xe máy bị thương khi va chạm với mô tô 2 - 3 bánh , người lái xe bị thương trong tai nạn giao thông"
V22.5,"người đi xe máy bị thương khi va chạm với mô tô 2 - 3 bánh , hành khách bị thương trong tai nạn giao thông"
V22.9,"người đi xe máy bị thương khi va chạm với mô tô 2 - 3 bánh , người đi xe bị thương trong tai nạn giao thông"
V21.2,"người đi xe máy bị thương khi va chạm với xe đạp , người đi xe bị thương trong tai nạn không giao thông"
V21.3,"người đi xe cơ giới bị thương khi va chạm với xe đạp , người bị thương trong khi lên hoặc xuống xe"
V24.0,"người đi xe máy bị thương khi va chạm với xe tải nặng hay xe buýt , người lái xe bị thương trong tai nạn không giao thông"
V24.1,"người đi xe máy bị thương khi va chạm với xe tải nặng hay xe buýt , hành khách bị thương trong tai nạn không giao thông"
V24.2,"người đi xe máy bị thương khi va chạm với xe tải nặng hay xe buýt , người đi xe bị thương trong tai nạn không giao thông"
T93.8,di chứng tổn thương khác đã xác định của chi dưới
T93.9,di chứng tổn thương không xác định của chi dưới
T94,di chứng tổn thương và không xác định vùng cơ thể
T94.0,di chứng tổn thương nhiều vùng cơ thể
T94.1,di chứng tổn thương không xác định vùng cơ thể
T95,"di chứng bỏng , ăn mòn và tổn thương do cóng lạnh"
T92.6,di chứng tổn thương giập nát và chấn thương cắt cụt chi trên
T92.8,di chứng tổn thương khác đã xác định của chi trên
T90.5,di chứng tổn thương nội sọ
T90.8,di chứng tổn thương khác đã xác định ở đầu
T90.9,di chứng tổn thương không xác định ở đầu
T91,di chứng tổn thương cổ và thân mình
T83,"biến chứng của thiết bị nhân tạo cơ quan tiết niệu sinh dục , implant và vật ghép"
T83.0,biến chứng cơ học của ống thông nước tiểu
T83.1,biến chứng cơ học của thiết bị tiết niệu khác và cấy
T93.4,di chứng tổn thương dây thần kinh chi dưới
T93.5,di chứng tổn thương cơ và gân chi dưới
T93.6,di chứng tổn thương giập nát và chấn thương cắt cụt chi dưới
T95.0,"di chứng bỏng , ăn mòn và tổn thương do cóng lạnh tại đầu và cổ"
T95.1,di chứng bỏng ăn mòn và tổn thương do cóng lạnh tại thân
T93.1,di chứng gãy xương đùi
T93.2,di chứng gãy xương khác chi dưới
T93.3,"di chứng trật khớp , bong gân và căng cơ chi dưới"
T95.2,"di chứng bỏng , ăn mòn và tổn thương do cóng lạnh tại chi trên"
T95.3,"di chứng bỏng , ăn mòn và tổn thương do cóng lạnh tại chi dưới"
T95.4,"di chứng bỏng , ăn mòn phân loại chỉ phụ thuộc phạm vi bề mặt cơ thể tổn thương"
T92.4,di chứng tổn thương dây thần kinh chi trên
T92.5,di chứng tổn thương cơ và gân chi trên
T92.9,di chứng tổn thương không xác định của chi trên
T93,di chứng tổn thương chi dưới
T93.0,di chứng vết thương hở chi dưới
T91.0,di chứng tổn thương nông và vết thương hở ở cổ và thân
T82.0,biến chứng cơ học của van tim nhân tạo
T82.1,biến chứng cơ học của thiết bị điện tử tại tim
T82.2,biến chứng cơ học của đường thay thế động mạch vành và van ghép
T86,thất bại và thải bỏ ghép phủ tạng và tổ chức
T86.0,thải bỏ ghép tủy xương
T86.1,thất bại và thải bỏ ghép thận
T83.9,"biến chứng không xác định của thiết bị tiết niệu sinh dục nhân tạo , implant và vật ghép"
T84,"biến chứng của thiết bị chỉnh hình bên trong , implant và vật ghép"
T84.0,biến chứng cơ học của khớp nhân tạo bên trong
T91.1,di chứng gãy xương cột sống
T91.2,di chứng gãy xương ngực và khung chậu khác
T91.3,di chứng tổn thương tủy sống
T91.8,di chứng tổn thương khác đã xác định tại cổ và thân
T91.9,di chứng tổn thương không xác định tại cổ và thân
T88.5,biến chứng khác của gây mê
T88.6,sốc phản vệ do tác dụng phụ của thuốc hoặc dược phẩm thích hợp và sử dụng đúng quy cách
T88.7,tác dụng phụ không xác định của thuốc hoặc dược phẩm
T88.8,"biến chứng đặc hiệu của phẫu thuật và điều trị nội khoa , không phân loại nơi khác"
T88.9,"biến chứng phẫu thuật và chăm sóc y tế , không xác định"
T90,di chứng tổn thương đầu
T92,di chứng tổn thương chi trên
T92.0,di chứng vết thương hở chi trên
T92.1,di chứng gãy xương tay
T90.3,di chứng tổn thương các dây thần kinh sọ não
T90.4,di chứng tổn thương ở mắt và hố mắt
T90.0,di chứng tổn thương nông ở đầu
T90.1,di chứng vết thương hở ở đầu
T90.2,di chứng gãy xương sọ và mặt
T92.2,di chứng gãy xương tầm cổ tay và bàn tay
T92.3,"di chứng trật khớp , bong gân và căng cơ chi trên"
V40.0,"người xe ô tô con bị thương khi va chạm với người đi bộ hay súc vật , người lái xe bị thương trong tai nạn không giao thông"
V40.1,"người xe ô tô con bị thương khi va chạm với người đi bộ hay súc vật , hành khách bị thương trong tai nạn không giao thông"
V40.2,"người xe ô tô con bị thương khi va chạm với người đi bộ hay súc vật , người bên ngoài xe bị thương trong tai nạn không giao thông"
V39.3,"người đi xe cơ giới 3 bánh bị thương trong tai nạn không xác định , không phải tai nạn giao thông"
V39.4,lái xe cơ giới 3 bánh bị thương khi va chạm với xe cơ giới khác và không xác định trong tai nạn giao thông
V39.5,hành khách xe cơ giới 3 bánh bị thương khi va chạm với xe cơ giới khác và không xác định trong tai nạn giao thông
V39.6,người đi xe cơ giới 3 bánh bị thương khi va chạm với xe cơ giới khác và không xác định trong tai nạn giao thông
V39.8,người đi xe cơ giới 3 bánh bị thương trong tai nạn giao thông xác định khác
V39.9,người đi xe cơ giới 3 bánh bị thương trong tai nạn giao thông không xác định
V40,người xe ô tô con bị thương khi va chạm với người đi bộ hay súc vật
V42.1,"người đi xe ô tô con bị thương khi va chạm với xe cơ giới 2 hoặc 3 bánh , hành khách bị thương trong tai nạn không giao thông"
V42.2,"người đi xe ô tô con bị thương khi va chạm với xe cơ giới 2 hoặc 3 bánh , người bên ngoài xe bị thương trong tai nạn không giao thông"
V42.3,"người đi xe ô tô con bị thương khi va chạm với xe cơ giới 2 hoặc 3 bánh , người đi trên xe ô tô bị thương trong tai nạn không giao thông"
V42.4,"người đi xe ô tô con bị thương khi va chạm với xe cơ giới 2 hoặc 3 bánh , người bị thương khi lên hoặc xuống xe"
V42.5,"người đi xe ô tô con bị thương khi va chạm với xe cơ giới 2 hoặc 3 bánh , người lái xe bị thương trong tai nạn giao thông"
V42.6,"người đi xe ô tô con bị thương khi va chạm với xe cơ giới 2 hoặc 3 bánh , hành khách bị thương trong tai nạn giao thông"
V42.7,"người đi xe ô tô con bị thương khi va chạm với xe cơ giới 2 hoặc 3 bánh , người bên ngoài xe bị thương trong tai nạn giao thông"
V42.9,"người đi xe ô tô con bị thương khi va chạm với xe cơ giới 2 hoặc 3 bánh , người đi trên ô tô bị thương trong tai nạn giao thông"
V43,"người đi xe ô tô con bị thương khi va chạm với xe ô tô con , xe bán tải hoặc xe tải nhẹ"
V40.6,"người xe ô tô con bị thương khi va chạm với người đi bộ hay súc vật , hành khách bị thương trong tai nạn giao thông"
V40.7,"người xe ô tô con bị thương khi va chạm với người đi bộ hay súc vật , người bên ngoài xe bị thương trong tai nạn giao thông"
V40.9,"người xe ô tô con bị thương khi va chạm với người đi bộ hay súc vật , người đi trên ô tô bị thương trong tai nạn giao thông"
V40.3,"người xe ô tô con bị thương khi va chạm với người đi bộ hay súc vật , người đi trên xe ô tô bị thương trong tai nạn không giao thông"
V40.4,"người xe ô tô con bị thương khi va chạm với người đi bộ hay súc vật , người bị thương khi lên hoặc xuống xe"
V40.5,"người xe ô tô con bị thương khi va chạm với người đi bộ hay súc vật , người lái xe bị thương trong tai nạn giao thông"
V41.3,"người đi xe ô tô con bị thương khi va chạm với xe đạp , người đi trên xe ô tô bị thương trong tai nạn không giao thông"
V41.4,"người đi xe ô tô con bị thương khi va chạm với xe đạp , người bị thương khi lên hoặc xuống xe"
V41.5,"người đi xe ô tô con bị thương khi va chạm với xe đạp , người lái xe bị thương trong tai nạn giao thông"
V38.7,"người đi xe cơ giới 3 bánh bị thương trong tai nạn giao thông không có va chạm , người bên ngoài xe bị thương trong tai nạn giao thông"
V38.9,"người đi xe cơ giới 3 bánh bị thương trong tai nạn giao thông không có va chạm , người đi trên xe bị thương trong tai nạn giao thông"
V39,người đi xe cơ giới 3 bánh bị thương trong tai nạn giao thông khác và không xác định
V39.0,lái xe cơ giới 3 bánh bị thương khi va chạm với xe cơ giới khác và không xác định trong tai nạn không giao thông
V39.1,hành khách trên xe cơ giới 3 bánh bị thương khi va chạm với xe cơ giới khác và không xác định trong tai nạn không giao thông
V39.2,người đi trên xe cơ giới 3 bánh không xác định bị thương khi va chạm với xe cơ giới khác và không xác định trong tai nạn không giao thông
V41,người đi xe ô tô con bị thương khi va chạm với xe đạp
V41.0,"người đi xe ô tô con bị thương khi va chạm với xe đạp , người lái xe bị thương trong tai nạn không giao thông"
V41.1,"người đi xe ô tô con bị thương khi va chạm với xe đạp , hành khách bị thương trong tai nạn không giao thông"
V41.2,"người đi xe ô tô con bị thương khi va chạm với xe đạp , người bên ngoài xe bị thương trong tai nạn không giao thông"
V41.6,"người đi xe ô tô con bị thương khi va chạm với xe đạp , hành khách bị thương trong tai nạn giao thông"
V41.7,"người đi xe ô tô con bị thương khi va chạm với xe đạp , người bên ngoài xe bị thương trong tai nạn giao thông"
V41.9,"người đi xe ô tô con bị thương khi va chạm với xe đạp , người đi trên ô tô bị thương trong tai nạn giao thông"
V42,người đi xe ô tô con bị thương khi va chạm với xe cơ giới 2 hoặc 3 bánh
V42.0,"người đi xe ô tô con bị thương khi va chạm với xe cơ giới 2 hoặc 3 bánh , người lái xe bị thương trong tai nạn không giao thông"
T85.1,biến chứng cơ học của cấy kích thích điện tử của hệ thần kinh
T85.2,biến chứng cơ học của thể thủy tinh nhân tạo ( iol )
T85.3,"biến chứng cơ học của thiết bị mắt nhân tạo khác , implant và vật ghép"
V09.9,người đi bộ bị thương trong tai nạn giao thông không xác định
V10,người đi xe đạp bị thương vì va chạm với người đi bộ hay súc vật
V10.0,"người đi xe đạp bị thương vì va chạm với người đi bộ hay súc vật , lái xe bị thương trong tai nạn không giao thông"
V10.1,"người đi xe đạp bị thương vì va chạm với người đi bộ hay súc vật , hành khách bị thương trong tai nạn không giao thông"
V10.2,"người đi xe đạp bị thương vì va chạm với người đi bộ hay súc vật , người đi xe đạp không xác định bị thương trong tai nạn không giao thông"
V10.3,"người đi xe đạp bị thương vì va chạm với người đi bộ hay súc vật , người bị thương khi lên hoặc xuống xe"
V11.9,người đi xe đạp bị thương khi va chạm với người đạp xe đạp khác . người đi xe đạp không xác định bị thương trong tai nạn giao thông
V12,người đi xe đạp bị thương do va chạm với mô tô 2 - 3 bánh
V12.0,"người đi xe đạp bị thương do va chạm với mô tô 2 - 3 bánh , lái xe bị thương trong tai nạn không giao thông"
V12.1,"người đi xe đạp bị thương do va chạm với mô tô 2 - 3 bánh , hành khách bị thương trong tai nạn không giao thông"
V12.2,"người đi xe đạp bị thương do va chạm với mô tô 2 - 3 bánh , người đi xe đạp không xác định bị thương trong tai nạn không giao thông"
V12.3,"người đi xe đạp bị thương do va chạm với mô tô 2 - 3 bánh , người bị thương khi lên hoặc xuống xe"
V12.4,"người đi xe đạp bị thương do va chạm với mô tô 2 - 3 bánh , lái xe bị thương trong tai nạn giao thông"
V11.2,"người đi xe đạp bị thương khi va chạm với người đạp xe đạp khác , người đi xe đạp không xác định bị thương trong tai nạn không giao thông"
V11.3,"người đi xe đạp bị thương khi va chạm với người đạp xe đạp khác , người bị thương khi lên hoặc xuống xe"
V11.4,"người đi xe đạp bị thương khi va chạm với người đạp xe đạp khác , lái xe bị thương trong tai nạn giao thông"
V11.5,người đi xe đạp bị thương khi va chạm với người đạp xe đạp khác . hành khách bị thương trong tai nạn giao thông
V10.4,"người đi xe đạp bị thương vì va chạm với người đi bộ hay súc vật , lái xe bị thương trong tai nạn giao thông"
V10.5,người đi xe đạp bị thương vì va chạm với người đi bộ hay súc vật . hành khách bị thương trong tai nạn giao thông
V10.9,người đi xe đạp bị thương vì va chạm với người đi bộ hay súc vật . người đi xe đạp không xác định bị thương trong tai nạn giao thông
V11,người đi xe đạp bị thương do va chạm với người đạp xe đạp khác
V11.0,"người đi xe đạp bị thương khi va chạm với người đạp xe đạp khác , lái xe bị thương trong tai nạn không giao thông"
V11.1,"người đi xe đạp bị thương khi va chạm với người đạp xe đạp khác , hành khách bị thương trong tai nạn không giao thông"
V02,người đi bộ bị thương do va chạm với xe cơ giới 2 - 3 bánh
V02.0,"người đi bộ bị thương do va chạm với xe cơ giới 2 - 3 bánh , tai nạn không giao thông"
V02.1,"người đi bộ bị thương do va chạm với xe cơ giới 2 - 3 bánh , tai nạn giao thông"
V02.9,"người đi bộ bị thương do va chạm với xe cơ giới 2 - 3 bánh , không xác định tai nạn giao thông hay tai nạn không giao thông"
V03,"người đi bộ bị thương do va chạm với ô tô , xe bán tải hoặc xe tải nhẹ"
V03.0,"người đi bộ bị thương do va chạm với ô tô , xe bán tải hoặc xe tải nhẹ , tai nạn không giao thông"
V03.1,"người đi bộ bị thương do va chạm với ô tô , xe bán tải hoặc xe tải nhẹ , tai nạn giao thông"
V03.9,"người đi bộ bị thương do va chạm với ô tô , xe bán tải hoặc xe tải nhẹ , không xác định tai nạn giao thông hay tai nạn không giao thông"
V04,"người đi bộ bị thương do va chạm với xe tải hạng nặng , xe buýt"
V04.0,"người đi bộ bị thương do va chạm với xe tải hạng nặng , xe buýt , tai nạn không giao thông"
T95.8,di chứng bỏng ăn mòn và tổn thương do cóng lạnh khác đã xác định
T95.9,"di chứng bỏng , ăn mòn và tổn thương do cóng lạnh không xác định"
T96,"di chứng ngộ độc do thuốc , dược phẩm và chất sinh học"
T97,di chứng nhiễm độc chất có nguồn gốc chủ yếu không phải dược phẩm
T98,di chứng do tác động khác và không xác định của các nguyên nhân từ bên ngoài
T98.0,di chứng do tác động của dị vật vào qua lỗ tự nhiên
V06.1,"người đi bộ bị thương do va chạm với xe thô sơ khác , tai nạn giao thông"
V06.9,"người đi bộ bị thương do va chạm với xe thô sơ khác , không xác định tai nạn giao thông hay tai nạn không giao thông"
V09,người đi bộ bị thương trong những tai nạn giao thông khác và không xác định
V09.0,người đi bộ bị thương trong tai nạn không giao thông bao gồm xe cơ giới khác và không xác định
V09.1,người đi bộ bị thương trong tai nạn không giao thông không xác định
V09.2,người đi bộ bị thương trong tai nạn giao thông liên quan đến xe cơ giới khác và không xác định
V09.3,người đi bộ bị thương trong tai nạn giao thông không xác định
V04.1,"người đi bộ bị thương do va chạm với xe tải hạng nặng , xe buýt , tai nạn giao thông"
V04.9,"người đi bộ bị thương do va chạm với xe tải hạng nặng , xe buýt , không xác định tai nạn giao thông hay tai nạn không giao thông"
V05,"người đi bộ bị thương do va chạm với tàu hỏa , ô tô ray"
V05.0,"người đi bộ bị thương do va chạm với tàu hỏa , ô tô ray , tai nạn không giao thông"
V05.1,"người đi bộ bị thương do va chạm với tàu hỏa , ô tô ray , tai nạn giao thông"
V05.9,"người đi bộ bị thương do va chạm với tàu hỏa , ô tô ray , không xác định tai nạn giao thông hay tai nạn không giao thông"
V06,người đi bộ bị thương do va chạm với xe thô sơ khác
V06.0,"người đi bộ bị thương do va chạm với xe thô sơ khác , tai nạn không giao thông"
T98.1,di chứng do tác động khác và không xác định của nguyên nhân ngoại sinh
T98.2,di chứng của một số biến chứng sớm của chấn thương
T98.3,"di chứng biến chứng phẫu thuật và điều trị nội khoa , không phân loại nơi khác"
V01,người đi bộ bị thương do va chạm với xe đạp
V01.0,"người đi bộ bị thương do va chạm với xe đạp , tai nạn không giao thông"
V01.1,"người đi bộ bị thương do va chạm với xe đạp , tai nạn giao thông"
V01.9,"người đi bộ bị thương do va chạm với xe đạp , không xác định tai nạn giao thông hay tai nạn không giao thông"
T80,"biến chứng sau truyền dịch , truyền máu và tiêm thuốc"
T80.0,"thuyên tắc mạch do khí sau truyền dịch , truyền máu và tiêm thuốc"
T80.1,"biến chứng huyết quản sau truyền dịch , truyền máu và tiêm thuốc"
T85.4,biến chứng cơ học của vú nhân tạo và ghép
T85.5,"biến chứng cơ học của thiết bị nhân tạo dạ dày ruột , implant và vật ghép"
T84.1,biến chứng cơ học của thiết bị cố định bên trong xương các chi
T84.2,biến chứng cơ học của thiết bị cố định bên trong xương khác
T84.3,"biến chứng cơ học của thiết bị xương khác , implant và vật ghép"
T86.8,thất bại và thải bỏ ghép gan
T86.9,thất bại và thải bỏ ghép phủ tạng và tổ chức không xác định
T87,các biến chứng đặc biệt do nối lại và cắt cụt
T81,"biến chứng của phẫu thuật , thủ thuật , không phân loại nơi khác"
T81.0,"biến chứng chảy máu và tụ máu do phẫu thuật , thủ thuật , không phân loại nơi khác"
T81.1,"sốc trong hoặc sau phẫu thuật , thủ thuật , không phân loại nơi khác"
T81.2,"tai biến thủng và rách trong phẫu thuật , thủ thuật , không phân loại nơi khác"
T81.3,"toác vết mổ , không phân loại nơi khác"
T81.4,"nhiễm trùng sau phẫu thuật , thủ thuật , không phân loại nơi khác"
T81.5,"dị vật do vô ý để lại trong khoang cơ thể hoặc vết mổ sau khi phẫu thuật , thủ thuật"
T88.0,nhiễm trùng sau tiêm chủng
T88.1,"biến chứng khác sau gây miễn dịch , không phân loại nơi khác"
T88.2,sốc do gây mê
T88.3,sốt cao ác tính do gây mê
T88.4,thất bại hoặc khó đặt khí quản
T87.3,u thần kinh của mỏm cụt
T87.4,nhiễm trùng của mỏm cụt
T87.5,hoại tử của mỏm cụt
T87.6,biến chứng khác và không xác định của mỏm cụt
T88,"biến chứng khác trong phẫu thuật và điểu trị nội khoa , không phân loại nơi khác"
T87.0,biến chứng nối lại ( phần của ) chi trên
T87.1,biến chứng nối lại ( phần của ) chi dưới
T87.2,biến chứng nối lại phần của cơ thể
T85.6,"biến chứng cơ học thiết bị nhân tạo đặc hiệu bên trong khác , implant và vật ghép"
T85.7,"nhiễm trùng và phản ứng viêm do thiết bị nhân tạo bên trong khác , implant và vật ghép"
T85.8,"biến chứng khác của thiết bị nhân tạo bên trong , implant và vật ghép , không phân loại nơi khác"
T85.9,"biến chứng không xác định của thiết bị nhân tạo bên trong , implant và vật ghép"
T86.2,thất bại và thải bỏ ghép tim
T86.3,thất bại và thải bỏ ghép tim phổi
T86.4,thất bại và thải bỏ các ghép phủ tạng và tổ chức khác
V16.2,"người đi xe đạp bị thương khi va chạm với xe thô sơ khác , người đi xe đạp không xác định bị thương trong tai nạn không giao thông"
V16.3,"người đi xe đạp bị thương khi va chạm với xe thô sơ khác , người bị thương khi lên hoặc xuống xe"
V16.4,"người đi xe đạp bị thương khi va chạm với xe thô sơ khác , lái xe bị thương trong tai nạn giao thông"
V13.2,"người đi xe đạp bị thương khi va chạm với ô tô , xe bán tải và xe tải nhẹ , người đi xe đạp không xác định bị thương trong tai nạn không giao thông"
V13.3,"người đi xe đạp bị thương khi va chạm với ô tô , xe bán tải và xe tải nhẹ , người bị thương khi lên hoặc xuống xe"
V13.4,"người đi xe đạp bị thương khi va chạm với ô tô , xe bán tải và xe tải nhẹ , lái xe bị thương trong tai nạn giao thông"
V13.5,"người đi xe đạp bị thương khi va chạm với ô tô , xe bán tải và xe tải nhẹ , hành khách bị thương trong tai nạn giao thông"
V13.9,"người đi xe đạp bị thương khi va chạm với ô tô , xe bán tải và xe tải nhẹ , người đi xe đạp không xác định bị thương trong tai nạn giao thông"
V14,người đi xe đạp bị thương khi va chạm với xe tải hay xe buýt
V14.0,"người đi xe đạp bị thương khi va chạm với xe tải hay xe buýt , lái xe bị thương trong tai nạn không giao thông"
V14.1,"người đi xe đạp bị thương khi va chạm với xe tải hay xe buýt , hành khách bị thương trong tai nạn không giao thông"
V14.2,"người đi xe đạp bị thương khi va chạm với xe tải hay xe buýt , người đi xe đạp không xác định bị thương trong tai nạn không giao thông"
V14.3,"người đi xe đạp bị thương khi va chạm với xe tải hay xe buýt , người bị thương khi lên hoặc xuống xe"
V15.1,"người đi xe đạp bị thương khi va chạm với tàu hỏa , ô tô ray , hành khách bị thương trong tai nạn không giao thông"
V15.2,"người đi xe đạp bị thương khi va chạm với tàu hỏa , ô tô ray , người đi xe đạp không xác định bị thương trong tai nạn không giao thông"
V15.3,"người đi xe đạp bị thương khi va chạm với tàu hỏa , ô tô ray , người bị thương khi lên hoặc xuống xe"
V15.4,"người đi xe đạp bị thương khi va chạm với tàu hỏa , ô tô ray , lái xe bị thương trong tai nạn giao thông"
V15.5,"người đi xe đạp bị thương khi va chạm với tàu hỏa , ô tô ray , hành khách bị thương trong tai nạn giao thông"
V15.9,"người đi xe đạp bị thương khi va chạm với tàu hỏa , ô tô ray , người đi xe đạp không xác định bị thương trong tai nạn giao thông"
V16,người đi xe đạp bị thương khi va chạm với xe thô sơ khác
V16.0,"người đi xe đạp bị thương khi va chạm với xe thô sơ khác , lái xe bị thương trong tai nạn không giao thông"
V16.1,"người đi xe đạp bị thương khi va chạm với xe thô sơ khác , hành khách bị thương trong tai nạn không giao thông"
V17.2,"người đi xe đạp bị thương khi va chạm với vật cố định hay tĩnh vật , người đi xe đạp không xác định bị thương trong tai nạn không giao thông"
V17.3,"người đi xe đạp bị thương khi va chạm với vật cố định hay tĩnh vật , người bị thương khi lên hoặc xuống xe"
V17.4,"người đi xe đạp bị thương khi va chạm với vật cố định hay tĩnh vật , lái xe bị thương trong tai nạn giao thông"
V17.5,"người đi xe đạp bị thương khi va chạm với vật cố định hay tĩnh vật , hành khách bị thương trong tai nạn giao thông"
V17.9,"người đi xe đạp bị thương khi va chạm với vật cố định hay tĩnh vật , người đi xe đạp không xác định bị thương trong tai nạn giao thông"
V18,người đi xe đạp bị thương trong tai nạn giao thông không có va chạm
V14.4,"người đi xe đạp bị thương khi va chạm với xe tải hay xe buýt , lái xe bị thương trong tai nạn giao thông"
V14.5,"người đi xe đạp bị thương khi va chạm với xe tải hay xe buýt , hành khách bị thương trong tai nạn giao thông"
V14.9,"người đi xe đạp bị thương khi va chạm với xe tải hay xe buýt , người đi xe đạp không xác định bị thương trong tai nạn giao thông"
V15,"người đi xe đạp bị thương khi va chạm với tàu hỏa , ô tô ray"
V15.0,"người đi xe đạp bị thương khi va chạm với tàu hỏa , ô tô ray , lái xe bị thương trong tai nạn không giao thông"
V16.5,"người đi xe đạp bị thương khi va chạm với xe thô sơ khác , hành khách bị thương trong tai nạn giao thông"
V16.9,"người đi xe đạp bị thương khi va chạm với xe thô sơ khác , người đi xe đạp không xác định bị thương trong tai nạn giao thông"
V17,người đi xe đạp bị thương khi va chạm với vật cố định hay tĩnh vật
V17.0,"người đi xe đạp bị thương khi va chạm với vật cố định hay tĩnh vật , lái xe bị thương trong tai nạn không giao thông"
V17.1,"người đi xe đạp bị thương khi va chạm với vật cố định hay tĩnh vật , hành khách bị thương trong tai nạn không giao thông"
V18.0,"người đi xe đạp bị thương trong tai nạn giao thông không có va chạm , lái xe bị thương trong tai nạn không giao thông"
V18.1,"người đi xe đạp bị thương trong tai nạn giao thông không có va chạm , hành khách bị thương trong tai nạn không giao thông"
V18.2,"người đi xe đạp bị thương trong tai nạn giao thông không có va chạm , người đi xe đạp không xác định bị thương trong tai nạn không giao thông"
V18.3,"người đi xe đạp bị thương trong tai nạn giao thông không có va chạm , người bị thương khi lên hoặc xuống xe"
V18.4,"người đi xe đạp bị thương trong tai nạn giao thông không có va chạm , lái xe bị thương trong tai nạn giao thông"
V18.5,"người đi xe đạp bị thương trong tai nạn giao thông không có va chạm , hành khách bị thương trong tai nạn giao thông"
V18.9,"người đi xe đạp bị thương trong tai nạn giao thông không có va chạm , người đi xe đạp không xác định bị thương trong tai nạn giao thông"
V19,người đi xe đạp bị thương trong những tai nạn giao thông khác và không xác định
V19.0,người lái xe đạp bị thương khi va chạm với xe cơ giới khác không xác định trong tai nạn không giao thông
V19.1,hành khách xe đạp bị thương khi va chạm với xe cơ giới khác và không xác định trong tai nạn không giao thông
V19.2,người đi xe đạp bị thương khi va chạm với xe cơ giới khác và không xác định trong tai nạn không giao thông
V19.3,người đạp xe bị thương trong tai nạn không giao thông không xác định
V19.4,lái xe đạp bị thương khi va chạm với xe cơ giới khác và không xác định trong tai nạn giao thông
V12.5,người đi xe đạp bị thương do va chạm với mô tô 2 - 3 bánh . hành khách bị thương trong tai nạn giao thông
V12.9,người đi xe đạp bị thương do va chạm với mô tô 2 - 3 bánh . người đi xe đạp không xác định bị thương trong tai nạn giao thông
V13,"người đi xe đạp bị thương khi va chạm với ô tô , xe bán tải và xe tải nhẹ"
V13.0,"người đi xe đạp bị thương khi va chạm với ô tô , xe bán tải và xe tải nhẹ , lái xe bị thương trong tai nạn không giao thông"
V13.1,"người đi xe đạp bị thương khi va chạm với ô tô , xe bán tải và xe tải nhẹ , hành khách bị thương trong tai nạn không giao thông"
T32.5,ăn mòn tổn thương 50 - 59 bề mặt cơ thể
T32.6,ăn mòn tổn thương 60 - 69 bề mặt cơ thể
T32.7,ăn mòn tổn thương 70 - 79 bề mặt cơ thể
T32.8,ăn mòn tổn thương 80 - 89 bề mặt cơ thể
T32.9,"ăn mòn tổn thương 90 hoặc hơn , bề mặt cơ thể"
T29,bỏng và ăn mòn nhiều vùng cơ thể
T29.0,bỏng nhiều vùng độ không xác định
T29.1,"bỏng nhiều vùng , không hơn bỏng độ một đã đề cập"
T29.2,"bỏng nhiều vùng , không hơn bỏng độ hai đã đề cập"
T29.3,"bỏng nhiều vùng , ít nhất có một bỏng độ ba đã đề cập"
T29.4,ăn mòn nhiều vùng độ không xác định
T29.5,"ăn mòn nhiều vùng , không hơn ăn mòn độ một đã đề cập"
T29.6,"ăn mòn nhiều vùng , không hơn ăn mòn độ hai đã đề cập"
T29.7,"ăn mòn nhiều vùng , ít nhất có một ăn mòn độ ba đã đề cập"
T31.1,bỏng tổn thương 10 - 19 bề mặt cơ thể
T31.2,bỏng tổn thương 20 - 29 bề mặt cơ thể
T31.3,bỏng tổn thương 30 - 39 bề mặt cơ thể
T31.4,bỏng tổn thương 40 - 49 bề mặt cơ thể
T31.5,bỏng tổn thương 50 - 59 bề mặt cơ thể
T27.2,bỏng phần khác của đường hô hấp
T27.3,"bỏng đường hô hấp , phần không xác định"
T27.4,ăn mòn thanh quản và khí quản
T27.5,ăn mòn tác động thanh quản và khí quản với phổi
T27.6,ăn mòn phần khác của đường hô hấp
T27,bỏng và ăn mòn đường hô hấp
T27.0,bỏng thanh quản và khí quản
T27.1,bỏng tác động thanh quản và khí quản với phổi
T28.6,ăn mòn tại thực quản
T28.7,ăn mòn tại phần khác của đường tiêu hóa
T28.8,"ăn mòn tại phần trong của đường sinh dục , tiết niệu"
T28.9,ăn mòn ở nội tạng khác và không xác định
T33,tổn thương nông do cóng lạnh
T33.0,tổn thương do cóng lạnh tại đầu
T33.1,tổn thương nông do cóng lạnh tại cổ
T33.2,tổn thương nông do cóng lạnh tại ngực
T30,"bỏng và ăn mòn , vùng cơ thể không xác định"
T30.0,"bỏng vùng cơ thể không xác định , độ không xác định"
T30.1,"bỏng độ một , vùng cơ thể không xác định"
T30.2,"bỏng độ hai , vùng cơ thể không xác định"
T30.3,"bỏng độ ba , vùng cơ thể không xác định"
T30.4,"ăn mòn vùng cơ thể không xác định , độ không xác định"
T30.5,"ăn mòn độ một , vùng cơ thể không xác định"
T30.6,"ăn mòn độ hai , vùng cơ thể không xác định"
T30.7,"ăn mòn độ ba , vùng cơ thể không xác định"
T31,bỏng phân loại theo diện tích bề mặt cơ thể bị tổn thương
T31.0,bỏng tổn thương ít hơn 10 bề mặt cơ thể
T26.7,ăn mòn với hậu quả gây vỡ và phá hủy nhãn cầu
T26.8,ăn mòn tại phần khác của mắt và phần phụ của mắt
T26.9,"ăn mòn tại mắt và phần phụ mắt , phần không xác định"
V30.2,"người đi xe cơ giới 3 bánh bị thương khi va chạm với người đi bộ hay súc vật , người bên ngoài xe bị thương trong tai nạn không giao thông"
V30.3,"người đi xe cơ giới 3 bánh bị thương khi va chạm với người đi bộ hay súc vật , người đi trên xe bị thương trong tai nạn không giao thông"
V30.4,"người đi xe cơ giới 3 bánh bị thương khi va chạm với người đi bộ hay súc vật , người bị thương khi lên hoặc xuống xe"
V30.5,"người đi xe cơ giới 3 bánh bị thương khi va chạm với người đi bộ hay súc vật , người lái xe bị thương trong tai nạn giao thông"
V30.6,"người đi xe cơ giới 3 bánh bị thương khi va chạm với người đi bộ hay súc vật , hành khách bị thương trong tai nạn giao thông"
V30.7,"người đi xe cơ giới 3 bánh bị thương khi va chạm với người đi bộ hay súc vật , người bên ngoài xe bị thương trong tai nạn giao thông"
V30.9,"người đi xe cơ giới 3 bánh bị thương khi va chạm với người đi bộ hay súc vật , người đi trên xe bị thương trong tai nạn giao thông"
V31,người đi xe cơ giới 3 bánh bị thương khi va chạm với xe đạp
V31.0,"người đi xe cơ giới 3 bánh bị thương khi va chạm với xe đạp , người lái xe bị thương trong tai nạn không giao thông"
V31.1,"người đi xe cơ giới 3 bánh bị thương khi va chạm với xe đạp , hành khách bị thương trong tai nạn không giao thông"
V32.1,"người đi xe cơ giới 3 bánh bị thương khi va chạm với cơ giới 2 hoặc 3 bánh , hành khách bị thương trong tai nạn không giao thông"
V32.2,"người đi xe cơ giới 3 bánh bị thương khi va chạm với cơ giới 2 hoặc 3 bánh , người bên ngoài xe bị thương trong tai nạn không giao thông"
V32.3,"người đi xe cơ giới 3 bánh bị thương khi va chạm với cơ giới 2 hoặc 3 bánh , người đi trên xe bị thương trong tai nạn không giao thông"
V32.4,"người đi xe cơ giới 3 bánh bị thương khi va chạm với cơ giới 2 hoặc 3 bánh , người bị thương khi lên hoặc xuống xe"
V32.5,"người đi xe cơ giới 3 bánh bị thương khi va chạm với cơ giới 2 hoặc 3 bánh , người lái xe bị thương trong tai nạn giao thông"
V32.6,"người đi xe cơ giới 3 bánh bị thương khi va chạm với cơ giới 2 hoặc 3 bánh , hành khách bị thương trong tai nạn giao thông"
V32.7,"người đi xe cơ giới 3 bánh bị thương khi va chạm với cơ giới 2 hoặc 3 bánh , người bên ngoài xe bị thương trong tai nạn giao thông"
V29.5,người ngồi sau xe máy bị thương khi va chạm với xe cơ giới khác và không xác định trong tai nạn giao thông
V29.6,người đi xe máy bị thương khi va chạm với xe cơ giới khác và không xác định trong tai nạn giao thông
V29.8,người đi xe máy bị thương trong các tai nạn giao thông xác định khác
V29.9,người đi xe máy bị thương trong tai nạn giao thông không xác định
V30,người đi xe cơ giới 3 bánh bị thương khi va chạm với người đi bộ hay súc vật
V30.0,"người đi xe cơ giới 3 bánh bị thương khi va chạm với người đi bộ hay súc vật , người lái xe bị thương trong tai nạn không giao thông"
V30.1,"người đi xe cơ giới 3 bánh bị thương khi va chạm với người đi bộ hay súc vật , hành khách bị thương trong tai nạn không giao thông"
V34.7,"người trên xe cơ giới 3 bánh bị thương khi va chạm với xe tải nặng hay xe buýt , người bên ngoài xe bị thương trong tai nạn giao thông"
V34.9,"người trên xe cơ giới 3 bánh bị thương khi va chạm với xe tải nặng hay xe buýt , người đi trên xe bị thương trong tai nạn giao thông"
V35,người đi xe cơ giới 3 bánh bị thương khi va chạm với tàu hỏa hay ô tô ray
V35.1,"người đi xe cơ giới 3 bánh bị thương khi va chạm với tàu hỏa hay ô tô ray , hành khách bị thương trong tai nạn không giao thông"
V35.2,"người đi xe cơ giới 3 bánh bị thương khi va chạm với tàu hỏa hay ô tô ray , người bên ngoài xe bị thương trong tai nạn không giao thông"
V35.3,"người đi xe cơ giới 3 bánh bị thương khi va chạm với tàu hỏa hay ô tô ray , người đi trên xe bị thương trong tai nạn không giao thông"
V35.4,"người đi xe cơ giới 3 bánh bị thương khi va chạm với tàu hỏa hay ô tô ray , người bị thương khi lên hoặc xuống xe"
V35.5,"người đi xe cơ giới 3 bánh bị thương khi va chạm với tàu hỏa hay ô tô ray , người lái xe bị thương trong tai nạn giao thông"
V35.6,"người đi xe cơ giới 3 bánh bị thương khi va chạm với tàu hỏa hay ô tô ray , hành khách bị thương trong tai nạn giao thông"
V35.7,"người đi xe cơ giới 3 bánh bị thương khi va chạm với tàu hỏa hay ô tô ray , người bên ngoài xe bị thương trong tai nạn giao thông"
V36.9,"người đi xe cơ giới 3 bánh bị thương khi va chạm với xe thô sơ khác , người đi trên xe bị thương trong tai nạn giao thông"
V37,người đi xe cơ giới 3 bánh bị thương khi va chạm với vật cố định hay tĩnh vật
V37.0,"người đi xe cơ giới 3 bánh bị thương khi va chạm với vật cố định hay tĩnh vật , người lái xe bị thương trong tai nạn không giao thông"
V37.1,"người đi xe cơ giới 3 bánh bị thương khi va chạm với vật cố định hay tĩnh vật , hành khách bị thương trong tai nạn không giao thông"
V37.2,"người đi xe cơ giới 3 bánh bị thương khi va chạm với vật cố định hay tĩnh vật , người bên ngoài xe bị thương trong tai nạn không giao thông"
V37.3,"người đi xe cơ giới 3 bánh bị thương khi va chạm với vật cố định hay tĩnh vật , người đi trên xe bị thương trong tai nạn không giao thông"
V37.4,"người đi xe cơ giới 3 bánh bị thương khi va chạm với vật cố định hay tĩnh vật , người bị thương khi lên hoặc xuống xe"
V37.5,"người đi xe cơ giới 3 bánh bị thương khi va chạm với vật cố định hay tĩnh vật , người lái xe bị thương trong tai nạn giao thông"
V37.6,"người đi xe cơ giới 3 bánh bị thương khi va chạm với vật cố định hay tĩnh vật , hành khách bị thương trong tai nạn giao thông"
V37.7,"người đi xe cơ giới 3 bánh bị thương khi va chạm với vật cố định hay tĩnh vật , người bên ngoài xe bị thương trong tai nạn giao thông"
V31.2,"người đi xe cơ giới 3 bánh bị thương khi va chạm với xe đạp , người bên ngoài xe bị thương trong tai nạn không giao thông"
V31.3,"người đi xe cơ giới 3 bánh bị thương khi va chạm với xe đạp , người đi trên xe bị thương trong tai nạn không giao thông"
V31.4,"người đi xe cơ giới 3 bánh bị thương khi va chạm với xe đạp , người bị thương khi lên hoặc xuống xe"
V31.5,"người đi xe cơ giới 3 bánh bị thương khi va chạm với xe đạp , người lái xe bị thương trong tai nạn giao thông"
V31.6,"người đi xe cơ giới 3 bánh bị thương khi va chạm với xe đạp , hành khách bị thương trong tai nạn giao thông"
V31.7,"người đi xe cơ giới 3 bánh bị thương khi va chạm với xe đạp , người bên ngoài xe bị thương trong tai nạn giao thông"
V31.9,"người đi xe cơ giới 3 bánh bị thương khi va chạm với xe đạp , người đi trên xe bị thương trong tai nạn giao thông"
V32,người đi xe cơ giới 3 bánh bị thương khi va chạm với cơ giới 2 hoặc 3 bánh
V32.0,"người đi xe cơ giới 3 bánh bị thương khi va chạm với cơ giới 2 hoặc 3 bánh , người lái xe bị thương trong tai nạn không giao thông"
V33.9,"người trên xe cơ giới 3 bánh bị thương khi va chạm với ô tô , xe bán tải hoặc xe tải nhẹ , người đi trên xe bị thương trong tai nạn giao thông"
V35.0,"người đi xe cơ giới 3 bánh bị thương khi va chạm với tàu hỏa hay ô tô ray , người lái xe bị thương trong tai nạn không giao thông"
V34,người đi xe cơ giới 3 bánh bị thương khi va chạm với xe tải nặng hay xe buýt
V34.0,"người trên xe cơ giới 3 bánh bị thương khi va chạm với xe tải nặng hay xe buýt , người lái xe bị thương trong tai nạn không giao thông"
V34.1,"người trên xe cơ giới 3 bánh bị thương khi va chạm với xe tải nặng hay xe buýt , hành khách bị thương trong tai nạn không giao thông"
V34.2,"người trên xe cơ giới 3 bánh bị thương khi va chạm với xe tải nặng hay xe buýt , người bên ngoài xe bị thương trong tai nạn không giao thông"
V34.3,"người trên xe cơ giới 3 bánh bị thương khi va chạm với xe tải nặng hay xe buýt , người đi trên xe bị thương trong tai nạn không giao thông"
V34.4,"người trên xe cơ giới 3 bánh bị thương khi va chạm với xe tải nặng hay xe buýt , người bị thương khi lên hoặc xuống xe"
V34.5,"người trên xe cơ giới 3 bánh bị thương khi va chạm với xe tải nặng hay xe buýt , người lái xe bị thương trong tai nạn giao thông"
V34.6,"người trên xe cơ giới 3 bánh bị thương khi va chạm với xe tải nặng hay xe buýt , hành khách bị thương trong tai nạn giao thông"
V32.9,"người đi xe cơ giới 3 bánh bị thương khi va chạm với cơ giới 2 hoặc 3 bánh , người đi trên xe bị thương trong tai nạn giao thông"
V33,"người đi xe cơ giới 3 bánh bị thương khi va chạm với ô tô , xe bán tải hoặc xe tải nhẹ"
V33.0,"người trên xe cơ giới 3 bánh bị thương khi va chạm với ô tô , xe bán tải hoặc xe tải nhẹ , người lái xe bị thương trong tai nạn không giao thông"
V33.1,"người trên xe cơ giới 3 bánh bị thương khi va chạm với ô tô , xe bán tải hoặc xe tải nhẹ , hành khách bị thương trong tai nạn không giao thông"
V33.2,"người trên xe cơ giới 3 bánh bị thương khi va chạm với ô tô , xe bán tải hoặc xe tải nhẹ , người bên ngoài xe bị thương trong tai nạn không giao thông"
V33.3,"người trên xe cơ giới 3 bánh bị thương khi va chạm với ô tô , xe bán tải hoặc xe tải nhẹ , người đi trên xe bị thương trong tai nạn không giao thông"
V33.4,"người trên xe cơ giới 3 bánh bị thương khi va chạm với ô tô , xe bán tải hoặc xe tải nhẹ , người bị thương khi lên hoặc xuống xe"
V33.5,"người trên xe cơ giới 3 bánh bị thương khi va chạm với ô tô , xe bán tải hoặc xe tải nhẹ , người lái xe bị thương trong tai nạn giao thông"
V33.6,"người trên xe cơ giới 3 bánh bị thương khi va chạm với ô tô , xe bán tải hoặc xe tải nhẹ , hành khách bị thương trong tai nạn giao thông"
V33.7,"người trên xe cơ giới 3 bánh bị thương khi va chạm với ô tô , xe bán tải hoặc xe tải nhẹ , người bên ngoài xe bị thương trong tai nạn giao thông"
V37.9,"người đi xe cơ giới 3 bánh bị thương khi va chạm với vật cố định hay tĩnh vật , người đi trên xe bị thương trong tai nạn giao thông"
V38,người đi xe cơ giới 3 bánh bị thương trong tai nạn giao thông không có va chạm
V38.0,"người đi xe cơ giới 3 bánh bị thương trong tai nạn giao thông không có va chạm , người lái xe bị thương trong tai nạn không giao thông"
V38.1,"người đi xe cơ giới 3 bánh bị thương trong tai nạn giao thông không có va chạm , hành khách bị thương trong tai nạn không giao thông"
V38.2,"người đi xe cơ giới 3 bánh bị thương trong tai nạn giao thông không có va chạm , người bên ngoài xe bị thương trong tai nạn không giao thông"
V38.3,"người đi xe cơ giới 3 bánh bị thương trong tai nạn giao thông không có va chạm , người đi trên xe bị thương trong tai nạn không giao thông"
V38.4,"người đi xe cơ giới 3 bánh bị thương trong tai nạn giao thông không có va chạm , người bị thương khi lên hoặc xuống xe"
V38.5,"người đi xe cơ giới 3 bánh bị thương trong tai nạn giao thông không có va chạm , người lái xe bị thương trong tai nạn giao thông"
V38.6,"người đi xe cơ giới 3 bánh bị thương trong tai nạn giao thông không có va chạm , hành khách bị thương trong tai nạn giao thông"
V35.9,"người đi xe cơ giới 3 bánh bị thương khi va chạm với tàu hỏa hay ô tô ray , người đi trên xe bị thương trong tai nạn giao thông"
V36,người đi xe cơ giới 3 bánh bị thương khi va chạm với xe thô sơ khác
V36.0,"người đi xe cơ giới 3 bánh bị thương khi va chạm với xe thô sơ khác , người lái xe bị thương trong tai nạn không giao thông"
V36.1,"người đi xe cơ giới 3 bánh bị thương khi va chạm với xe thô sơ khác , hành khách bị thương trong tai nạn không giao thông"
V36.2,"người đi xe cơ giới 3 bánh bị thương khi va chạm với xe thô sơ khác , người bên ngoài xe bị thương trong tai nạn không giao thông"
V36.3,"người đi xe cơ giới 3 bánh bị thương khi va chạm với xe thô sơ khác , người đi trên xe bị thương trong tai nạn không giao thông"
V36.4,"người đi xe cơ giới 3 bánh bị thương khi va chạm với xe thô sơ khác , người bị thương khi lên hoặc xuống xe"
V36.5,"người đi xe cơ giới 3 bánh bị thương khi va chạm với xe thô sơ khác , người lái xe bị thương trong tai nạn giao thông"
V36.6,"người đi xe cơ giới 3 bánh bị thương khi va chạm với xe thô sơ khác , hành khách bị thương trong tai nạn giao thông"
V36.7,"người đi xe cơ giới 3 bánh bị thương khi va chạm với xe thô sơ khác , người bên ngoài xe bị thương trong tai nạn giao thông"
T84.6,nhiễm trùng và phản ứng viêm do thiết bị chỉnh hình nhân tạo bên trong ( bất kỳ vị trí nào )
T82.3,biến chứng cơ học của vật ghép mạch khác
T82.4,biến chứng cơ học của ống thông thẩm tách huyết quản
T82.5,biến chứng cơ học của thiết bị tim mạch và implant khác
T82.6,nhiễm trùng và phản ứng viêm do van tim nhân tạo
T84.4,"biến chứng cơ học của thiết bị chỉnh hình bên trong khác , implant và vật ghép"
T84.5,nhiễm trùng và phản ứng viêm do khớp nhân tạo bên trong
T80.2,"nhiễm trùng sau truyền dịch , truyền máu và tiêm thuốc"
T80.3,phản ứng tương tác abo
T80.4,phản ứng tương tác rh
T80.5,sốc phản vệ do huyết thanh
T80.6,phản ứng huyết thanh khác
T80.8,"biến chứng khác sau truyền dịch , truyền máu và tiêm thuốc"
T80.9,"biến chứng khác sau truyền dịch , truyền máu và tiêm thuốc không xác định"
T79.5,vô niệu do chấn thương
T79.6,thiếu máu của cơ do chấn thương
T79.7,tràn khí dưới da do chấn thương
T79.8,biến chứng sớm khác của chấn thương
T79.9,biến chứng sớm không xác định của chấn thương
T84.7,"nhiễm trùng và phản ứng viêm do thiết bị chỉnh hình nhân tạo bên trong khác , implant và vật ghép"
T84.8,"biến chứng khác của thiết bị chỉnh hình nhân tạo bên trong , implant và vật ghép"
T84.9,"biến chứng không xác định của thiết bị chỉnh hình nhân tạo bên trong , implant và vật ghép"
T82.7,"nhiễm trùng và phản ứng viêm do thiết bị tim mạch , implant và vật ghép"
T82.8,"biến chứng khác của thiết bị tim và huyết quản nhân tạo , implant và vật ghép"
T82.9,"biến chứng không xác định của thiết bị nhân tạo của tim và mạch máu , implant và vật ghép"
T83.5,nhiễm khuẩn và phản ứng viêm do thiết bị nhân tạo implant và vật ghép hệ thống tiết niệu
T83.6,"nhiễm trùng và phản ứng viêm do thiết bị nhân tạo , implant và vật ghép đường sinh dục"
T83.8,"biến chứng của thiết bị nhân tạo tiết niệu sinh dục khác , implant và vật ghép"
T79.1,thuyên tắc mạch do mỡ ( sau chấn thương )
T79.2,chấn thương thứ phát và chảy máu tái diễn
T79.3,"nhiễm trùng vết thương sau chấn thương , không phân loại nơi khác"
T79.4,sốc chấn thương
T85,"biến chứng của thiết bị nhân tạo bên trong khác , implant và vật ghép"
T85.0,biến chứng cơ học của ( lưu thông ) não thất nội sọ chuyển hướng
Y51.9,"thuốc gây tác dụng không mong muốn ( adr ) trong điều trị , thuốc tác dụng trước hết lên hệ thần kinh tự chủ khác và không xác định"
Y52,thuốc tác dụng chủ yếu lên hệ tim mạch
Y52.0,"thuốc gây tác dụng không mong muốn ( adr ) trong điều trị , glycosid kích thích tim , và thuốc có tác dụng tương tự"
Y52.1,"thuốc gây tác dụng không mong muốn ( adr ) trong điều trị , thuốc chẹn kênh calci"
W30,tiếp xúc với máy nông nghiệp
W31,tiếp xúc với máy khác và không xác định
W32,thương tích do đạn súng lục ( súng ngắn )
W33,"thương tích do đạn súng trường , súng trường cỡ nhỏ , súng trường cỡ lớn"
W34,thương tích do đạn của súng khác và không xác định
W35,nổ vỡ bình hơi nước
W36,"nổ , vỡ bình ga"
W37,"nổ và vỡ lốp , ống dẫn hay vòi có điều hòa áp lực"
Y49,"thuốc hướng thần , không phân loại nơi khác ( gây tác dụng không mong muốn ( adr ) )"
Y49.0,"thuốc gây tác dụng không mong muốn ( adr ) trong điều trị , thuốc chống trầm cảm 3 vòng và 4 vòng"
Y49.1,"thuốc gây tác dụng không mong muốn ( adr ) trong điều trị , thuốc chống trầm cảm ức chế men monoamin - oxidase"
Y49.2,"thuốc gây tác dụng không mong muốn ( adr ) trong điều trị , các thuốc chống trầm cảm khác và không xác định"
Y49.3,"thuốc gây tác dụng không mong muốn ( adr ) trong điều trị , ức chế tâm thần và an thần loại phenothiazin"
Y50.2,"thuốc gây tác dụng không mong muốn ( adr ) trong điều trị , methylxanthin , không phân loại nơi khác"
Y50.8,"thuốc gây tác dụng không mong muốn ( adr ) trong điều trị , chất kích thích hệ thần kinh trung ương khác"
Y50.9,"thuốc gây tác dụng không mong muốn ( adr ) trong điều trị , chất kích thích hệ thần kinh trung ương không xác định"
Y51,thuốc tác dụng chủ yếu trên hệ thần kinh tự chủ
Y51.0,"thuốc gây tác dụng không mong muốn ( adr ) trong điều trị , chất kháng cholinesterase"
Y51.1,"thuốc gây tác dụng không mong muốn ( adr ) trong điều trị , chất giống phó giao cảm khác ( cholinergic )"
Y52.2,"thuốc gây tác dụng không mong muốn ( adr ) trong điều trị , các thuốc chống loạn nhịp khác , không phân loại nơi khác"
Y52.3,"thuốc gây tác dụng không mong muốn ( adr ) trong điều trị , giãn mạch vành , không phân loại nơi khác"
Y52.4,"thuốc gây tác dụng không mong muốn ( adr ) trong điều trị , chất ức chế men chuyển angiotensin"
Y52.5,"thuốc gây tác dụng không mong muốn ( adr ) trong điều trị , các thuốc chống tăng huyết áp khác , không phân loại nơi khác"
Y52.6,"thuốc gây tác dụng không mong muốn ( adr ) trong điều trị , thuốc chống tăng mỡ máu và chống xơ động mạch"
Y52.7,"thuốc gây tác dụng không mong muốn ( adr ) trong điều trị , thuốc giãn mạch ngoại vi"
Y53.3,"thuốc gây tác dụng không mong muốn ( adr ) trong điều trị , nhuận tràng muối và thẩm thấu"
Y53.4,"thuốc gây tác dụng không mong muốn ( adr ) trong điều trị , thuốc nhuận tràng khác"
Y53.5,"thuốc gây tác dụng không mong muốn ( adr ) trong điều trị , thuốc lợi tiểu"
Y49.7,"thuốc gây tác dụng không mong muốn ( adr ) trong điều trị , thuốc kích thích tâm thần và lạm dụng thuốc"
Y52.8,"thuốc gây tác dụng không mong muốn ( adr ) trong điều trị , thuốc chống giãn tĩnh mạch , bao gồm chất gây xơ"
Y52.9,"thuốc gây tác dụng không mong muốn ( adr ) trong điều trị , thuốc ảnh hưởng chủ yếu lên hệ tim mạch khác và không xác định"
Y53,thuốc tác dụng chủ yếu đến hệ tiêu hóa
Y53.0,"thuốc gây tác dụng không mong muốn ( adr ) trong điều trị , chất đối kháng thụ thể histamin h2"
Y53.1,"thuốc gây tác dụng không mong muốn ( adr ) trong điều trị , thuốc kháng acid và kháng tiết toan dạ dày khác"
Y53.2,"thuốc gây tác dụng không mong muốn ( adr ) trong điều trị , kích thích nhuận tràng"
Y51.2,"thuốc gây tác dụng không mong muốn ( adr ) trong điều trị , thuốc chẹn hạch , không phân loại nơi khác"
Y51.3,"thuốc gây tác dụng không mong muốn ( adr ) trong điều trị , các thuốc giải phó giao cảm ( kháng cholinergic và kháng muscarin ) và giảm co bóp khác , không phân loại nơi khác"
Y51.4,"thuốc gây tác dụng không mong muốn ( adr ) trong điều trị , chất ưu tiên cảm thụ alpha - adrenergic , không phân loại nơi khác"
Y51.5,"thuốc gây tác dụng không mong muốn ( adr ) trong điều trị , chất ưu tiên trên cảm thụ anpha - adrenergic , không phân loại nơi khác"
Y51.6,"thuốc gây tác dụng không mong muốn ( adr ) trong điều trị , chất đối kháng cảm thụ anpha - adrenalin , không phân loại nơi khác"
Y51.7,"thuốc gây tác dụng không mong muốn ( adr ) trong điều trị , chất đối kháng cảm thụ beta - adrenoreceptor , không phân loại nơi khác"
Y51.8,"thuốc gây tác dụng không mong muốn ( adr ) trong điều trị , chất hoạt động ở trung ương và chẹn hệ adrenergic , không phân loại nơi khác"
Y49.8,"thuốc gây tác dụng không mong muốn ( adr ) trong điều trị , các thuốc hướng thần khác , không phân loại nơi khác"
Y49.9,"thuốc gây tác dụng không mong muốn ( adr ) trong điều trị , thuốc hướng thần không xác định"
Y50,"kích thích hệ thần kinh trung ương , không phân loại nơi khác"
Y50.0,"thuốc gây tác dụng không mong muốn ( adr ) trong điều trị , thuốc hồi sức"
Y50.1,"thuốc gây tác dụng không mong muốn ( adr ) trong điều trị , chất đối kháng thụ cảm opioid"
Y43.3,"thuốc gây tác dụng không mong muốn ( adr ) trong điều trị , thuốc chống sinh u khác"
Y43.4,"thuốc gây tác dụng không mong muốn ( adr ) trong điều trị , chất suy giảm miễn dịch"
Y43.5,"thuốc gây tác dụng không mong muốn ( adr ) trong điều trị , chất làm toan hóa và kiềm hóa"
Y35.3,can thiệp pháp lý liên quan vật tầy
Y35.4,can thiệp pháp lý liên quan vật sắc nhọn
Y35.5,hành hình hợp pháp
Y35.6,can thiệp pháp lý liên quan các phương tiện xác định khác
Y35.7,"can thiệp pháp lý , phương tiện không xác định"
Y36,hoạt động chiến tranh
Y36.0,hoạt động chiến tranh do hỏa khí của lính thủy gây ra
Y49.4,"thuốc gây tác dụng không mong muốn ( adr ) trong điều trị , an thần loại butyrophenon và thioxanthen"
Y49.5,"thuốc gây tác dụng không mong muốn ( adr ) trong điều trị , ức chế tâm thần và an thần khác"
Y49.6,"thuốc gây tác dụng không mong muốn ( adr ) trong điều trị , thuốc hướng tâm tần ( thuốc gây ảo giác )"
Y47.4,"thuốc gây tác dụng không mong muốn ( adr ) trong điều trị , chế phẩm brom"
Y47.5,"thuốc gây tác dụng không mong muốn ( adr ) trong điều trị , thuốc kết hợp an thần và gây ngủ , không phân loại nơi khác"
Y47.8,"thuốc gây tác dụng không mong muốn ( adr ) trong điều trị , các thuốc an thần , gây ngủ và chống lo lắng khác"
Y47.9,"thuốc gây tác dụng không mong muốn ( adr ) trong điều trị , thuốc an thần , gây ngủ và chống lo lắng , không xác định"
Y48,khí gây mê và điều trị ( gây tác dụng không mong muốn ( adr ) )
Y48.2,"thuốc gây tác dụng không mong muốn ( adr ) trong điều trị , thuốc gây mê toàn thân khác và không xác định"
Y48.3,"thuốc gây tác dụng không mong muốn ( adr ) trong điều trị , thuốc tê tại chỗ"
Y48.4,"thuốc gây tác dụng không mong muốn ( adr ) trong điều trị , thuốc mê - tê , không xác định"
Y48.5,"thuốc gây tác dụng không mong muốn ( adr ) trong điều trị , khí điều trị"
Y46.3,"thuốc gây tác dụng không mong muốn ( adr ) trong điều trị , deoxybarbiturat"
Y46.4,"thuốc gây tác dụng không mong muốn ( adr ) trong điều trị , iminostilben"
Y46.5,"thuốc gây tác dụng không mong muốn ( adr ) trong điều trị , acid valproic"
Y46.6,"thuốc gây tác dụng không mong muốn ( adr ) trong điều trị , thuốc chống động kinh khác và không xác định"
Y46.7,"thuốc gây tác dụng không mong muốn ( adr ) trong điều trị , thuốc chống parkinson"
Y46.8,thuốc chống liệt cứng
Y47,"thuốc an thần , gây ngủ và chống lo lắng ( gây tác dụng không mong muốn ( adr ) )"
Y47.0,"thuốc gây tác dụng không mong muốn ( adr ) trong điều trị , barbiturat , không phân loại nơi khác"
Y47.1,"thuốc gây tác dụng không mong muốn ( adr ) trong điều trị , benzodiazepin"
Y47.2,"thuốc gây tác dụng không mong muốn ( adr ) trong điều trị , dẫn xuất cloral"
Y47.3,"thuốc gây tác dụng không mong muốn ( adr ) trong điều trị , paraldehyd"
Y46.1,"thuốc gây tác dụng không mong muốn ( adr ) trong điều trị , oxazolidinedion"
Y46.2,"thuốc gây tác dụng không mong muốn ( adr ) trong điều trị , dẫn xuất hydantoin"
Y48.0,"thuốc gây tác dụng không mong muốn ( adr ) trong điều trị , thuốc gây mê hô hấp"
Y48.1,"thuốc gây tác dụng không mong muốn ( adr ) trong điều trị , thuốc gây mê tiêm"
X31,phơi nhiễm lạnh thiên nhiên quá mức
X32,phơi nhiễm nắng
X33,nạn nhân của chớp
X34,nạn nhân động đất
X34.0,nạn nhân chuyển động lớn của đất do động đất gây ra
V88.3,người bị thương trong va chạm giữa ô tô và xe buýt không phải do giao thông
V88.4,người bị thương trong va chạm giữa ô tô và xe tải nặng không phải do giao thông
V88.5,người bị thương trong va chạm giữa xe tải nặng và xe buýt không phải do giao thông
Y42.1,"thuốc gây tác dụng không mong muốn ( adr ) trong điều trị , hormon giáp trạng và chế phẩm"
Y36.5,hoạt động chiến tranh liên quan vũ khí hạt nhân
Y36.6,hoạt động chiến tranh liên quan vũ khí sinh học
Y36.7,hoạt động chiến tranh liên quan đến vũ khí hóa học và các vũ khí khác không theo quy ước chiến tranh
Y41.9,"thuốc gây tác dụng không mong muốn ( adr ) trong điều trị , thuốc đường toàn thân chống nhiễm khuẩn và ký sinh trùng không xác định"
Y42,"nội tiết tố và các chế phẩm tổng hợp của nó và thuốc đối kháng , không phân loại nơi khác ( gây tác dụng không mong muốn ( adr ) )"
Y42.0,"thuốc gây tác dụng không mong muốn ( adr ) trong điều trị , glucocorticoid và chất tổng hợp"
Y42.2,"thuốc gây tác dụng không mong muốn ( adr ) trong điều trị , thuốc kháng giáp trạng"
Y42.3,"thuốc gây tác dụng không mong muốn ( adr ) trong điều trị , insulin và thuốc hạ đường huyết đường uống ( chống đái tháo đường )"
Y42.4,"thuốc gây tác dụng không mong muốn ( adr ) trong điều trị , thuốc chống thụ thai đường uống"
Y42.5,"thuốc gây tác dụng không mong muốn ( adr ) trong điều trị , các thuốc estrogen và progestogen khác"
Y36.8,hoạt động chiến tranh xảy ra sau khi đã chấm dứt chiến sự
Y36.9,"hoạt động chiến tranh , không xác định"
Y40,kháng sinh toàn thân ( gây tác dụng không mong muốn ( adr ) )
Y40.0,"thuốc gây tác dụng không mong muốn ( adr ) trong điều trị , penicillin"
Y40.1,"thuốc gây tác dụng không mong muốn ( adr ) trong điều trị , cefalosporin và các kháng sinh β - lactam khác"
Y40.5,"thuốc gây tác dụng không mong muốn ( adr ) trong điều trị , aminoglycosid"
Y40.6,"thuốc gây tác dụng không mong muốn ( adr ) trong điều trị , rifamycin"
Y40.7,"thuốc gây tác dụng không mong muốn ( adr ) trong điều trị , kháng sinh chống nấm dùng đường toàn thân"
Y41.2,"thuốc gây tác dụng không mong muốn ( adr ) trong điều trị , chống sốt rét và thuốc tác dụng trên đơn bào khác trong máu"
Y41.3,"thuốc gây tác dụng không mong muốn ( adr ) trong điều trị , thuốc chống đơn bào khác"
Y41.4,"thuốc gây tác dụng không mong muốn ( adr ) trong điều trị , thuốc giun"
Y41.5,"thuốc gây tác dụng không mong muốn ( adr ) trong điều trị , thuốc kháng virus"
Y41.8,"thuốc gây tác dụng không mong muốn ( adr ) trong điều trị , các thuốc đường toàn thân chống nhiễm trùng và ký sinh trùng khác , xác định"
Y40.8,"thuốc gây tác dụng không mong muốn ( adr ) trong điều trị , các kháng sinh dùng đường toàn thân khác"
Y40.9,"thuốc gây tác dụng không mong muốn ( adr ) trong điều trị , kháng sinh toàn thân không xác định"
Y41,"các loại thuốc kháng khuẩn và kháng ký sinh trùng , đường toàn thân ( gây tác dụng không mong muốn ( adr ) )"
Y41.0,"thuốc gây tác dụng không mong muốn ( adr ) trong điều trị , sulfonamid"
Y41.1,"thuốc gây tác dụng không mong muốn ( adr ) trong điều trị , thuốc chống mycobacter"
V97.3,người ở mặt đất bị thương trong tai nạn hàng không
V97.8,"các tai nạn hàng không khác , không phân loại nơi khác"
V98,các tai nạn giao thông khác
V99,tai nạn giao thông không xác định
W00,ngã trên cùng một mặt bằng liên quan băng và tuyết
W93,phơi nhiễm nhiệt lạnh quá mức do con người tạo ra
W94,"phơi nhiễm không khí cao áp , hạ áp và thay đổi áp lực"
W99,phơi nhiễm với các yếu tố môi trường do con người tạo ra khác và không xác định
X00,phơi nhiễm đám cháy không kiểm soát được ở tòa tòa nhà hay công trình
X01,phơi nhiễm đám cháy không kiểm soát được không phải từ tòa nhà hay công trình
X02,phơi nhiễm đám cháy tòa nhà hay công trình kiểm soát được
Y36.1,hoạt động chiến tranh liên quan đến phá hủy phương tiện bay
Y36.2,hoạt động chiến tranh liên quan đến chất nổ và bom khác
Y36.3,"hoạt động chiến tranh liên quan đến đám cháy , hỏa hoạn và chất nóng"
Y36.4,hoạt động chiến tranh liên quan đạn súng cầm tay và các loại súng thông thường khác trong chiến tranh
Y30,"ngã , nhảy hay bị đẩy từ một chỗ cao , không rõ ý đồ"
Y31,"ngã , nằm hay chạy trước hay chạy vào vật đang chuyển động , không rõ ý đồ"
Y32,bị mô tô cán không rõ ý đồ
Y33,"các biến cố khác xác định , không rõ ý đồ"
Y34,"biến cố không xác định , không rõ ý đồ"
Y35,can thiệp pháp lý
Y35.0,can thiệp pháp lý liên quan đến đạn súng cầm tay
Y35.1,can thiệp pháp lý liên quan đến chất nổ
Y35.2,can thiệp pháp lý liên quan đến khí
X98,"tấn công bằng hơi nước , hơi nước nóng và vật nóng"
X99,"tấn công bằng vật nhọn , sắc"
Y00,tấn công bằng vật tù
Y01,tấn công bằng đẩy từ chỗ cao
Y02,tấn công bằng đẩy hay đặt nạn nhân trước vật đang chuyển động
Y03,tấn công bằng đâm xe cơ giới
Y06.8,"bị bỏ bê hay bỏ rơi , do người khác , xác định"
Y06.9,"bị bỏ bê hay bỏ rơi , do người khác , không xác định"
Y07,các hội chứng hành hạ khác
Y07.0,"bị hành hạ , do vợ , chồng hay bạn tình"
Y07.1,"bị hành hạ , do cha mẹ"
Y07.2,"bị hành hạ , do người quen hay bạn"
Y07.3,"bị hành hạ , do công chức có thẩm quyền"
Y04,tấn công bằng sức cơ thể
Y05,tấn công tình dục bằng sức người
Y06,bỏ bê hay bỏ rơi
Y06.0,"bị bỏ bê hay bỏ rơi , do vợ chồng hay người cộng tác"
Y06.1,"bị bỏ bê hay bỏ rơi , do cha mẹ"
Y06.2,"bị bỏ bê hay bỏ rơi , do người quen hay bạn"
Y07.8,"bị hành hạ , do người xác định khác"
Y07.9,"bị hành hạ , do người không xác định"
Y08,"tấn công bằng phương tiện khác , biết đặc điểm"
Y09,tấn công bằng phương tiện khác và không xác định
Y10,"ngộ độc và phơi nhiễm thuốc giảm đau không có thuốc phiện , thuốc hạ sốt và thuốc chống thấp không rõ ý đồ"
Y11,"ngộ độc và phơi nhiễm thuốc chống động kinh , an thần - gây ngủ , chống parkinson và hướng thần , không phân loại nơi khác và ý đồ không xác định"
Y12,"ngộ độc và phơi nhiễm thuốc gây nghiện và thuốc hướng tâm thần ( thuốc gây ảo giác ) , không phân loại nơi khác và ý đồ không xác định"
Y13,ngộ độc và phơi nhiễm các thuốc khác tác dụng trên hệ thần kinh tự chủ không rõ ý đồ
Y14,"ngộ độc và phơi nhiễm với thuốc , dược phẩm và chất sinh học khác và không xác định , không rõ ý đồ"
Y19,"ngộ độc và phơi nhiễm với hóa chất và chất có hại khác và không xác định , không rõ ý đồ"
Y20,"treo cổ , bóp cổ và gây ngạt thở , không rõ ý đồ"
Y21,"tai nạn đuối nước và ngập nước , không xác định được ý đồ"
Y22,"biến cố do đạn súng cầm tay , không rõ ý đồ"
Y23,"biến cố do đạn súng trường , súng trường cỡ nhỏ và súng trường cỡ lớn , không rõ ý đồ"
Y24,"biến cố do đạn súng khác và không xác định , không rõ ý đồ"
Y25,"tiếp xúc chất nổ , không rõ ý đồ"
Y26,"phơi nhiễm khói , đám cháy và ngọn lửa , không rõ ý đồ"
Y27,"phơi nhiễm hơi nước , hơi nước nóng và vật nóng , không xác định được ý đồ"
Y28,"tiếp xúc vật nhọn , sắc , không rõ ý đồ"
Y29,"tiếp xúc vật tù , không rõ ý đồ"
Y15,"ngộ độc và phơi nhiễm rượu , không rõ ý đồ"
Y16,"ngộ độc và phơi nhiễm chất dung môi hữu cơ và hologenat carbon và các chất hơi của chúng , không rõ ý đồ"
Y17,"ngộ độc và phơi nhiễm carbon monoxide và các khí và hơi khác , không rõ ý đồ"
Y17.0,"ngộ độc do hít phải carbon monoxide từ khí thải động cơ đốt trong , không rõ ý đồ"
Y17.1,"ngộ độc do hít phải carbon monoxide từ khí ga tiêu dùng , không rõ ý đồ"
Y17.2,ngộ độc do hít phải carbon monoxide từ nhiên liệu hóa thạch dân dụng khác
Y17.3,ngộ độc do hít phải carbon monoxide từ nguồn khác
Y17.4,ngộ độc do hít phải carbon monoxide từ nguồn không xác định
Y17.8,ngộ độc do hít phải khí ga hoặc hơi xác định khác
Y17.9,ngộ độc do hít phải khí ga hoặc hơi không xác định
Y18,"ngộ độc và phơi nhiễm chất diệt côn trùng , không rõ ý đồ"
Y40.2,"thuốc gây tác dụng không mong muốn ( adr ) trong điều trị , nhóm chloramphenicol"
Y40.3,"thuốc gây tác dụng không mong muốn ( adr ) trong điều trị , macrolid"
Y40.4,"thuốc gây tác dụng không mong muốn ( adr ) trong điều trị , tetracyclin"
Y44.6,"thuốc gây tác dụng không mong muốn ( adr ) trong điều trị , máu tự nhiên và sản phẩm máu"
Y45.2,"thuốc gây tác dụng không mong muốn ( adr ) trong điều trị , dẫn xuất acid propionic"
Y45.3,"thuốc gây tác dụng không mong muốn ( adr ) trong điều trị , thuốc kháng viêm khác không steroid"
Y45.4,"thuốc gây tác dụng không mong muốn ( adr ) trong điều trị , chống thấp"
Y45.5,"thuốc gây tác dụng không mong muốn ( adr ) trong điều trị , dẫn xuất 4 aminophenol"
Y45.0,"thuốc gây tác dụng không mong muốn ( adr ) trong điều trị , thuốc phiện và các chất giảm đau có liên quan"
Y45.1,"thuốc gây tác dụng không mong muốn ( adr ) trong điều trị , salicylat"
Y43.6,"thuốc gây tác dụng không mong muốn ( adr ) trong điều trị , men , không phân loại nơi khác"
Y43.8,"thuốc gây tác dụng không mong muốn ( adr ) trong điều trị , các chất tác dụng hệ thống đầu tiên , không phân loại nơi khác"
Y43.9,"thuốc gây tác dụng không mong muốn ( adr ) trong điều trị , chất tác dụng chủ yếu khác cho hệ thống không xác định"
Y44,chất tác dụng chủ yếu lên các thành phần của máu ( gây tác dụng không mong muốn ( adr ) )
Y44.0,"thuốc gây tác dụng không mong muốn ( adr ) trong điều trị , chế phẩm sắt và những chế phẩm khác chống thiếu máu nhược sắc"
Y44.1,"thuốc gây tác dụng không mong muốn ( adr ) trong điều trị , vitamin b12 , acid folic và những chế phẩm khác chống thiếu máu đại huyết bào non ( megaloblast )"
Y44.7,"thuốc gây tác dụng không mong muốn ( adr ) trong điều trị , chất thay thế huyết tương"
Y44.9,"thuốc gây tác dụng không mong muốn ( adr ) trong điều trị , chất khác và không xác định tác dụng lên các thành phần của máu"
Y45,"thuốc giảm đau , hạ sốt và chống viêm ( gây tác dụng không mong muốn ( adr ) )"
Y44.2,"thuốc gây tác dụng không mong muốn ( adr ) trong điều trị , thuốc chống đông máu"
Y44.3,"thuốc gây tác dụng không mong muốn ( adr ) trong điều trị , chất đối kháng chống đông máu , vitamin k và các chất làm đông máu"
Y44.4,"thuốc gây tác dụng không mong muốn ( adr ) trong điều trị , thuốc chống huyết khối ( ức chế ngưng tụ tiểu cầu )"
Y44.5,"thuốc gây tác dụng không mong muốn ( adr ) trong điều trị , thuốc làm tan huyết khối"
Y42.6,"thuốc gây tác dụng không mong muốn ( adr ) trong điều trị , kháng gonadotrophin , kháng estrogen , kháng androgen , không phân loại nơi khác"
Y42.7,"thuốc gây tác dụng không mong muốn ( adr ) trong điều trị , androgen và các chất dị hóa"
Y42.8,"thuốc gây tác dụng không mong muốn ( adr ) trong điều trị , các hormon khác , không xác định và các chất thay thế tổng hợp của chúng"
Y45.8,"thuốc gây tác dụng không mong muốn ( adr ) trong điều trị , thuốc giảm đau và hạ sốt khác"
Y45.9,"thuốc gây tác dụng không mong muốn ( adr ) trong điều trị , thuốc giảm đau , hạ sốt và chống viêm không xác định"
Y46,thuốc chống động kinh và parkinson ( gây tác dụng không mong muốn ( adr ) )
Y46.0,"thuốc gây tác dụng không mong muốn ( adr ) trong điều trị , succinimid"
Y42.9,"thuốc gây tác dụng không mong muốn ( adr ) trong điều trị , các thuốc đối kháng hormon khác và không xác định"
Y43,chất tác dụng toàn thân trước tiên ( gây tác dụng không mong muốn ( adr ) )
Y43.0,"thuốc gây tác dụng không mong muốn ( adr ) trong điều trị , thuốc chống dị ứng và chống nôn"
Y43.1,"thuốc gây tác dụng không mong muốn ( adr ) trong điều trị , chống chuyển hóa chống sinh u"
Y43.2,"thuốc gây tác dụng không mong muốn ( adr ) trong điều trị , sản phẩm thiên nhiên chống sinh u"
X37,nạn nhân của bão lớn
X38,nạn nhân của lụt
X39,phơi nhiễm các lực thiên nhiên khác và không xác định
X40,"vô tình ngộ độc và vô tình phơi nhiễm với thuốc giảm đau không có thuốc phiện , hạ nhiệt và chống thấp khớp"
X41,"vô tình ngộ độc và vô tình phơi nhiễm thuốc chống động kinh , an thần - gây ngủ , chống parkinson , tâm thần , không phân loại nơi khác"
X42,"vô tình ngộ độc và vô tình phơi nhiễm thuốc gây nghiện và thuốc hướng tâm thần ( thuốc gây ảo giác ) , không phân loại nơi khác"
X43,vô tình ngộ độc và vô tình phơi nhiễm thuốc khác tác động lên hệ thống thần kinh tự chủ
W60,"tiếp xúc với cây gai , gai , lá nhọn"
W64,bị ảnh hưởng của lực cơ học do động vật sống không xác định
W65,tai nạn đuối nước và ngập nước khi ở trong bồn tắm
W66,tai nạn đuối nước và ngập nước sau khi ngã vào bồn tắm
W67,tai nạn đuối nước và ngập nước khi ở bể bơi
W84,đe dọa thở không xác định
W85,phơi nhiễm dây tải điện
W86,phơi nhiễm dòng điện xác định khác
W87,phơi nhiễm dòng điện không xác định
W88,phơi nhiễm tia xạ ion hóa
W89,phơi nhiễm ánh sáng nhìn thấy nhân tạo và ánh sáng cực tím
W90,phơi nhiễm tia xạ ion hóa khác
W91,phơi nhiễm tia xạ không xác định
W92,phơi nhiễm nhiệt độ cao quá mức do con người tạo ra
W38,nổ và vỡ các dụng cụ khác và không xác định có điều hòa áp lực
W39,nổ pháo hoa
W40,nổ vật liệu khác
W41,bị ảnh hưởng tia áp lực cao
W42,ảnh hưởng tiếng ồn
W43,ảnh hưởng độ rung
X47.1,vô tình ngộ độc do tiếp xúc với carbon monoxide từ khí ga tiêu dùng
X47.2,vô tình ngộ độc do tiếp xúc với carbon monoxide từ nhiên liệu hóa thạch dân dụng khác
X47.3,vô tình ngộ độc do tiếp xúc với carbon monoxide từ nguồn khác
X47.4,vô tình ngộ độc do tiếp xúc với carbon monoxide từ nguồn không xác định
X47.8,vô tình ngộ độc do khí ga hoặc hơi xác định khác
X47.9,vô tình ngộ độc do khí ga hoặc hơi không xác định
X48,vô tình ngộ độc và vô tình phơi nhiễm với thuốc trừ sâu
X34.1,nạn nhân sóng thần
X34.8,nạn nhân các ảnh hưởng của động đất xác định khác
X34.9,nạn nhân ảnh hưởng của động đất không xác định
X35,nạn nhân núi lửa phun
X36,"nạn nhân tuyết lở , đất trượt , hoặc các chuyển động khác của đất"
X20,tiếp xúc với rắn độc và thằn lằn độc
X21,tiếp xúc với nhện độc
X22,tiếp xúc với bọ cạp
X23,tiếp xúc với các loại ong
X24,tiếp xúc với các loại rết
X44,"vô tình ngộ độc và vô tình phơi nhiễm với thuốc , dược phẩm và chất sinh học không xác định"
X45,vô tình ngộ độc và vô tình phơi nhiễm rượu
X46,vô tình ngộ độc và vô tình phơi nhiễm dung môi hữu cơ và hydrat carbon halogen và các hơi của chúng
X47,vô tình ngộ độc và vô tình phơi nhiễm các khí ga và hơi khác
X47.0,vô tình ngộ độc do tiếp xúc với carbon monoxide từ khí thải động cơ đốt trong
X53,tổn thương do đói ăn
X54,tổn thương do thiếu nước
X57,thiếu thốn không xác định
X58,phơi nhiễm các yếu tố khác có biết đặc điểm
X59,phơi nhiễm các yếu tố không xác định
X59.0,phơi nhiễm với yếu tố không xác định gây gãy xương
X59.9,phơi nhiễm với yếu tố không xác định và tổn thương không xác định
X25,"tiếp xúc với loại tiết túc có nọc độc , xác định"
X26,tiếp xúc với xúc vật và cây độc dưới nước
X27,"tiếp xúc với xúc vật có nọc độc khác , xác định"
X28,tiếp xúc với các cây độc khác xác định
X29,tiếp xúc với xúc vật hay cây độc không xác định
X30,phơi nhiễm nhiệt thiên nhiên quá mức
V95.9,tai nạn máy bay khác và không xác định làm tổn thương người trên máy bay
V96,tai nạn của phương tiện bay không động cơ làm bị thương người bay trên phương tiện
V96.0,tai nạn kinh khí cầu tổn thương người đi trên đó
V96.1,tai nạn tàu lượn treo tổn thương người đi trên đó
V96.2,tai nạn tàu lượn ( không động cơ ) tổn thương người đi trên đó
V95.1,tai nạn tàu lượn hay có động cơ gây thương tích cho hành khách đi tàu
V95.2,"tai nạn của máy bay tư , cánh cố định khác , gây tổn thương người đi máy bay"
V95.3,"tai nạn của máy bay thương mại cánh cố định , gây tổn thương cho người đi máy bay"
V95.4,tai nạn tàu vũ trụ làm tổn thương người trên tàu
V95.8,tai nạn máy bay khác làm tổn thương người trên máy bay
V93.2,"tai nạn trên phương tiện giao thông đường thủy không có va chạm , không gây đuối nước và ngập nước , tàu thuyền đánh cá"
V93.3,"tai nạn trên phương tiện giao thông đường thủy không có va chạm , không gây đuối nước và ngập nước , thuyền ca nô có động cơ khác"
V93.4,"tai nạn trên phương tiện giao thông đường thủy không có va chạm , không gây đuối nước và ngập nước , thuyền buồm"
V93.5,"tai nạn trên phương tiện giao thông đường thủy không có va chạm , không gây đuối nước và ngập nước , thuyền ca nô có mái chèo hoặc kayak"
V96.8,"các tai nạn phương tiện bay không động cơ khác , tổn thương người đi trên đó"
V96.9,tai nạn phương tiện bay không động cơ không xác định gây tổn thương người đi trên đó
V97,các tai nạn do phương tiện bay đặc biệt khác
V97.0,người ở trên phương tiện bay bị thương trong tai nạn hàng không đặc biệt khác
V97.1,người bị thương khi lên xuống máy bay
V97.2,người nhảy dù bị thương trong tai nạn hàng không
W75,"tai nạn ngạt thở , nghẹt thở trên giường"
W76,tai nạn treo cổ và bóp cổ
W77,"đe dọa thở do sụt đất , đất rơi và các chất khác"
W78,hít phải chất chứa trong dạ dày
W79,hít và nuốt thức ăn gây tắc đường hô hấp
X09,"phơi nhiễm khói , đám cháy và ngọn lửa không xác định"
X10,"tiếp xúc với đồ uống , thức ăn , mỡ và dầu ăn nóng"
X11,tiếp xúc với nước máy nóng
X12,tiếp xúc với chất lỏng nóng khác
X13,tiếp xúc với hơi nước sôi và hơi nước nóng
X14,"tiếp xúc với không khí nóng , chất hơi nóng"
W68,tai nạn đuối nước và ngập nước sau khi ngã vào bể bơi
W69,tai nạn đuối nước và ngập nước khi ở trong nước tự nhiên
W70,tai nạn đuối nước và ngập nước sau khi ngã xuống nước tự nhiên
W73,tai nạn đuối nước và ngập nước xác định khác
W74,tai nạn đuối nước và ngập nước không xác định
X15,tiếp xúc với vật dụng trong nhà nóng
X16,"tiếp xúc với dụng cụ làm nóng , lò sưởi , ống dẫn"
X17,"tiếp xúc với máy , dụng cụ nóng"
X18,tiếp xúc với kim loại nóng khác
X19,tiếp xúc với các vật làm nóng và chất nóng khác và không xác định
X03,phơi nhiễm lửa đám cháy kiểm soát được nhưng không phải ở trong nhà hay công trình
X04,phơi nhiễm của vật rất dễ cháy
X05,phơi nhiễm quần áo ngủ cháy hay nóng chảy
X06,phơi nhiễm áo quần hay dụng cụ bốc cháy hay nóng chảy
X08,"phơi nhiễm khói , đám cháy và ngọn lửa xác định khác"
W80,hít và nuốt vật khác gây tắc đường thở
W81,"bị nhốt , mắc bẫy trong môi trường oxy thấp"
W83,"các đe dọa thở khác , biết đặc điểm"
X88.2,tấn công bằng khí carbon monoxide từ nhiên liệu hóa thạch dân dụng khác
X88.3,tấn công bằng khí carbon monoxide từ nguồn khác
X88.4,tấn công bằng khí carbon monoxide từ nguồn không xác định
X88.8,tấn công bằng khí carbon monoxide từ khí ga và hơi xác định khác
X88.9,tấn công bằng khí ga và hơi không xác định
X89,tấn công bằng hóa chất hay chất có hại xác định khác
X90,tấn công bằng hóa chất hay chất có hại không xác định
X91,"tấn công bằng treo cổ , bóp cổ và gây ngạt thở"
X92,"tấn công bằng dìm xuống nước , làm ngập nước"
X49,vô tình ngộ độc và vô tình phơi nhiễm các chất hóa học và chất có hại khác và không xác định
X50,"cố gắng quá mức , và những động tác nặng nhọc hoặc lặp đi lặp lại"
X51,tổn thương do đi lại và vận động
X52,tổn thương do ở lâu trong môi trường không trọng lượng
X88,tấn công bằng khí ga và hơi
X88.0,tấn công bằng carbon monoxide từ khí thải động cơ đốt trong
X88.1,tấn công bằng khí carbon monoxide từ khí ga tiêu dùng
X67.4,cố tình tự đầu độc ( tự tử ) bằng tiếp xúc với carbon monoxide từ nguồn không xác định
X67.8,cố tình tự đầu độc ( tự tử ) bằng tiếp xúc với khí ga hoặc hơi xác định khác
X67.9,cố tình tự đầu độc ( tự tử ) bằng tiếp xúc với khí ga hoặc hơi không xác định
X68,cố tình tự đầu độc bằng và phơi nhiễm thuốc trừ sâu
X69,cố tình tự đầu độc bằng và phơi nhiễm các hóa chất và chất có hại khác không rõ đặc điểm
X70,"cố tình tự hại bằng treo cổ , bóp cổ và gây ngạt thở"
X93,tấn công bởi đạn súng lục ( súng ngắn )
X94,"tấn công bởi đạn súng trường , súng trường cỡ nhỏ và súng trường cỡ lớn"
X95,tấn công bởi đạn súng khác và không xác định
X96,tấn công bằng chất nổ
X97,"tấn công bằng khói , đám cháy và ngọn lửa"
X67,cố tình tự đầu độc bằng và phơi nhiễm các khí ga và hơi khác
X67.0,cố tình tự đầu độc ( tự tử ) bằng tiếp xúc với carbon monoxide từ khí thải động cơ đốt trong
X67.1,cố tình tự đầu độc ( tự tử ) bằng tiếp xúc với carbon monoxide từ khí ga tiêu dùng
X67.2,cố tình tự đầu độc ( tự tử ) bằng tiếp xúc với carbon monoxide từ nhiên liệu hóa thạch dân dụng khác
X67.3,cố tình tự đầu độc ( tự tử ) bằng tiếp xúc với carbon monoxide từ nguồn khác
X60,cố tình tự đầu độc bằng và phơi nhiễm chất giảm đau hạ sốt và chống thấp khớp không có thuốc phiện
X61,"cố tình tự đầu độc bằng và phơi nhiễm thuốc chống động kinh , an thần - gây ngủ , chống parkinson và thuốc tâm thần , không phân loại nơi khác"
X62,"cố tình tự đầu độc bằng và phơi nhiễm thuốc gây nghiện và thuốc hướng tâm thần ( thuốc gây ảo giác ) , không phân loại nơi khác"
X63,cố tình tự đầu độc bằng và phơi nhiễm các thuốc khác tác dụng lên hệ thống thần kinh tự chủ
X64,"cố tình tự đầu độc bằng và phơi nhiễm với thuốc , dược phẩm và chất sinh học khác và không xác định"
X65,cố tình tự đầu độc bằng và phơi nhiễm với cồn
X66,"cố tình tự đầu độc bằng và phơi nhiễm dung môi hữu cơ , hydrocarbon halogen và hơi của chúng"
X77,"cố tình tự hại bằng hơi nước , hơi nóng và vật nóng"
X78,cố tình tự hại bằng vật nhọn
X79,cố tình tự hại bằng vật tầy
X80,cố tình tự hại bằng nhảy từ trên cao xuống
X81,cố tình tự hại bằng nhảy hay nằm ra trước vật đang chuyển động
X82,cố tình tự hại bằng đâm xe động cơ
X83,cố tình tự hại bằng các phương tiện khác có biết đặc điểm
X84,cố tình tự hại bằng các phương tiện không rõ đặc điểm
X85,"tấn công bằng thuốc , dược chất và chất sinh học"
X86,tấn công bằng chất ăn da
X87,tấn công bằng chất diệt côn trùng
X71,"cố tình tự hại bằng nhảy xuống nước , trầm mình dưới nước"
X72,cố tình tự hại bằng đạn súng lục ( súng ngắn )
X73,"cố tình tự hại bằng đạn súng trường , súng trường cỡ nhỏ , súng trường cỡ lớn"
X74,cố tình tự hại bằng đạn súng khác và không xác định
X75,cố tình tự hại bằng chất nổ
X76,"cố tình tự hại bằng khói , đám cháy và ngọn lửa"
V88.6,người bị thương trong va chạm giữa tàu hỏa hay phương tiện đi trên ray với ô tô không phải do giao thông
V88.7,người bị thương trong va chạm giữa các xe cơ giới xác định khác không phải do giao thông
V88.8,"người bị thương trong tai nạn giao thông xác định khác , không có va chạm , liên quan đến xe cơ giới , không phải do giao thông"
V88.9,"người bị thương trong tai nạn giao thông khác xác định ( có va chạm ) ( không có va chạm ) liên quan đến xe thô sơ , không phải do giao thông"
V94.2,"các tai nạn giao thông đường thủy không xác định , tàu thuyền đánh cá"
V94.3,"các tai nạn giao thông đường thủy không xác định , thuyền ca nô có động cơ khác"
V94.4,"các tai nạn giao thông đường thủy không xác định , thuyền buồm"
V94.5,"các tai nạn giao thông đường thủy không xác định , thuyền ca nô có mái chèo hoặc kayak"
V94.6,"các tai nạn giao thông đường thủy không xác định , xuồng bơm hơi ( không động cơ )"
V94.7,"các tai nạn giao thông đường thủy không xác định , ván lướt sóng"
V94.8,"các tai nạn giao thông đường thủy không xác định , thuyền ca nô không động cơ khác"
V94.9,"các tai nạn giao thông đường thủy không xác định , thuyền ca nô không xác định"
V95,tai nạn do phương tiện bay có động cơ gây tổn thương cho người bay trên phương tiện
V95.0,tai nạn máy bay trực thăng làm bị thương người đi máy bay
V90,tai nạn giao thông đường thủy gây đuối nước và ngập nước
V90.0,"tai nạn giao thông đường thủy gây đuối nước và ngập nước , tàu thủy chở hàng"
V90.1,"tai nạn giao thông đường thủy gây đuối nước và ngập nước , tàu thủy chở khách"
W51,( người đi bộ ) đụng phải hoặc va phải người khác
W52,"bị đám đông hay đám người chạy toán loạn ép , đẩy hay dẫm lên"
W53,chuột cắn
W54,"bị chó cắn , đả thương"
W55,"cắn , đả thương do loài động vật có vú khác"
W56,tiếp xúc với động vật có vú ở dưới nước
W57,bị côn trùng không có nọc và các loài tiết túc không có nọc độc cắn hay đốt
W58,"bị cá sấu , cá sấu cắn hay đả thương"
W59,bị loài bò sát khác cắn hay kẹp
W11,ngã trên và từ thang
W12,ngã trên và từ dàn giáo
W13,"ngã từ , ngã ra ngoài hay ngã trong tòa nhà hay công trình"
W14,ngã cây
W15,ngã vách đá
W16,nhảy lao đầu hay nhảy xuống nước gây chấn thương khác với ngã xuống nước hay ngập nước
W17,ngã khác từ mặt bằng này đến mặt bằng khác
W18,ngã khác trên cùng mặt bằng
W19,ngã không xác định
W20,"bị tác động của các vật ném , tung hay đang rơi"
W21,va phải hay bị đập bởi dụng cụ thể thao
W22,va phải hay bị đập bởi các vật khác
W23,"bị mắc , nghiền , nghiến , kẹp , ép , hay móc giữa các vật"
W07,ngã ghế
W08,ngã liên quan đến đồ đạc khác
W09,ngã liên quan đến đồ chơi ở sân
W10,"ngã trên và từ bậc thang , bậc thềm"
W44,dị vật vào trong hay đi qua mắt hay lỗ tự nhiên
W45,dị vật vào qua da
W46,tiếp xúc với kim tiêm dưới da
W49,bị ảnh hưởng của lực cơ học bất động khác và không xác định
W50,"bị người khác đập đánh , đá , vặn , cắn , cào"
W24,"tiếp xúc với các dụng cụ nâng và chuyền , không phân loại nơi khác"
W25,tiếp xúc với kính nhọn
W26,tiếp xúc các vật sắc nhọn khác
W27,tiếp xúc với dụng cụ thủ công không động cơ
W28,tiếp xúc với máy xén cỏ
W29,tiếp xúc với dụng cụ thủ công có động cơ khác và máy nội trợ
W01,"ngã trên cùng mặt bằng do trượt ngã , vấp ngã và ngã lộn nhào"
W02,"ngã liên quan trượt băng , ski , trượt bánh xe ( patanh ) hay trên thanh trượt"
W03,"ngã khác trên cùng mặt bằng do va chạm với , bị đẩy bởi người khác"
W04,"ngã khi đang được người khác bế , vác"
W05,ngã liên quan đến ghế xe đẩy
W06,ngã liên quan đến giường
V90.9,"tai nạn giao thông đường thủy gây đuối nước và ngập nước , thuyền ca nô không xác định"
V91,tai nạn giao thông đường thủy gây tổn thương khác
V91.0,"tai nạn giao thông đường thủy gây tổn thương khác , tàu thủy chở hàng"
V91.1,"tai nạn giao thông đường thủy gây tổn thương khác , tàu thủy chở khách"
V91.2,"tai nạn giao thông đường thủy gây tổn thương khác , tàu thuyền đánh cá"
V91.3,"tai nạn giao thông đường thủy gây tổn thương khác , thuyền ca nô có động cơ khác"
V91.4,"tai nạn giao thông đường thủy gây tổn thương khác , thuyền buồm"
V90.2,"tai nạn giao thông đường thủy gây đuối nước và ngập nước , tàu thuyền đánh cá"
V90.3,"tai nạn giao thông đường thủy gây đuối nước và ngập nước , thuyền ca nô có động cơ khác"
V90.4,"tai nạn giao thông đường thủy gây đuối nước và ngập nước , thuyền buồm"
V90.5,"tai nạn giao thông đường thủy gây đuối nước và ngập nước , thuyền ca nô có mái chèo hoặc kayak"
V92.4,"đuối nước và ngập nước liên quan đến phương tiện giao thông đường thủy mà không phải tai nạn do phương tiện đường thủy , thuyền buồm"
V92.5,"đuối nước và ngập nước liên quan đến phương tiện giao thông đường thủy mà không phải tai nạn do phương tiện đường thủy , thuyền ca nô có mái chèo hoặc kayak"
V92.6,"đuối nước và ngập nước liên quan đến phương tiện giao thông đường thủy mà không phải tai nạn do phương tiện đường thủy , xuồng bơm hơi ( không động cơ )"
V92.7,"đuối nước và ngập nước liên quan đến phương tiện giao thông đường thủy mà không phải tai nạn do phương tiện đường thủy , ván lướt sóng"
V92.8,"đuối nước và ngập nước liên quan đến phương tiện giao thông đường thủy mà không phải tai nạn do phương tiện đường thủy , thuyền ca nô không động cơ khác"
V92.9,"đuối nước và ngập nước liên quan đến phương tiện giao thông đường thủy mà không phải tai nạn do phương tiện đường thủy , thuyền ca nô không xác định"
V93,"tai nạn trên phương tiện giao thông đường thủy không có va chạm , không gây đuối nước và ngập nước"
V89,tai nạn xe có hay không có động cơ không biết loại xe
V89.0,"người bị thương trong tai nạn xe cơ giới không xác định , không phải tai nạn giao thông"
V89.1,"người bị thương trong tai nạn xe thô sơ không xác định , không phải tai nạn giao thông"
V89.2,"người bị thương trong tai nạn xe cơ giới không xác định , tham gia giao thông"
V89.3,"người bị thương trong tai nạn xe thô sơ không biết loại xe , tham gia giao thông"
V89.9,người bị thương trong tai nạn không biết loại xe
V91.9,"tai nạn giao thông đường thủy gây tổn thương khác , thuyền ca nô không xác định"
V92,đuối nước và ngập nước liên quan đến phương tiện giao thông đường thủy mà không phải tai nạn do phương tiện đường thủy
V92.0,"đuối nước và ngập nước liên quan đến phương tiện giao thông đường thủy mà không phải tai nạn do phương tiện đường thủy , tàu thủy chở hàng"
V92.1,"đuối nước và ngập nước liên quan đến phương tiện giao thông đường thủy mà không phải tai nạn do phương tiện đường thủy , tàu thủy chở khách"
V92.2,"đuối nước và ngập nước liên quan đến phương tiện giao thông đường thủy mà không phải tai nạn do phương tiện đường thủy , tàu thuyền đánh cá"
V92.3,"đuối nước và ngập nước liên quan đến phương tiện giao thông đường thủy mà không phải tai nạn do phương tiện đường thủy , thuyền ca nô có động cơ khác"
V93.6,"tai nạn trên phương tiện giao thông đường thủy không có va chạm , không gây đuối nước và ngập nước , xuồng bơm hơi ( không động cơ )"
V93.7,"tai nạn trên phương tiện giao thông đường thủy không có va chạm , không gây đuối nước và ngập nước , ván lướt sóng"
V93.8,"tai nạn trên phương tiện giao thông đường thủy không có va chạm , không gây đuối nước và ngập nước , thuyền ca nô không động cơ khác"
V93.9,"tai nạn trên phương tiện giao thông đường thủy không có va chạm , không gây đuối nước và ngập nước , thuyền ca nô không xác định"
V94,các tai nạn giao thông đường thủy không xác định
V94.0,"các tai nạn giao thông đường thủy khác và không xác định , tàu thủy chở hàng"
V94.1,"các tai nạn giao thông đường thủy khác và không xác định , tàu thủy chở khách"
V90.6,"tai nạn giao thông đường thủy gây đuối nước và ngập nước , xuồng bơm hơi ( không động cơ )"
V90.7,"tai nạn giao thông đường thủy gây đuối nước và ngập nước , ván lướt sóng"
V90.8,"tai nạn giao thông đường thủy gây đuối nước và ngập nước , thuyền ca nô không động cơ khác"
V93.0,"tai nạn trên phương tiện giao thông đường thủy không có va chạm , không gây đuối nước và ngập nước , tàu thủy chở hàng"
V93.1,"tai nạn trên phương tiện giao thông đường thủy không có va chạm , không gây đuối nước và ngập nước , tàu thủy chở khách"
V91.5,"tai nạn giao thông đường thủy gây tổn thương khác , thuyền ca nô có mái chèo hoặc kayak"
V91.6,"tai nạn giao thông đường thủy gây tổn thương khác , xuồng bơm hơi ( không động cơ )"
V91.7,"tai nạn giao thông đường thủy gây tổn thương khác , ván lướt sóng"
V91.8,"tai nạn giao thông đường thủy gây tổn thương khác , thuyền ca nô không động cơ khác"
Y53.6,"thuốc gây tác dụng không mong muốn ( adr ) trong điều trị , thuốc chống tiêu chảy"
Y53.7,"thuốc gây tác dụng không mong muốn ( adr ) trong điều trị , thuốc gây nôn"
Y53.8,"thuốc gây tác dụng không mong muốn ( adr ) trong điều trị , thuốc khác tác dụng chủ yếu lên hệ tiêu hóa"
Y56.4,"thuốc gây tác dụng không mong muốn ( adr ) trong điều trị , thuốc và chế phẩm phân giải keratin , tạo keratin và chữa tóc khác"
Y56.5,"thuốc gây tác dụng không mong muốn ( adr ) trong điều trị , thuốc và chế phẩm nhãn khoa"
Y76.1,"dụng cụ sản phụ khoa liên quan đến tai biến , thiết bị trị liệu ( không phẫu thuật ) và phục hồi chức năng"
Y76.2,"dụng cụ sản phụ khoa liên quan đến tai biến , thiết bị nhân tạo và các thiết bị implant , vật liệu và phụ kiện khác"
Y76.3,"dụng cụ sản phụ khoa liên quan đến tai biến , dụng cụ phẫu thuật , vật liệu và thiết bị ( bao gồm cả chỉ khâu )"
Y56.6,"thuốc gây tác dụng không mong muốn ( adr ) trong điều trị , thuốc và chế phẩm tai mũi họng"
Y75.1,"dụng cụ thần kinh liên quan đến tai biến , thiết bị trị liệu ( không phẫu thuật ) và phục hồi chức năng"
Y75.2,"dụng cụ thần kinh liên quan đến tai biến , thiết bị nhân tạo và các thiết bị implant , vật liệu và phụ kiện khác"
Y75.3,"dụng cụ thần kinh liên quan đến tai biến , dụng cụ phẫu thuật , vật liệu và thiết bị ( bao gồm cả chỉ khâu )"
Y73.2,"dụng cụ tiêu hóa , tiết niệu liên quan đến tai biến , thiết bị nhân tạo và các thiết bị implant , vật liệu và phụ kiện khác"
Y73.3,"dụng cụ tiêu hóa , tiết niệu liên quan đến tai biến , dụng cụ phẫu thuật , vật liệu và thiết bị ( bao gồm cả chỉ khâu )"
Y73.8,"dụng cụ tiêu hóa , tiết niệu liên quan đến tai biến , thiết bị khác , không phân loại nơi khác"
Y74,dụng cụ đa khoa và phương tiện cá nhân liên quan đến tai biến
Y72.8,"dụng cụ tai mũi họng liên quan đến tai biến , thiết bị khác , không phân loại nơi khác"
Y73,"dụng cụ tiêu hóa , tiết niệu liên quan đến tai biến"
Y73.0,"dụng cụ tiêu hóa , tiết niệu liên quan đến tai biến , thiết bị chẩn đoán và theo dõi"
Y73.1,"dụng cụ tiêu hóa , tiết niệu liên quan đến tai biến , thiết bị trị liệu ( không phẫu thuật ) và phục hồi chức năng"
Y70.8,"dụng cụ gây mê liên quan đến tai biến , thiết bị khác , không phân loại nơi khác"
Y71,dụng cụ tim mạch liên quan đến tai biến
Y71.0,"dụng cụ tim mạch liên quan đến tai biến , thiết bị chẩn đoán và theo dõi"
Y71.1,"dụng cụ tim mạch liên quan đến tai biến , thiết bị trị liệu ( không phẫu thuật ) và phục hồi chức năng"
Y71.2,"dụng cụ tim mạch liên quan đến tai biến , thiết bị nhân tạo và các thiết bị implant , vật liệu và phụ kiện khác"
Y71.3,"dụng cụ tim mạch liên quan đến tai biến , dụng cụ phẫu thuật , vật liệu và thiết bị ( bao gồm cả chỉ khâu )"
Y71.8,"dụng cụ tim mạch liên quan đến tai biến , thiết bị khác , không phân loại nơi khác"
Y72,dụng cụ tai mũi họng liên quan đến tai biến
Y74.8,"dụng cụ bệnh viện đa khoa và phương tiện cá nhân liên quan đến tai biến , thiết bị khác , không phân loại nơi khác"
Y75,dụng cụ thần kinh liên quan đến tai biến
Y75.0,"dụng cụ thần kinh liên quan đến tai biến , thiết bị chẩn đoán và theo dõi"
Y75.8,"dụng cụ thần kinh liên quan đến tai biến , thiết bị khác , không phân loại nơi khác"
Y76,dụng cụ sản phụ khoa liên quan đến tai biến
Y76.0,"dụng cụ sản phụ khoa liên quan đến tai biến , thiết bị chẩn đoán và theo dõi"
Y82.1,"dụng cụ y tế khác và không xác định liên quan đến tai biến , thiết bị trị liệu ( không phẫu thuật ) và phục hồi chức năng"
Y82.2,"dụng cụ y tế khác và không xác định liên quan đến tai biến , thiết bị nhân tạo và các thiết bị implant , vật liệu và phụ kiện khác"
Y82.3,"dụng cụ y tế khác và không xác định liên quan đến tai biến , dụng cụ phẫu thuật , vật liệu và thiết bị ( bao gồm cả chỉ khâu )"
Y82.8,"dụng cụ y tế khác và không xác định liên quan đến tai biến , thiết bị khác , không phân loại nơi khác"
Y83,"phẫu thuật và các thủ thuật ngoại khoa khác là nguyên nhân của phản ứng bất thường của bệnh nhân hay biến chứng sau này , mà không được nêu ra là rủi ro tại thời điểm thực hiện"
Z00.3,khám tình trạng phát triển ở tuổi vị thành niên
Z00.4,"khám tâm thần tổng quát , không phân loại nơi khác"
Z00.5,khám cho người muốn hiến tạng và mô
Z00.6,khám so sánh nhóm can thiệp và đối chứng trong chương trình nghiên cứu lâm sàng
Y91.3,ngộ độc rượu rất nặng
Y91.9,"có liên quan đến rượu , không xác định"
Y95,tình trạng mắc phải trong bệnh viện
Y96,tình trạng liên quan đến lao động
Y97,tình trạng liên quan đến ô nhiễm môi trường
Z00.8,các loại khám tổng quát khác
Z01,khám chuyên khoa và kiểm tra sức khoẻ khác cho những người không có bệnh được chẩn đoán trước đó hoặc không có than phiền về sức khoẻ
Z01.0,khám mắt và thị lực
Z01.1,khám tai và thính lực
Z02.7,cấp giấy chứng nhận y tế
Z02.8,các khám khác vì lý do hành chính
Z02.9,"khám vì lý do hành chính , không xác định"
Z03,"theo dõi và đánh giá nghi ngờ một số bệnh , nhưng đã loại trừ"
Z03.0,"theo dõi , đánh giá người nghi ngờ mắc bệnh lao"
Z02.2,khám để nhập vào nơi cư trú
Z02.3,khám nghĩa vụ quân sự
Z02.4,khám để chứng nhận giấy phép lái xe
Z02.5,khám để tham gia thể thao
Z02.6,khám vì lý do bảo hiểm
Y90.9,có cồn trong máu không rõ mức độ
Y91,bằng chứng liên quan đến rượu xác định bằng mức độ nhiễm độc
Y91.0,ngộ độc rượu nhẹ
Y91.1,ngộ độc rượu trung bình
Y91.2,ngộ độc rượu nặng
Y98,tình trạng liên quan đến cách sống
Z00,khám tổng quát và kiểm tra sức khoẻ cho những người không có bệnh được chẩn đoán trước đó hoặc không có than phiền về sức khoẻ
Z00.0,khám sức khoẻ tổng quát
Z00.1,khám trẻ em thường quy
Z00.2,khám thời kỳ phát triển nhanh của trẻ
Z01.2,khám răng
Z01.3,thăm khám về huyết áp
Z01.4,khám phụ khoa ( tổng quát ) ( thường kỳ )
Z01.5,chẩn đoán về da và các test mẫn cảm
Z01.6,"khám điện quang , không phân loại nơi khác"
Z01.7,xét nghiệm cận lâm sàng
Z01.8,các thăm khám chuyên khoa xác định khác
Z01.9,"thăm khám chuyên khoa , không xác định"
Z02,khám vì lý do hành chính
Z02.0,khám để nhập trường học
Z02.1,khám trước khi nhận công tác
Y74.0,"dụng cụ bệnh viện đa khoa và phương tiện cá nhân liên quan đến tai biến , thiết bị chẩn đoán và theo dõi"
Y74.1,"dụng cụ bệnh viện đa khoa và phương tiện cá nhân liên quan đến tai biến , thiết bị trị liệu ( không phẫu thuật ) và phục hồi chức năng"
Y74.2,"dụng cụ bệnh viện đa khoa và phương tiện cá nhân liên quan đến tai biến , thiết bị nhân tạo và các thiết bị implant , vật liệu và phụ kiện khác"
Y74.3,"dụng cụ bệnh viện đa khoa và phương tiện cá nhân liên quan đến tai biến , dụng cụ phẫu thuật , vật liệu và thiết bị ( bao gồm cả chỉ khâu )"
Z11.2,khám sàng lọc chuyên khoa về các bệnh nhiễm khuẩn khác
Z11.3,khám sàng lọc chuyên khoa về các bệnh nhiễm trùng lây truyền qua đường tình dục
Z11.4,khám sàng lọc chuyên khoa về virus suy giảm miễn dịch người ( hiv )
Z11.5,khám sàng lọc chuyên khoa về các bệnh virus khác
Z11.6,khám sàng lọc chuyên khoa về các bệnh do động vật đơn bào khác và giun sán
Z13.1,khám sàng lọc chuyên khoa đái tháo đường
Z13.2,khám sàng lọc chuyên khoa các rối loạn dinh dưỡng
Z13.3,khám sàng lọc chuyên khoa các rối loạn tâm thần và hành vi
Z13.4,khám sàng lọc chuyên khoa một số loạn phát triển của trẻ em
Z13.5,khám sàng lọc chuyên khoa các rối loạn thị giác và thính giác
Z13.6,khám sàng lọc chuyên khoa các rối loạn tim mạch
Z20.4,tiếp xúc và phơi nhiễm với virus rubella
Z20.5,tiếp xúc và phơi nhiễm với virus viêm gan
Z20.6,tiếp xúc và phơi nhiễm với virus suy giảm miễn dịch người ( hiv )
Z13.7,"khám sàng lọc chuyên khoa các dị dạng bẩm sinh , các biến dạng khác và các bất thường nhiễm sắc thể"
Z13.8,khám sàng lọc chuyên khoa các bệnh và các rối loạn xác định khác
Z13.9,"khám sàng lọc chuyên khoa , không xác định"
Z20,tiếp xúc và phơi nhiễm với các bệnh lây truyền
Z20.0,tiếp xúc và phơi nhiễm với các bệnh nhiễm khuẩn đường ruột
Z12.4,khám sàng lọc chuyên khoa về u cổ tử cung
Z12.5,khám sàng lọc chuyên khoa u tiền liệt tuyến
Z12.6,khám sàng lọc chuyên khoa u bàng quang
Z12.8,khám sàng lọc chuyên khoa khối u ở vị trí khác
Z12.9,"khám sàng lọc chuyên khoa khối u , không xác định"
Z13,khám sàng lọc chuyên khoa các bệnh và các rối loạn khác
Z13.0,khám sàng lọc chuyên khoa các bệnh về máu và các cơ quan tạo máu và một số rối loạn liên quan đến cơ chế miễn dịch
Z20.7,"tiếp xúc và phơi nhiễm với chấy rận , giun đũa và các ký sinh trùng khác"
Z20.8,tiếp xúc và phơi nhiễm với các bệnh lây truyền khác
Z20.9,tiếp xúc và phơi nhiễm với bệnh lây truyền không xác định
Z21,trạng thái nhiễm virus suy giảm miễn dịch ( hiv ) không triệu chứng
Z22,mang mầm bệnh truyền nhiễm
Z22.0,mang mầm bệnh thương hàn
Z11.8,khám sàng lọc chuyên khoa về các bệnh nhiễm trùng và ký sinh trùng khác
Z11.9,"khám sàng lọc chuyên khoa về các bệnh nhiễm trùng và ký sinh trùng khác , không xác định"
Z12,khám sàng lọc chuyên khoa các khối u
Z12.0,khám sàng lọc chuyên khoa u dạ dày
Z12.1,khám sàng lọc chuyên khoa u đường ruột
Z12.2,khám sàng lọc chuyên khoa u cơ quan hô hấp
Z12.3,khám sàng lọc chuyên khoa u vú
Z20.1,tiếp xúc và phơi nhiễm với vi khuẩn lao
Z20.2,tiếp xúc hoặc phơi nhiễm với các bệnh nhiễm trùng lây truyền qua đường tình dục
Z20.3,tiếp xúc và phơi nhiễm với virus dại
Z22.1,mang mầm bệnh nhiễm khuẩn đường ruột khác
Z22.2,mang mầm bệnh bạch hầu
Z22.3,mang mầm bệnh các vi khuẩn xác định khác
Z22.4,mang mầm bệnh nhiễm trùng lây qua đường tình dục
Z22.6,mang virus type 1 hướng lympho t người ( htlv . 1 )
Z22.7,lao tiềm ẩn
Z22.8,mang mầm bệnh nhiễm khuẩn khác
Y58.3,"thuốc gây tác dụng không mong muốn ( adr ) trong điều trị , vắc xin dịch hạch"
Y58.4,"thuốc gây tác dụng không mong muốn ( adr ) trong điều trị , vắc xin uốn ván"
Y53.9,"thuốc gây tác dụng không mong muốn ( adr ) trong điều trị , thuốc không xác định tác dụng trước hết lên hệ tiêu hóa"
Y54,"các tác nhân tác động chủ yếu đến cân bằng nước , chuyển hóa chất khoáng và acid uric ."
Y54.0,"thuốc gây tác dụng không mong muốn ( adr ) trong điều trị , corticoiid chuyển hóa muối nước"
Y54.1,"thuốc gây tác dụng không mong muốn ( adr ) trong điều trị , thuốc đối kháng corticod chuyển hóa muối nước ( đối kháng aldosteron )"
Y54.2,"thuốc gây tác dụng không mong muốn ( adr ) trong điều trị , ức chế carbonic - anhydrase"
Y61.6,"dị vật vô tình để quên trong cơ thể trong khi hút , chọc và thông khác"
Y61.7,dị vật vô tình để quên trong khi rút catheter hay vật liệu đặt trong cơ thể
Y61.8,dị vật vô tình để quên trong cơ thể trong khi chăm sóc nội khoa và ngoại khoa khác
Y61.9,dị vật vô tình để quên trong cơ thể trong khi chăm sóc nội khoa và ngoại khoa không xác định
Y62,không đảm bảo vô trùng trong phẫu thuật và điều trị nội khoa
Y54.5,"thuốc gây tác dụng không mong muốn ( adr ) trong điều trị , thuốc lợi tiểu khác"
Y54.6,"thuốc gây tác dụng không mong muốn ( adr ) trong điều trị , chất cân bằng điện giải , năng lượng và nước"
Y60.9,"vô tình cắt , chọc , làm thủng , chảy máu trong khi chăm sóc nội khoa và ngoại khoa không xác định"
Y61,dị vật vô tình để quên trong cơ thể trong khi phẫu thuật và điều trị nội khoa
Y61.0,dị vật vô tình để quên trong cơ thể trong khi phẫu thuật
Y61.1,dị vật vô tình để quên trong cơ thể trong khi truyền dịch hay truyền máu
Y61.2,dị vật vô tình để quên trong cơ thể trong khi chạy thận nhân tạo hay tuần hoàn ngoài cơ thể khác
Y61.3,dị vật vô tình để quên trong cơ thể trong khi tiêm hay tiêm chủng
Y61.4,dị vật vô tình để quên trong cơ thể trong khi khám nội soi
Y61.5,dị vật vô tình để quên trong cơ thể trong khi thông tim
Y58.1,"thuốc gây tác dụng không mong muốn ( adr ) trong điều trị , vắc xin thương hàn và phó thương hàn"
Y58.2,"thuốc gây tác dụng không mong muốn ( adr ) trong điều trị , vắc xin tả"
Y59.2,"thuốc gây tác dụng không mong muốn ( adr ) trong điều trị , vắc xin đơn bào"
Y59.3,"thuốc gây tác dụng không mong muốn ( adr ) trong điều trị , globulin miễn dịch"
Y60.5,"vô tình cắt , chọc , làm thủng , chảy máu trong khi thông tim"
Y60.6,"vô tình cắt , chọc , làm thủng , chảy máu trong khi hút , chọc hay thông khác"
Y60.7,"vô tình cắt , chọc , làm thủng , chảy máu trong khi thụt tháo"
Y60.8,"vô tình cắt , chọc , làm thủng , chảy máu trong khi chăm sóc nội khoa và ngoại khoa khác"
Y59.8,"thuốc gây tác dụng không mong muốn ( adr ) trong điều trị , các vắc xin và sinh chất xác định khác"
Y59.9,"thuốc gây tác dụng không mong muốn ( adr ) trong điều trị , vắc xin và sinh chất không xác định"
Y60,"vô tình cắt , chọc , làm thủng , chảy máu trong phẫu thuật và điều trị nội khoa khác"
Y60.0,"vô tình cắt , chọc , làm thủng , chảy máu trong khi mổ"
Y62.0,không đảm bảo vô trùng trong khi mổ
Y62.1,không đảm bảo vô trùng trong khi truyền dịch hay truyền máu
Y62.2,không đảm bảo vô trùng trong khi chạy thận nhân tạo hay tuần hoàn ngoài cơ thể khác
Y62.3,không đảm bảo vô trùng trong khi tiêm hay chủng
Y80.0,"dụng cụ y học vật lý liên quan đến tai biến , thiết bị chẩn đoán và theo dõi"
Y80.1,"dụng cụ y học vật lý liên quan đến tai biến , thiết bị trị liệu ( không phẫu thuật ) và phục hồi chức năng"
Y80.2,"dụng cụ y học vật lý liên quan đến tai biến , thiết bị nhân tạo và các thiết bị implant , vật liệu và phụ kiện khác"
Y80.3,"dụng cụ y học vật lý liên quan đến tai biến , dụng cụ phẫu thuật , vật liệu và thiết bị ( bao gồm cả chỉ khâu )"
Z04.2,khám và theo dõi sau tai nạn lao động
Z04.3,khám và theo dõi sau tai nạn khác
Z04.4,khám và theo dõi sau cưỡng dâm và dụ dỗ
Z04.5,"khám và theo dõi sau khi bị tổn thương do bạo hành , ngược đãi gây ra"
Z03.6,"theo dõi , đánh giá người nghi ngờ bị ảnh hưởng của độc tính của chất nuốt phải"
Z10.3,kiểm tra sức khoẻ tổng quát thường quy cho các đội thể thao
Z10.8,kiểm tra sức khoẻ tổng quát thường quy cho các nhóm đối tượng xác định khác
Z11,khám sàng lọc chuyên khoa các bệnh nhiễm khuẩn và ký sinh trùng
Z11.0,khám sàng lọc chuyên khoa về các bệnh nhiễm khuẩn đường ruột
Z11.1,khám sàng lọc chuyên khoa về lao phổi
Z03.8,"theo dõi , đánh giá người nghi ngờ mắc bệnh và tình trạng bệnh khác"
Z03.9,"theo dõi , đánh giá người nghi ngờ mắc bệnh hoặc tình trạng bệnh , không xác định"
Z04,khám và theo dõi vì những lý do khác
Z04.0,xét nghiệm phát hiện rượu trong máu và ma túy trong máu
Z04.1,khám và theo dõi sau tai nạn giao thông
Z08.1,khám theo dõi sau điều trị xạ trị u ác tính
Z08.2,khám theo dõi sau hóa trị liệu u ác tính
Z08.7,khám theo dõi sau điều trị phối hợp u ác tính
Z08.8,khám theo dõi sau điều trị khác của u ác tính
Z08.9,khám theo dõi sau điều trị không xác định của u ác tính
Z03.1,"theo dõi , đánh giá người nghi ngờ mắc bệnh ung thư"
Z03.2,"theo dõi , đánh giá người nghi ngờ mắc các rối loạn tâm thần và hành vi"
Z03.3,"theo dõi , đánh giá người nghi ngờ mắc các rối loạn hệ thần kinh"
Z03.4,"theo dõi , đánh giá người nghi ngờ có nhồi máu cơ tim"
Z03.5,"theo dõi , đánh giá người nghi ngờ mắc bệnh tim mạch khác"
Z09,khám theo dõi sau điều trị các bệnh khác không phải u ác tính
Z09.0,khám theo dõi sau phẫu thuật các tình trạng bệnh khác
Z09.1,khám theo dõi sau xạ trị liệu các tình trạng bệnh khác
Z09.2,khám theo dõi sau hóa trị liệu các tình trạng bệnh khác
Z09.3,khám theo dõi sau tâm lý liệu pháp
Z09.4,khám theo dõi sau điều trị gãy xương
Z09.7,khám theo dõi sau điều trị phối hợp các tình trạng bệnh khác
Z09.8,khám theo dõi sau điều trị khác của các bệnh khác
Z09.9,khám theo dõi sau điều trị không xác định của các tình trạng bệnh khác
Z10,kiểm tra sức khoẻ tổng quát thường quy cho nhóm đối tượng xác định
Z10.0,khám sức khoẻ về nghề nghiệp
Z10.1,kiểm tra sức khoẻ tổng quát thường quy cho nhân viên cơ quan
Z10.2,kiểm tra sức khoẻ tổng quát thường quy của lực lượng vũ trang
Z04.6,khám tâm thần tổng quát do nhà chức trách yêu cầu
Z04.8,khám và theo dõi vì lý do xác định khác
Z04.9,khám và theo dõi vì lý do không xác định
Z08,khám theo dõi sau điều trị u ác tính
Z08.0,khám theo dõi sau phẫu thuật u ác tính
Y84.9,"tai biến do thủ thuật nội khoa , không xác định , không đề cập đến rủi ro , sự cố , sai sót tại thời điểm thực hiện phẫu thuật , thủ thuật"
Y85,di chứng của tai nạn giao thông
Y85.0,di chứng của tai nạn xe cơ giới
Y85.9,di chứng của các tại nạn giao thông khác và không xác định
Y58.5,"thuốc gây tác dụng không mong muốn ( adr ) trong điều trị , vắc xin bạch hầu"
Y58.6,"thuốc gây tác dụng không mong muốn ( adr ) trong điều trị , vắc xin ho gà , bao gồm phối hợp với 1 thành phần ho gà"
Y58.8,"thuốc gây tác dụng không mong muốn ( adr ) trong điều trị , vắc xin phối hợp vi khuẩn , trừ phối hợp 1 thành phần ho gà"
Y89.9,di chứng của nguyên nhân ngoại sinh không xác định
Y90,bằng chứng liên quan đến rượu xác định bằng mức cồn trong máu
Y90.0,"mức cồn trong máu dưới 20 mg , 100 ml"
Y90.1,"mức cồn trong máu ở 20 - 39mg , 100 ml"
Y90.2,"mức cồn trong máu ở 40 - 59mg , 100 ml"
Y90.3,"mức cồn trong máu ở 60 - 79mg , 100 ml"
Y90.4,"mức cồn trong máu ở 80 - 99mg , 100 ml"
Y90.5,"mức cồn trong máu ở 100 - 119mg , 100 ml"
Y83.6,"tai biến do phẫu thuật ngoại khoa cắt bỏ cơ quan khác ( 1 phần ) ( toàn bộ ) , không đề cập đến rủi ro , sự cố , sai sót tại thời điểm thực hiện phẫu thuật , thủ thuật"
Y83.8,"tai biến do phẫu thuật ngoại khoa khác , không đề cập đến rủi ro , sự cố , sai sót tại thời điểm thực hiện phẫu thuật , thủ thuật"
Y83.9,"tai biến do phẫu thuật ngoại khoa không xác định , không đề cập đến rủi ro , sự cố , sai sót tại thời điểm thực hiện phẫu thuật , thủ thuật"
Y84,"các thủ thuật nội khoa khác là nguyên nhân của phản ứng bất thường ở người bệnh hay biến chứng muộn , mà không đề cập đến rủi ro trong lúc tiến hành phẫu thuật , thủ thuật"
Y84.0,"tai biến do thông tim , không đề cập đến rủi ro , sự cố , sai sót tại thời điểm thực hiện phẫu thuật , thủ thuật"
Y84.1,"tai biến do chạy thận nhân tạo , không đề cập đến rủi ro , sự cố , sai sót tại thời điểm thực hiện phẫu thuật , thủ thuật"
Y84.2,"tai biến do thủ thuật điện quang , điều trị tia xạ , không đề cập đến rủi ro , sự cố , sai sót tại thời điểm thực hiện phẫu thuật , thủ thuật"
Y86,di chứng của các tai nạn khác
Y87,"di chứng của cố tình tự hại , tấn công hay biến cố không xác định"
Y87.0,di chứng của cố tình tự hại
Y87.1,di chứng của tấn công
Y87.2,di chứng của biến cố không xác định được
Y88,di chứng của phẫu thuật và điều trị nội khoa như là nguyên nhân ngoại sinh
Y88.0,"di chứng của tác dụng phụ do thuốc , dược phẩm và chất sinh học dùng trong điều trị"
Y88.1,di chứng trong rủi ro của bệnh nhân trong thủ thuật nội khoa và ngoại khoa
Y90.6,"mức cồn trong máu ở 120 - 119mg , 100 ml"
Y90.7,"mức cồn trong máu ở 220 - 239mg , 100 ml"
Y90.8,"mức cồn trong máu ở 240mg , ml hay hơn"
Y88.2,di chứng của tác dụng phụ liên quan đến sử dụng thiết bị y tế trong chẩn đoán và điều trị
Y88.3,"di chứng của thủ thuật nội khoa và ngoại khoa là nguyên nhân của phản ứng bất thường ở người bệnh , hay biến chứng sau này , mà không thấy rõ rủi ro trong lúc tiến hành thủ thuật"
Y89,di chứng của các nguyên nhân ngoại sinh khác
Y89.0,di chứng của can thiệp pháp lý
Y89.1,di chứng của hoạt động chiến tranh
Y83.0,"tai biến do phẫu thuật ngoại khoa với ghép toàn bộ 1 tạng phủ , không đề cập đến rủi ro , sự cố , sai sót tại thời điểm thực hiện phẫu thuật , thủ thuật"
Y83.1,"tai biến do phẫu thuật ngoại khoa có cấy ghép một thiết bị nhân tạo bên trong , không đề cập đến rủi ro , sự cố , sai sót tại thời điểm thực hiện phẫu thuật , thủ thuật"
Y83.2,"tai biến do phẫu thuật ngoại khoa với khâu nối , bắc cầu hay ghép , không đề cập đến rủi ro , sự cố , sai sót tại thời điểm thực hiện phẫu thuật , thủ thuật"
Y83.3,tai biến do phẫu thuật ngoại khoa có lỗ mở nhân tạo
Y83.4,"tai biến do phẫu thuật ngoại khoa tái tạo khác , không đề cập đến rủi ro , sự cố , sai sót tại thời điểm thực hiện phẫu thuật , thủ thuật"
Y83.5,"tai biến do phẫu thuật ngoại khoa cắt cụt ( nhiều ) chi , không đề cập đến rủi ro , sự cố , sai sót tại thời điểm thực hiện phẫu thuật , thủ thuật"
Y84.3,"tai biến do liệu pháp sốc , không đề cập đến rủi ro , sự cố , sai sót tại thời điểm thực hiện phẫu thuật , thủ thuật"
Y84.4,"tai biến do hút dịch , không đề cập đến rủi ro , sự cố , sai sót tại thời điểm thực hiện phẫu thuật , thủ thuật"
Y84.5,"tai biến do đặt ống thông dạ dày hay tá tràng , không đề cập đến rủi ro , sự cố , sai sót tại thời điểm thực hiện phẫu thuật , thủ thuật"
Y84.6,"tai biến do thông tiểu ( thông đái ) , không đề cập đến rủi ro , sự cố , sai sót tại thời điểm thực hiện phẫu thuật , thủ thuật"
Y84.7,"tai biến do lấy mẫu máu , không đề cập đến rủi ro , sự cố , sai sót tại thời điểm thực hiện phẫu thuật , thủ thuật"
Y84.8,"tai biến do các thủ thuật nội khoa khác , không đề cập đến rủi ro , sự cố , sai sót tại thời điểm thực hiện phẫu thuật , thủ thuật"
Y60.1,"vô tình cắt , chọc , làm thủng , chảy máu trong khi truyền dịch hay truyền máu"
Y60.2,"vô tình cắt , chọc , làm thủng , chảy máu trong khi chạy thận nhân tạo hay tuần hoàn ngoài cơ thể khác"
Y60.3,"vô tình cắt , chọc , làm thủng , chảy máu trong khi tiêm hay tiêm chủng"
Y60.4,"vô tình cắt , chọc , làm thủng , chảy máu trong khi khám nội soi"
Y62.8,không đảm bảo vô trùng trong khi chăm sóc nội khoa và ngoại khoa khác
Y62.9,không đảm bảo vô trùng trong khi chăm sóc nội khoa và ngoại khoa không xác định
Y63,không đảm bảo liều lượng trong phẫu thuật và điều trị nội khoa
Y63.0,"cho quá nhiều máu hay dịch trong truyền máu , truyền dịch"
Y65.4,thất bại trong đặt hay lấy bỏ ống hay dụng cụ khác
Y65.5,tiến hành phẫu thuật không phù hợp
Y65.8,các rủi ro xác định khác trong khi chăm sóc nội khoa và ngoại khoa
Y66,không thực hiện phẫu thuật và điều trị nội khoa
Y63.4,sai liều trong sốc điện hay liệu pháp sốc insulin
Y63.5,nhiệt độ không phù hợp trong khi áp tại chỗ hay đắp quanh người
Y63.6,"không dùng thuốc , dược chất , sinh chất cần thiết"
Y63.8,sai liều trong chăm sóc nội khoa và ngoại khoa khác
Y63.9,sai liều trong khi chăm sóc nội khoa và ngoại khoa không xác định
Y70.3,"dụng cụ gây mê liên quan đến tai biến , dụng cụ phẫu thuật , vật liệu và thiết bị ( bao gồm cả chỉ khâu )"
Y64,vật tư y tế hoặc sinh phẩm ô nhiễm
Y64.0,"biến chứng do vật tư y tế hoặc sinh phẩm ô nhiễm , được truyền hoặc lây truyền"
Y64.1,"biến chứng do vật tư y tế hoặc sinh phẩm ô nhiễm , được tiêm hay tiêm chủng"
Y64.8,biến chứng do vật tư y tế hoặc sinh phẩm ô nhiễm vào cơ thể bằng các phương tiện khác
Y64.9,biến chứng do vật tư y tế hoặc sinh phẩm ô nhiễm vào cơ không rõ bằng phương tiện nào
Y65,các rủi ro khác trong phẫu thuật và điều trị nội khoa
Y62.4,không đảm bảo vô trùng trong khi khám nội soi
Y62.5,không đảm bảo vô trùng trong khi thông tim
Y62.6,"không đảm bảo vô trùng trong khi hút , chọc , và thông khác"
Y69,các rủi ro không xác định trong phẫu thuật và điều trị nội khoa
Y70,dụng cụ gây mê liên quan đến tai biến
Y70.0,"dụng cụ gây mê liên quan đến tai biến , thiết bị chẩn đoán và theo dõi"
Y70.1,"dụng cụ gây mê liên quan đến tai biến , thiết bị trị liệu ( không phẫu thuật ) và phục hồi chức năng"
Y70.2,"dụng cụ gây mê liên quan đến tai biến , thiết bị nhân tạo và các thiết bị implant , vật liệu và phụ kiện khác"
Y65.0,truyền nhầm nhóm máu
Y65.1,truyền nhầm dịch
Y65.2,không khâu hay thắt được trong mổ
Y65.3,đặt sai ống nội khí quản trong gây mê
Y63.1,pha loãng dịch không đúng trong truyền dịch
Y63.2,quá liều tia xạ trong khi điều trị
Y63.3,phơi nhiễm của bệnh nhân do bất cẩn trước tia xạ trong chăm sóc y tế
Y57.0,"thuốc gây tác dụng không mong muốn ( adr ) trong điều trị , giảm ngon miệng ( làm chán ăn )"
Y57.7,"thuốc gây tác dụng không mong muốn ( adr ) trong điều trị , vitamin , không phân loại nơi khác"
Y57.8,"thuốc gây tác dụng không mong muốn ( adr ) trong điều trị , thuốc , dược chất khác"
Y57.9,"thuốc gây tác dụng không mong muốn ( adr ) trong điều trị , thuốc , dược chất không xác định"
Y58,biến chứng do vắc xin vi khuẩn
Y58.0,"thuốc gây tác dụng không mong muốn ( adr ) trong điều trị , vắc xin bcg"
Y57.1,"thuốc gây tác dụng không mong muốn ( adr ) trong điều trị , thuốc hướng mỡ"
Y57.2,"thuốc gây tác dụng không mong muốn ( adr ) trong điều trị , chất giải độc và chất chelating , không phân loại nơi khác"
Y57.3,"thuốc gây tác dụng không mong muốn ( adr ) trong điều trị , thuốc giải rượu"
Y55.5,"thuốc gây tác dụng không mong muốn ( adr ) trong điều trị , thuốc chống cảm cúm"
Y55.6,"thuốc gây tác dụng không mong muốn ( adr ) trong điều trị , thuốc chống hen , không phân loại nơi khác"
Y55.7,"thuốc gây tác dụng không mong muốn ( adr ) trong điều trị , thuốc tác dụng chủ yếu lên hệ hô hấp khác và không xác định"
Y56,"tác dụng tại chỗ , trước hết lên da và niêm mạc và thuốc mắt , tai mũi họng răng"
Y56.0,"thuốc gây tác dụng không mong muốn ( adr ) trong điều trị , thuốc tại chỗ chống nấm , chống nhiễm trùng và chống viêm , không phân loại nơi khác"
Y56.1,"thuốc gây tác dụng không mong muốn ( adr ) trong điều trị , thuốc chống ngứa"
Y56.2,"thuốc gây tác dụng không mong muốn ( adr ) trong điều trị , thuốc gây se tại chỗ , tẩy tại chỗ"
Y56.3,"thuốc gây tác dụng không mong muốn ( adr ) trong điều trị , thuốc làm mềm , làm dịu , bảo vệ"
Y54.8,"thuốc gây tác dụng không mong muốn ( adr ) trong điều trị , chất ảnh hưởng tới chuyển hóa acid uric"
Y54.9,"thuốc gây tác dụng không mong muốn ( adr ) trong điều trị , muối khoáng , không phân loại nơi khác"
Y55,"chất tác dụng trước lên cơ trơn , cơ vân và hệ hô hấp"
Y57.4,"thuốc gây tác dụng không mong muốn ( adr ) trong điều trị , tá dược"
Y57.5,"thuốc gây tác dụng không mong muốn ( adr ) trong điều trị , chất cản quang ( đối quang )"
Y57.6,"thuốc gây tác dụng không mong muốn ( adr ) trong điều trị , các chất dùng để chẩn đoán khác"
Y56.7,"thuốc gây tác dụng không mong muốn ( adr ) trong điều trị , thuốc răng dùng tại chỗ"
Y56.8,"thuốc gây tác dụng không mong muốn ( adr ) trong điều trị , các thuốc tại chỗ khác"
Y56.9,"thuốc gây tác dụng không mong muốn ( adr ) trong điều trị , thuốc tại chỗ không xác định"
Y57,thuốc và dược chất khác không đặc hiệu
Y54.3,"thuốc gây tác dụng không mong muốn ( adr ) trong điều trị , dẫn xuất benzothladiazin"
Y54.4,"thuốc gây tác dụng không mong muốn ( adr ) trong điều trị , lợi tiểu vòng"
Y55.2,"thuốc gây tác dụng không mong muốn ( adr ) trong điều trị , thuốc tác dụng chủ yếu lên cơ khác và không xác định"
Y55.3,"thuốc gây tác dụng không mong muốn ( adr ) trong điều trị , thuốc chống ho"
Y55.4,"thuốc gây tác dụng không mong muốn ( adr ) trong điều trị , thuốc gây long đờm"
Y72.0,"dụng cụ tai mũi họng liên quan đến tai biến , thiết bị chẩn đoán và theo dõi"
Y72.1,"dụng cụ tai mũi họng liên quan đến tai biến , thiết bị trị liệu ( không phẫu thuật ) và phục hồi chức năng"
Y72.2,"dụng cụ tai mũi họng liên quan đến tai biến , thiết bị nhân tạo và các thiết bị implant , vật liệu và phụ kiện khác"
Y72.3,"dụng cụ tai mũi họng liên quan đến tai biến , dụng cụ phẫu thuật , vật liệu và thiết bị ( bao gồm cả chỉ khâu )"
Y55.0,"thuốc gây tác dụng không mong muốn ( adr ) trong điều trị , thuốc kích thích chuyển dạ ( oxytocin )"
Y55.1,"thuốc gây tác dụng không mong muốn ( adr ) trong điều trị , thuốc giãn cơ vân ( chất chẹn thần kinh cơ )"
Y58.9,"thuốc gây tác dụng không mong muốn ( adr ) trong điều trị , vắc xin khác và không xác định"
Y59,biến chứng do vắc xin và sinh chất khác và không xác định
Y59.0,"thuốc gây tác dụng không mong muốn ( adr ) trong điều trị , vắc xin virus"
Y59.1,"thuốc gây tác dụng không mong muốn ( adr ) trong điều trị , vắc xin rickettsia"
Y80.8,"dụng cụ y học vật lý liên quan đến tai biến , thiết bị khác , không phân loại nơi khác"
Y81,dụng cụ phẫu thuật chung và tạo hình liên quan đến tai biến
Y81.0,"dụng cụ phẫu thuật chung và tạo hình liên quan đến tai biến , thiết bị chẩn đoán và theo dõi"
Y81.1,"dụng cụ phẫu thuật chung và tạo hình liên quan đến tai biến , thiết bị trị liệu ( không phẫu thuật ) và phục hồi chức năng"
Y76.8,"dụng cụ sản phụ khoa liên quan đến tai biến , thiết bị khác , không phân loại nơi khác"
Y77,dụng cụ nhãn khoa liên quan đến tai biến
Y77.0,"dụng cụ nhãn khoa liên quan đến tai biến , thiết bị chẩn đoán và theo dõi"
Y77.1,"dụng cụ nhãn khoa liên quan đến tai biến , thiết bị trị liệu ( không phẫu thuật ) và phục hồi chức năng"
Y77.2,"dụng cụ nhãn khoa liên quan đến tai biến , thiết bị nhân tạo và các thiết bị implant , vật liệu và phụ kiện khác"
Y77.3,"dụng cụ nhãn khoa liên quan đến tai biến , dụng cụ phẫu thuật , vật liệu và thiết bị ( bao gồm cả chỉ khâu )"
Y77.8,"dụng cụ nhãn khoa liên quan đến tai biến , thiết bị khác , không phân loại nơi khác"
Y78,dụng cụ điện quang liên quan đến tai biến
Y81.2,"dụng cụ phẫu thuật chung và tạo hình liên quan đến tai biến , thiết bị nhân tạo và các thiết bị implant , vật liệu và phụ kiện khác"
Y81.3,"dụng cụ phẫu thuật chung và tạo hình liên quan đến tai biến , dụng cụ phẫu thuật , vật liệu và thiết bị ( bao gồm cả chỉ khâu )"
Y81.8,"dụng cụ phẫu thuật chung và tạo hình liên quan đến tai biến , thiết bị khác , không phân loại nơi khác"
Y82,dụng cụ y tế khác và không xác định liên quan đến tai biến
Y82.0,"dụng cụ y tế khác và không xác định liên quan đến tai biến , thiết bị chẩn đoán và theo dõi"
Y79,dụng cụ chỉnh hình liên quan đến tai biến
Y79.0,"dụng cụ chỉnh hình liên quan đến tai biến , thiết bị chẩn đoán và theo dõi"
Y79.1,"dụng cụ chỉnh hình liên quan đến tai biến , thiết bị trị liệu ( không phẫu thuật ) và phục hồi chức năng"
Y79.2,"dụng cụ chỉnh hình liên quan đến tai biến , thiết bị nhân tạo và các thiết bị implant , vật liệu và phụ kiện khác"
Y79.3,"dụng cụ chỉnh hình liên quan đến tai biến , dụng cụ phẫu thuật , vật liệu và thiết bị ( bao gồm cả chỉ khâu )"
Y79.8,"dụng cụ chỉnh hình liên quan đến tai biến , thiết bị khác , không phân loại nơi khác"
Y80,dụng cụ y tế vật lý liên quan đến tai biến
Y78.0,"dụng cụ điện quang liên quan đến tai biến , thiết bị chẩn đoán và theo dõi"
Y78.1,"dụng cụ điện quang liên quan đến tai biến , thiết bị trị liệu ( không phẫu thuật ) và phục hồi chức năng"
Y78.2,"dụng cụ điện quang liên quan đến tai biến , thiết bị nhân tạo và các thiết bị implant , vật liệu và phụ kiện khác"
Y78.3,"dụng cụ điện quang liên quan đến tai biến , dụng cụ phẫu thuật , vật liệu và thiết bị ( bao gồm cả chỉ khâu )"
Y78.8,"dụng cụ điện quang liên quan đến tai biến , thiết bị khác , không phân loại nơi khác"
Y54.7,"thuốc gây tác dụng không mong muốn ( adr ) trong điều trị , chất ảnh hưởng calci hóa"
Z61.7,yếu tố trực tiếp gây hoảng sợ cho trẻ
Z61.8,những sự kiện tiêu cực khác ở tuổi ấu thơ
Z61.9,"sự kiện tiêu cực ở tuổi ấu thơ , không xác định"
Z62,những vấn đề khác liên quan đến giáo dưỡng
Z62.0,theo dõi và kiểm soát không đầy đủ của cha mẹ
Z82.2,tiền sử gia đình có điếc và mất thính giác
Z82.3,tiền sử gia đình có tai biến mạch máu não
Z82.4,tiền sử gia đình có bệnh tim thiếu máu cục bộ và các bệnh khác của hệ tuần hoàn
Z82.5,tiền sử gia đình có hen và các bệnh mạn tính khác của đường hô hấp dưới
Z37.2,"sinh đôi , sống cả hai trẻ"
Z37.3,"sinh đôi , một trẻ sinh ra sống , một trẻ chết khi sinh"
Z37.4,"sinh đôi , cả hai chết khi sinh"
Z37.5,"sinh nhiều con , tất cả đều sống"
Z37.6,"sinh nhiều con , trong đó một số trẻ sinh ra sống"
Z37.7,"sinh nhiều con , tất cả chết khi sinh"
Z81.4,tiền sử gia đình có lạm dụng các chất khác
Z81.8,tiền sử gia đình có các rối loạn hành vi và tâm thần
Z82,tiền sử gia đình có khuyết tật và bệnh mạn tính dẫn đến tàn tật
Z82.0,tiền sử gia đình có động kinh và các bệnh khác của hệ thần kinh
Z82.1,tiền sử gia đình có mù lòa và mất thị giác
Z80.2,tiền sử gia đình có u ác tính ở các cơ quan hô hấp và trong lồng ngực khác
Z80.3,tiền sử gia đình có u ác tính ở vú
Z80.4,tiền sử gia đình có u ác tính ở cơ quan sinh dục
Z80.9,"tiền sử gia đình có u ác tính , không xác định"
Z81,tiền sử gia đình có rối loạn tâm thần và hành vi
Z81.0,tiền sử gia đình có chậm phát triển tâm thần
Z81.1,tiền sử gia đình có lạm dụng rượu
Z81.2,tiền sử gia đình có lạm dụng thuốc lá
Z81.3,tiền sử gia đình có lạm dụng thuốc kích thần
Z83,tiền sử gia đình có các rối loạn đặc biệt khác
Z83.0,tiền sử gia đình có người nhiễm virus gây suy giảm miễn dịch ở người ( hiv )
Z83.1,tiền sử gia đình có các bệnh nhiễm trùng và ký sinh trùng khác
Z83.2,tiền sử gia đình có các bệnh về máu và cơ quan tạo máu và một số rối loạn về cơ chế miễn dịch
Z83.3,tiền sử gia đình có bệnh đái tháo đường
Z83.4,"tiền sử gia đình có các bệnh về nội tiết , dinh dưỡng và chuyển hóa"
Z83.5,tiền sử gia đình có các rối loạn thị giác và thính giác
Z83.6,tiền sử gia đình có các bệnh hô hấp
Z83.7,tiền sử gia đình có các bệnh thuộc hệ tiêu hóa
Z80.5,tiền sử gia đình có u ác tính ở đường tiết niệu
Z80.6,tiền sử gia đình có bệnh bạch cầu
Z80.7,"tiền sử gia đình có u ác tính dạng lympho ( bạch huyết ) , hệ tạo máu và các tổ chức liên quan"
Z80.8,tiền sử gia đình có u ác tính của cơ quan và hệ thống khác
Z82.6,tiền sử gia đình có viêm khớp và các bệnh khác về hệ cơ xương và tổ chức liên kết
Z82.7,"tiền sử gia đình có dị tật bẩm sinh , dị tật và bất thường nhiễm sắc thể"
Z82.8,"tiền sử gia đình có người khuyết tật và các bệnh mạn tính khác dẫn đến tàn tật , không phân loại nơi khác"
Z35.3,theo dõi thai phụ có tiền sử chăm sóc trước sinh không đầy đủ
Z35.4,theo dõi thai phụ với các bà mẹ đẻ nhiều lần
Z35.5,theo dõi thai phụ ở người nhiều tuổi mang thai lần đầu
Z63.5,sự tan vỡ của gia đình do ly thân và ly dị
Z63.6,phụ thuộc vào người thân chăm sóc tại nhà
Z63.7,các sự kiện chấn động đời sống khác ảnh hưởng đến gia đình và hộ gia đình
Z32.1,có thai đã được khẳng định
Z33,tình cờ phát hiện có thai
Z34,theo dõi thai bình thường
Z34.0,theo dõi thai bình thường lần đầu
Z34.8,theo dõi thai bình thường khác
Z34.9,"theo dõi thai bình thường , không xác định"
Z35,theo dõi thai phụ có nguy cơ cao
Z64.2,"phát hiện và thừa nhận các yếu tố vật lý , dinh dưỡng và hóa học , xác định là có nguy cơ và có hại"
Z64.3,phát hiện và thừa nhận các yếu tố ứng xử và tâm lý xác định là có nguy cơ và có hại
Z64.4,bất hòa với các nhà tư vấn
Z65,vấn đề liên quan đến hoàn cảnh tâm lý xã hội khác
Z65.0,kết án với các vụ kiện dân sự và hình sự không tống giam
Z65.1,tống giam và các giam cầm khác
Z65.2,vấn đề liên quan đến ra tù
Z65.3,vấn đề liên quan đến pháp luật
Z65.4,nạn nhân của tội ác và khủng bố
Z65.5,"tiếp cận tình thế với thảm hoạ , chiến tranh và thù địch khác"
Z65.8,những vấn đề đặc hiệu khác liên quan đến hoàn cảnh tâm lý xã hội
Z70.2,tư vấn về thái độ và khuynh hướng tình dục của nhân vật thứ ba
Z70.3,"tư vấn liên quan đến các lo âu hỗn hợp về hành vi , thái độ và khuynh hướng tình dục"
Z70.8,các tư vấn khác về tình dục
Z70.9,"tư vấn tình dục , không xác định"
Z71,"những người đến cơ sở y tế để tư vấn y học và tư vấn khác , không xác định"
Z63.8,các vấn đề đặc hiệu khác liên quan đến nhóm trợ giúp
Z63.9,"vấn đề khác liên quan đến nhóm trợ giúp , không xác định"
Z64,các vấn đề liên quan đến một số hoàn cảnh tâm lý xã hội nhất định
Z64.0,các vấn đề liên quan đến mang thai không mong muốn
Z64.1,những vấn đề liên quan đến đẻ nhiều con
Z63.3,thiếu vắng thành viên trong gia đình
Z63.4,sự biến mất hay chết của thành viên gia đình
Z62.9,"vấn đề liên quan tới giáo dưỡng , không xác định"
Z63,"những vấn đề khác liên quan đến nhóm trợ giúp ban đầu , bao gồm cả những hoàn cảnh gia đình"
Z63.0,những vấn đề liên quan đến vợ chồng hay thành viên
Z63.1,những vấn đề liên quan đến cha mẹ và thông gia
Z63.2,hỗ trợ không đầy đủ của gia đình
Z62.6,áp đặt không phù hợp của cha mẹ và kiểu cách giáo dưỡng bất thường
Z62.8,các vấn đề đặc hiệu khác liên quan tới giáo dưỡng
Z65.9,những vấn đề liên quan đến các hoàn cảnh tâm lý xã hội không xác định
Z70,"tư vấn liên quan đến thái độ , hành vi và khuynh hướng tình dục"
Z70.0,tư vấn liên quan đến thái độ tình dục
Z70.1,tư vấn về thái độ và khuynh hướng tình dục của người bệnh
Z76.1,theo dõi sức khoẻ và chăm sóc trẻ bị bỏ rơi
Z76.2,theo dõi sức khoẻ và chăm sóc trẻ em khoẻ mạnh khác
Z76.3,người khoẻ đi theo người ốm
Z76.4,người nội trú khác trong cơ sở y tế
Z73.3,"sang chấn , không phân loại nơi khác"
Z73.4,"kỹ năng xã hội không đầy đủ , không phân loại nơi khác"
Z73.5,"mâu thuẫn vai trò xã hội , không phân loại nơi khác"
Z73.6,hạn chế hoạt động vì khuyết tật
Z73.8,các vấn đề khác liên quan đến khó khăn về quản trị cuộc sống
Z73.9,"vấn đề liên quan đến khó khăn về quản trị cuộc sống , không xác định"
Z74,các vấn đề liên quan đến việc phụ thuộc vào người chăm sóc
Z74.0,nhu cầu trợ giúp cho giảm di chuyển
Z74.1,nhu cầu trợ giúp chăm sóc cho bản thân
Z75.4,không có sẵn hoặc không tiếp cận được với các cơ quan trợ giúp khác
Z75.5,chăm sóc trong ngày nghỉ
Z75.8,những vấn đề khác liên quan đến phương tiện y học và chăm sóc sức khoẻ
Z75.9,vấn đề liên quan đến cơ sở y tế không xác định và chăm sóc sức khoẻ khác
Z76,những người đến cơ quan y tế trong những hoàn cảnh khác
Z76.0,kê đơn lĩnh thuốc theo hẹn
Z74.9,"các vấn đề liên quan đến phụ thuộc vào người chăm sóc chuyên nghiệp , không xác định"
Z75,những vấn đề liên quan đến phương tiện y học và chăm sóc sức khoẻ khác
Z75.0,các dịch vụ y học không có sẵn tại nhà
Z75.1,người chờ đợi được thu nhận vào một cơ sở thích hợp nào đó
Z75.2,giai đoạn chờ đợi để kiểm tra và điều trị
Z75.3,không sử dụng được và không tiếp cận được các phương tiện chăm sóc
Z74.2,nhu cầu trợ giúp chăm sóc tại nhà và nhu cầu trợ giúp khi trong nhà không ai có khả năng chăm sóc
Z74.3,nhu cầu theo dõi liên tục
Z74.8,các vấn đề khác liên quan đến phụ thuộc của bản thân vào người chăm sóc
Z71.0,người thay mặt cho người khác đến tư vấn
Z71.1,người than phiền lo sợ những việc không được chứng minh
Z71.2,người đến tư vấn để được giải thích về các kết quả đã phát hiện
Z71.3,tư vấn và theo dõi chế độ ăn uống
Z71.4,tư vấn và theo dõi lạm dụng rượu
Z71.5,tư vấn và giám sát lạm dụng ma túy
Z71.6,tư vấn lạm dụng thuốc lá
Z72.8,các vấn đề khác liên quan đến lối sống
Z72.9,"vấn đề liên quan đến lối sống , không xác định"
Z73,các vấn đề liên quan đến khó khăn về quản trị cuộc sống
Z73.0,cạn kiệt
Z73.1,những nét cá tính nổi bật
Z73.2,thiếu thư giãn và giải trí
Z72.2,sử dụng ma túy
Z72.3,không luyện tập thể dục
Z72.4,chế độ ăn uống và thói quen ăn uống không thích hợp
Z72.5,hành vi tình dục nguy cơ cao
Z72.6,đánh bạc và đánh cuộc
Z71.7,tư vấn về virus suy giảm miễn dịch người ( hiv )
Z71.8,tư vấn đặc hiệu khác
Z71.9,"tư vấn , không xác định"
Z72,các vấn đề liên quan đến lối sống
Z72.0,sử dụng thuốc lá
Z72.1,sử dụng rượu
Z44.1,lắp và điều chỉnh chân giả ( toàn bộ ) ( một phần )
Z44.2,lắp và điều chỉnh mắt giả
Z30.0,tư vấn tổng quát và lời khuyên về tránh thai
Z30.1,đặt dụng cụ tránh thai ( trong tử cung )
Z30.2,triệt sản
Z30.3,hút kinh nguyệt
Z30.4,theo dõi sử dụng thuốc tránh thai
Z30.5,theo dõi dụng cụ tránh thai ( trong tử cung )
Z62.1,cha mẹ bảo vệ quá mức
Z62.2,giáo dưỡng thể chế
Z62.3,thái độ thù địch với trẻ
Z62.4,thái độ thờ ơ với trẻ
Z62.5,các vấn đề khác liên quan đến giáo dưỡng thờ ơ
Z60.2,sống đơn độc
Z60.3,khó khăn trong việc tiếp nhận biến đổi văn hóa
Z60.4,loại trừ và đào thải xã hội
Z61.3,những sự kiện làm trẻ mất tự trọng
Z61.4,những vấn đề được xem là lạm dụng tình dục trẻ em của người lớn có quan hệ nương tựa chủ chốt
Z61.5,những vấn đề được xem là lạm dụng tình dục trẻ em của người lớn ngoài quan hệ nương tựa chủ chốt
Z61.6,những vấn đề được xem là lạm dụng thân thể trẻ em
Z58.9,"các vấn đề liên quan đến môi trường vật lý , không xác định"
Z59,những vấn đề liên quan đến nhà ở và hoàn cảnh kinh tế
Z59.0,tình trạng vô gia cư
Z59.1,nhà ở không đầy đủ
Z59.2,"bất hòa với hàng xóm , người thuê và chủ nhà"
Z59.3,những vấn đề liên quan đến sinh sống tại nơi cư trú
Z60.5,mục tiêu phân biệt đối xử chống đối cảm nhận được và ngược đãi
Z60.8,các vấn đề khác liên quan đến môi trường xã hội
Z60.9,"vấn đề liên quan đến môi trường xã hội , không xác định"
Z61,những vấn đề liên quan đến sự kiện tiêu cực của đời sống thơ ấu
Z61.0,mất quan hệ gần gũi trong thời kỳ thơ ấu
Z61.1,trẻ bỏ nhà
Z61.2,những mô hình khác của mối quan hệ gia đình trong thời kỳ thơ ấu
Z59.4,thiếu thức ăn
Z59.5,quá nghèo
Z59.6,thu nhập thấp
Z59.7,trợ cấp xã hội và bảo hiểm xã hội không đảm bảo
Z59.8,những vấn đề khác liên quan đến nhà ở và hoàn cảnh kinh tế
Z59.9,"vấn đề liên quan đến nhà ở và hoàn cảnh kinh tế , không xác định"
Z60,vấn đề liên quan đến môi trường xã hội
Z60.0,vấn đề do thay đổi cuộc sống
Z60.1,hoàn cảnh cha hay mẹ không điển hình
Z58.1,phơi nhiễm với không khí ô nhiễm
Z58.2,phơi nhiễm với nước ô nhiễm
Z58.3,phơi nhiễm với đất ô nhiễm
Z58.4,phơi nhiễm với tia xạ
Z58.5,phơi nhiễm với các ô nhiễm khác
Z58.6,cung cấp nước uống không đầy đủ
Z58.7,tiếp cận tình thế với khói thuốc
Z58.8,các vấn đề khác liên quan đến môi trường vật lý
Z43.1,chăm sóc lỗ mở thông dạ dày
Z43.2,chăm sóc lỗ mở thông hồi tràng
Z43.3,chăm sóc lỗ mở thông đại tràng
Z43.4,chăm sóc các lỗ mở nhân tạo khác của đường tiêu hóa
Z54.7,dưỡng sức sau điều trị phối hợp
Z54.8,dưỡng sức sau điều trị khác
Z54.9,dưỡng sức sau điều trị không xác định
Z55,những vấn đề liên quan đến giáo dục và biết chữ
Z55.0,mù chữ và biết chữ mức thấp
Z55.1,không có trường học và không tới được
Z52.2,người hiến xương
Z52.3,người hiến tủy xương
Z52.4,người hiến thận
Z52.5,người hiến giác mạc
Z52.6,người hiến gan
Z55.2,thi trượt
Z55.3,học kém ở trường
Z55.4,bất hòa với giáo viên và bạn cùng lớp
Z55.8,các vấn đề khác liên quan đến giáo dục và mù chữ
Z56.4,bất hòa với chủ và các đồng nghiệp
Z56.5,việc làm không thích hợp
Z56.6,căng thẳng tinh thần và thể lực liên quan đến công việc
Z56.7,các vấn đề liên quan đến việc làm khác và không xác định
Z57,nghề nghiệp tiếp xúc với các yếu tố nguy cơ
Z53.8,chưa thực hiện vì những lý do khác
Z53.9,"phẫu thuật thủ thuật không được thực hiện , lý do không xác định"
Z54,dưỡng sức
Z54.0,dưỡng sức sau phẫu thuật
Z54.1,dưỡng sức sau xạ trị liệu
Z54.2,dưỡng sức sau hóa trị liệu
Z54.3,dưỡng sức sau liệu pháp tâm thần
Z54.4,dưỡng sức sau điều trị gãy xương
Z52.7,người hiến tim
Z52.8,người hiến các tạng và mô khác
Z52.9,người hiến các tạng và mô không xác định
Z53,"người bệnh đến cơ sở y tế để phẫu thuật , thủ thuật xác định nhưng chưa được thực hiện"
Z53.0,"người bệnh đến cơ sở y tế để thực hiện thủ thuật , phẫu thuật nhưng chưa thực hiện được vì chống chỉ định"
Z53.1,"người bệnh đến cơ sở y tế để thực hiện thủ thuật , phẫu thuật nhưng chưa thực hiện được vì niềm tin hay áp lực nhóm"
Z53.2,"người bệnh đến cơ sở y tế để thực hiện thủ thuật , phẫu thuật nhưng chưa thực hiện được vì quyết định của người bệnh với lý do khác và không xác định"
Z57.0,nghề nghiệp tiếp xúc với tiếng ồn
Z57.1,nghề nghiệp tiếp xúc với tia xạ
Z57.2,nghề nghiệp tiếp xúc với bụi
Z57.3,nghề nghiệp tiếp xúc với không khí lây nhiễm khác
Z57.4,nghề nghiệp tiếp xúc với các chất độc hại trong nông nghiệp
Z57.5,nghề nghiệp tiếp xúc với các chất độc trong các ngành công nghiệp khác
Z57.6,nghề nghiệp tiếp xúc với nhiệt độ cao
Z57.7,nghề nghiệp tiếp xúc với độ rung
Z57.8,nghề nghiệp tiếp xúc với các yếu tố nguy cơ khác
Z57.9,nghề nghiệp tiếp xúc với các yếu tố nguy cơ không xác định
Z58,những vấn đề liên quan đến môi trường vật lý
Z58.0,phơi nhiễm với tiếng ồn
Z55.9,"vấn đề liên quan đến giáo dục và biết chữ , không xác định"
Z56,những vấn đề liên quan đến việc làm và thất nghiệp
Z56.0,"thất nghiệp , không xác định"
Z56.1,thay đổi công việc
Z56.2,sợ mất việc
Z56.3,lịch làm việc căng thẳng
Z43.9,chăm sóc lỗ mở nhân tạo không xác định
Z44,lắp và điều chỉnh các dụng cụ chỉnh hình gắn ngoài
Z44.0,lắp và điều chỉnh tay giả ( toàn bộ ) ( một phần )
Z36.5,khám sàng lọc trước sinh về miễn dịch đồng loại
Z36.8,khám sàng lọc trước sinh khác
Z36.9,"khám sàng lọc trước sinh , không xác định"
Z37,kết quả cuộc đẻ
Z37.0,"sinh một con , trẻ sống"
Z37.1,"sinh một con , trẻ chết khi sinh"
Z41.3,bấm lỗ tai
Z41.8,"các phẫu thuật , thủ thuậtt khác vì các mục đích khác không phải phục hồi sức khoẻ"
Z41.9,"các thủ thuật vì những mục đích khác không phải phục hồi sức khoẻ , không xác định"
Z42,chăm sóc theo dõi liên quan phẫu thuật tạo hình
Z42.0,chăm sóc theo dõi liên quan phẫu thuật tạo hình vùng đầu và cổ
Z37.9,"chuyển dạ có đẻ , không xác định tình trạng con ."
Z38,trẻ sinh ra sống theo nơi sinh
Z38.0,"trẻ sinh đơn , sinh tại bệnh viện"
Z30.8,quản lý tránh thai khác
Z30.9,"quản lý tránh thai , không xác định"
Z31,quản lý sinh sản
Z31.0,tái tạo vòi trứng hay ống dẫn tinh sau khi dùng biện pháp triệt sản trước đó
Z31.1,thụ tinh nhân tạo
Z31.2,thụ tinh trong ống nghiệm
Z31.3,các phương pháp hỗ trợ sinh sản khác
Z31.4,thăm khám lượng giá và xét nghiệm sinh sản
Z27.3,tiêm chủng phòng bạch hầu - uốn ván - ho gà kèm bại liệt ( dpt bại liệt )
Z27.4,tiêm chủng phòng sởi - quai bị - rubella ( mmr )
Z27.8,tiêm chủng phòng các bệnh nhiễm khuẩn phối hợp khác
Z27.9,tiêm chủng phòng các bệnh nhiễm khuẩn phối hợp không xác định
Z28,chưa tiêm chủng
Z28.0,chưa tiêm chủng do chống chỉ định
Z28.1,chưa tiêm chủng do người bệnh chưa quyết định vì lòng tin hay áp lực của nhóm
Z39.1,chăm sóc và khám các bà mẹ cho con bú
Z39.2,khám theo dõi thường quy sau đẻ
Z40,phẫu thuật dự phòng
Z40.0,phẫu thuật dự phòng các nguy cơ liên quan đến u ác tính
Z42.4,chăm sóc theo dõi liên quan phẫu thuật tạo hình chi dưới
Z42.8,chăm sóc theo dõi liên quan phẫu thuật tạo hình các phần khác của cơ thể
Z42.9,"chăm sóc theo dõi liên quan phẫu thuật tạo hình , không xác định"
Z43,chăm sóc lỗ mở nhân tạo
Z43.0,chăm sóc lỗ mở khí quản
Z43.5,chăm sóc lỗ mở thông bàng quang
Z43.6,chăm sóc các lỗ mở nhân tạo khác của đường tiết niệu
Z43.7,chăm sóc âm đạo nhân tạo
Z43.8,chăm sóc các lỗ mở nhân tạo khác
Z42.1,chăm sóc theo dõi liên quan phẫu thuật tạo hình vú
Z42.2,chăm sóc theo dõi liên quan phẫu thuật tạo hình các phần khác của thân mình
Z42.3,chăm sóc theo dõi liên quan phẫu thuật tạo hình chi trên
Z40.8,phẫu thuật dự phòng khác
Z40.9,"phẫu thuật dự phòng , không xác định"
Z41,các thủ thuật vì những mục đích khác không phải phục hồi sức khoẻ
Z41.0,cấy tóc
Z41.1,phẫu thuật tạo hình do vẻ bên ngoài xấu
Z41.2,cắt bao quy đầu theo tập tục và thường quy
Z47,chăm sóc theo dõi sau phẫu thuật chỉnh hình khác
Z47.0,chăm sóc theo dõi liên quan đến tháo bỏ nẹp xương gãy và dụng cụ cố định bên trong khác
Z47.8,chăm sóc theo dõi chỉnh hình xác định khác
Z47.9,"chăm sóc theo dõi chỉnh hình , không xác định"
Z48,chăm sóc theo dõi liên quan phẫu thuật khác
Z48.0,chăm sóc băng bó và chỉ khâu
Z48.8,chăm sóc theo dõi sau phẫu thuật xác định khác
Z48.9,"chăm sóc theo dõi sau phẫu thuật , không xác định"
Z49,chăm sóc về lọc máu
Z49.0,chăm sóc chuẩn bị cho lọc máu
Z49.1,lọc máu ngoài cơ thể
Z44.3,lắp và điều chỉnh dụng cụ tạo hình vú gắn bên ngoài
Z44.8,lắp và điều chỉnh các dụng cụ nhân tạo ( giả ) bên ngoài khác
Z44.9,"lắp và điều chỉnh các dụng cụ nhân tạo ( giả ) bên ngoài , không xác định"
Z45,điều chỉnh và quản lý dụng cụ cấy ghép
Z46.0,lắp và điều chỉnh kính và thấu kính tiếp xúc
Z46.1,lắp và điều chỉnh dụng cụ trợ thính
Z46.2,lắp và điều chỉnh các dụng cụ khác liên quan tới hệ thần kinh và các giác quan đặc biệt
Z46.3,lắp và điều chỉnh dụng cụ phục hình răng
Z46.4,lắp và điều chỉnh dụng cụ chỉnh hình răng mặt
Z46.5,lắp và điều chỉnh các dụng cụ gắn vào hỗng tràng và ruột non
Z46.6,lắp và điều chỉnh các dụng cụ tiết niệu
Z46.7,lắp và điều chỉnh dụng cụ chỉnh hình
Z46.8,lắp và điều chỉnh các dụng cụ xác định khác
Z46.9,lắp và điều chỉnh hình dụng cụ không xác định
Z51.2,hóa trị khác
Z51.3,truyền máu không có chẩn đoán ghi nhận
Z51.4,"chăm sóc chuẩn bị cho điều trị tiếp theo , không phân loại nơi khác"
Z51.5,chăm sóc giảm nhẹ
Z51.6,giải mẫn cảm các dị nguyên
Z51.8,điều trị nội khoa xác định khác
Z51.9,"điều trị nội khoa , không xác định"
Z45.2,điều chỉnh và quản lý dụng cụ mở đường vào mạch máu
Z45.3,điều chỉnh và quản lý dụng cụ implant thính giác
Z45.8,điều chỉnh và quản lý các dụng cụ cấy ghép khác
Z45.9,điều chỉnh và quản lý dụng cụ cấy ghép không xác định
Z46,lắp và điều chỉnh các dụng cụ khác
Z49.2,các lọc máu khác
Z50,chăm sóc về sử dụng các phương pháp điều trị phục hồi chức năng
Z50.0,phục hồi chức năng tim
Z50.1,vật lý trị liệu khác
Z50.2,phục hồi chức năng nghiện rượu
Z50.3,phục hồi chức năng nghiện ma túy
Z50.4,"tâm lý trị liệu , không phân loại nơi khác"
Z45.0,điều chỉnh và quản lý thiết bị tạo nhịp tim
Z45.1,điều chỉnh và quản lý bơm tiêm tự động ( cấy ghép trên cơ thể )
Z52,người hiến tạng và mô
Z52.0,người hiến máu
Z52.1,người hiến da
Z50.5,âm ngữ trị liệu
Z50.6,huấn luyện về chỉnh thị
Z50.7,"hoạt động trị liệu và phục hồi chức năng nghề nghiệp , không xác định"
Z50.8,chăm sóc liên quan đến sử dụng các phương pháp điều trị phục hồi chức năng khác
Z50.9,"chăm sóc liên quan đến phương pháp phục hồi chức năng , không xác định"
Z51,điều trị nội khoa khác
Z51.0,xạ trị ung thư
Z51.1,hóa trị ung thư
Z38.1,"trẻ sinh đơn , sinh ngoài bệnh viện"
Z38.2,"trẻ sinh đơn , nơi sinh không xác định"
Z38.3,"trẻ sinh đôi , sinh tại bệnh viện"
Z38.4,"trẻ sinh đôi , ngoài bệnh viện"
Z38.5,"trẻ sinh đôi , nơi sinh không xác định"
Z38.6,"trẻ sinh đa thai , sinh tại bệnh viện"
Z35.6,theo dõi thai lần đầu ở người quá trẻ tuổi
Z35.7,theo dõi thai phụ có nguy cơ cao do các vấn đề xã hội
Z35.8,theo dõi thai phụ có nguy cơ cao khác
Z35.9,"theo dõi thai phụ có nguy cơ cao , không xác định"
Z36,khám sàng lọc trước sinh
Z35.0,theo dõi thai phụ có tiền sử vô sinh
Z35.1,theo dõi thai phụ có tiền sử sảy thai
Z35.2,theo dõi thai phụ có tiền sử chửa khó hoặc đẻ khó
Z22.9,"mang mầm bệnh nhiễm khuẩn , không xác định"
Z23,cần tiêm chủng phòng các bệnh nhiễm khuẩn đơn thuần
Z23.0,cần tiêm chủng phòng tả đơn độc
Z23.1,tiêm chủng phòng thương hàn - cận thương hàn đơn độc ( tab )
Z23.2,tiêm chủng phòng lao ( bcg )
Z23.3,tiêm chủng phòng dịch hạch
Z23.4,tiêm chủng phòng tularemia
Z23.5,tiêm chủng phòng uốn ván đơn độc
Z23.6,tiêm chủng phòng bạch hầu đơn độc
Z36.0,khám sàng lọc trước sinh về bất thường nhiễm sắc thể
Z36.1,khám sàng lọc trước sinh về mức alphafetoprotein tăng
Z36.2,khám sàng lọc trước sinh khác dựa vào chọc màng ối qua thành bụng
Z36.3,khám sàng lọc trước sinh về các dị dạng qua siêu âm hay phương pháp vật lý khác
Z36.4,khám sàng lọc trước sinh về thai chậm lớn bằng siêu âm hay các phương pháp vật lý khác
Z38.7,"trẻ sinh đa thai , sinh ngoài bệnh viện"
Z38.8,"trẻ sinh đa thai , nơi sinh không xác định"
Z39,chăm sóc và thăm khám sau đẻ
Z39.0,chăm sóc và khám ngay sau đẻ
Z23.7,tiêm chủng phòng ho gà đơn độc
Z23.8,tiêm chủng phòng bệnh nhiễm khuẩn đơn độc khác
Z24,cần tiêm chủng phòng một số bệnh virus đơn độc
Z24.0,tiêm chủng phòng bại liệt
Z24.1,tiêm chủng phòng viêm não virus do tiết túc mang
Z24.2,tiêm chủng phòng bệnh dại
Z24.3,tiêm chủng phòng sốt vàng da
Z24.4,tiêm chủng phòng sởi đơn độc
Z24.5,tiêm chủng phòng rubela đơn độc
Z24.6,tiêm chủng phòng viêm gan virus
Z25,cần tiêm chủng phòng các bệnh virus đơn độc khác
Z25.0,tiêm chủng phòng quai bị đơn độc
Z25.1,tiêm chủng phòng bệnh cúm
Z28.2,chưa tiêm chủng do người bệnh chưa quyết định và những lý do khác và không xác định
Z28.8,chưa tiêm chủng vì những lý do không xác định
Z28.9,chưa tiêm chủng vì lý do không xác định
Z29,cần có các biện pháp phòng bệnh khác
Z29.0,cách ly
Z29.1,miễn dịch liệu pháp dự phòng
Z29.2,hóa trị liệu dự phòng khác
Z29.8,các biện pháp dự phòng xác định khác
Z29.9,"biện pháp dự phòng , không xác định"
Z30,tránh thai
Z31.5,tư vấn về gen
Z31.6,tư vấn tổng quát và lời khuyên về sinh sản
Z31.8,quản lý sinh sản khác
Z31.9,"quản lý sinh sản , không xác định"
Z32,thăm khám và xét nghiệm xác định có thai
Z32.0,có thai chưa khẳng định
Z25.8,tiêm chủng phòng các bệnh virus đơn độc xác định khác
Z26,cần tiêm chủng phòng các bệnh nhiễm trùng đơn độc khác
Z26.0,tiêm chủng phòng lesmania
Z26.8,tiêm chủng phòng các bệnh nhiễm khuẩn đơn độc xác định khác
Z26.9,tiêm chủng phòng các bệnh nhiễm khuẩn không xác định
Z27,cần tiêm chủng phòng các bệnh nhiễm trùng phối hợp
Z27.0,tiêm chủng phòng tả kèm theo thương hàn - phó thương hàn ( tả tab )
Z27.1,tiêm chủng phòng bạch hầu - uốn ván - ho gà phối hợp ( dtp )
Z27.2,tiêm chủng phòng bạch hầu - uốn ván - ho gà kèm theo thương hàn - phó thương hàn ( dpt tab )
Z76.5,giả bệnh ( đóng giả có ý thức )
Z76.8,người đến cơ sở y tế trong hoàn cảnh xác định khác
Z76.9,người đến cơ sở y tế trong hoàn cảnh không xác định
Z80,tiền sử gia đình có u ác tính
Z80.0,tiền sử gia đình có u ác tính ở cơ quan tiêu hóa
Z80.1,"tiền sử gia đình có u ác tính ở khí quản , phế quản và phổi"
Z85.0,tiền sử bản thân có u ác tính của cơ quan tiêu hóa
Z85.1,"tiền sử bản thân có u ác tính ở khí quản , phế quản và phổi"
Z86.7,tiền sử bản thân có các bệnh về hệ tuần hoàn
Z87,tiền sử bản thân có các bệnh và trạng thái bệnh khác
Z87.0,tiền sử bản thân có các bệnh thuộc hệ hô hấp
Z87.1,tiền sử bản thân có các bệnh thuộc hệ tiêu hóa
Z86.3,tiền sử bản thân có các bệnh về nội tiết dinh dưỡng và chuyển hóa
Z86.4,tiền sử bản thân có lạm dụng chất kích thần
Z86.5,tiền sử bản thân có các rối loạn tâm thần và hành vi khác
Z86.6,tiền sử bản thân có các bệnh về hệ thần kinh và các giác quan
Z89.8,mất chi trên và chi dưới mắc phải ( bất kỳ mức nào )
Z89.9,"mất chi mắc phải , không xác định"
Z90,"mất cơ quan mắc phải , không phân loại nơi khác"
Z90.0,mất một phần của đầu và cổ mắc phải
Z90.1,mất ( một hoặc hai bên ) vú mắc phải
Z84,tiền sử gia đình có các bệnh khác
Z84.0,tiền sử gia đình có các bệnh về da và tổ chức dưới da
Z84.1,tiền sử gia đình có các rối loạn về thận và niệu quản
Z85.8,tiền sử bản thân có u ác tính ở các cơ quan và hệ thống khác
Z85.9,"tiền sử bản thân có u ác tính , không xác định"
Z86,tiền sử bản thân có một số bệnh khác
Z86.0,tiền sử bản thân có các khối u khác
Z86.1,tiền sử bản thân có bệnh nhiễm trùng và ký sinh trùng
Z86.2,tiền sử bản thân có các bệnh về máu và cơ quan tạo máu và một số rối loạn về cơ chế miễn dịch
Z85.5,tiền sử bản thân có u ác tính của đường tiết niệu
Z85.6,tiền sử bản thân có bệnh bạch cầu
Z85.7,"tiền sử bản thân có u ác tính hệ lympho , cơ quan tạo máu và tổ chức tạo máu"
Z89.2,mất chi trên ở trên ở cổ tay mắc phải
Z89.3,mất cả hai chi trên mắc phải ( bất kỳ mức nào )
Z89.4,mất bàn chân và mắt cá chân mắc phải ( nhiều ) ngón chân
Z89.5,mất cẳng chân tại khớp gối hay dưới khớp gối mắc phải
Z84.2,tiền sử gia đình có các bệnh thuộc hệ sinh dục tiết niệu
Z84.3,tiền sử gia đình có các bệnh về huyết thống
Z84.8,tiền sử gia đình có các bệnh xác định khác
Z85,tiền sử bản thân có u ác tính
Z88.0,tiền sử bản thân dị ứng với penicillin
Z88.1,tiền sử bản thân dị ứng với các kháng sinh khác
Z88.2,tiền sử bản thân dị ứng với sulfonamides
Z88.3,tiền sử bản thân dị ứng với các tác nhân chống nhiễm khuẩn khác
Z88.4,tiền sử bản thân dị ứng với thuốc gây mê
Z88.5,tiền sử bản thân dị ứng với các chất gây ngủ
Z88.6,tiền sử bản thân dị ứng với các tác nhân giảm đau
Z88.7,tiền sử bản thân dị ứng với huyết thanh và vắc xin
Z85.2,tiền sử bản thân có u ác tính ở các cơ quan hô hấp và các cơ quan khác trong lồng ngực
Z85.3,tiền sử bản thân có u ác tính ở vú
Z85.4,tiền sử bản thân có u ác tính ở các cơ quan sinh dục
Z87.2,tiền sử bản thân có các bệnh về da và tổ chức dưới da
Z87.3,tiền sử bản thân có các bệnh thuộc hệ cơ xương và tổ chức liên kết
Z90.7,mất ( nhiều ) cơ quan sinh dục mắc phải
Z90.8,mất các cơ quan khác mắc phải
Z91,"tiền sử bản thân có yếu tố nguy cơ , không phân loại nơi khác"
Z91.0,"tiền sử bản thân có dị ứng , không kể dị ứng thuốc và các chất sinh học"
Z89.6,mất cẳng chân trên khớp gối mắc phải
Z89.7,"mất cả hai chi dưới mắc phải ( bất kỳ mức nào , trừ riêng ngón chân )"
Z91.1,tiền sử bản thân có chế độ điều trị và chế độ ăn không thuận
Z91.2,tiền sử bản thân có chế độ vệ sinh thân thể kém
Z91.3,tiền sử bản thân có giờ giấc ngủ thao thức không ngon
Z91.4,"tiền sử bản thân có sang chấn tâm lý , không phân loại nơi khác"
Z91.5,tiền sử bản thân về tự hại
Z94.6,tình trạng ghép xương
Z94.7,tình trạng ghép giác mạc
Z94.8,tình trạng đã ghép mô và bộ phận cơ thể khác
Z94.9,"tình trạng đã ghép mô và bộ phận cơ thể , không xác định"
Z95,còn các thiết bị implant và vật ghép tim và mạch máu
Z95.0,còn thiết bị điện tim
Z93.5,tình trạng lỗ mở bàng quang
Z93.6,tình trạng lỗ mở khác của đường tiết niệu
Z93.8,tình trạng lỗ mở nhân tạo khác
Z93.9,"tình trạng lỗ mở nhân tạo , không xác định"
Z94,tình trạng mô và tạng ghép
Z94.0,tình trạng ghép thận
Z91.6,tiền sử bản thân có sang chấn thực thể khác
Z91.8,"tiền sử bản thân có các yếu tố nguy cơ khác , không phân loại nơi khác"
Z92,tiền sử bản thân liên quan đến điều trị
Z92.0,tiền sử bản thân về tránh thai
Z92.1,tiền sử bản thân ( đang ) sử dụng dài ngày các chất chống đông
Z92.2,tiền sử bản thân ( đang ) sử dụng dài ngày các chất khác
Z92.3,tiền sử bản thân có điều trị tia xạ
Z92.4,"tiền sử bản thân có phẫu thuật lớn , không phân loại nơi khác"
Z92.5,tiền sử bản thân có điều trị bằng các phương pháp phục hồi chức năng
Z92.6,tiền sử bản thân về hóa trị liệu bệnh u bướu
Z92.8,tiền sử bản thân có các điều trị khác
Z92.9,"tiền sử bản thân có các điều trị , không xác định"
Z93,tình trạng lỗ mở nhân tạo
Z93.0,tình trạng lỗ mở khí quản
Z93.1,tình trạng lỗ mở dạ dày
Z93.2,tình trạng lỗ mở hồi tràng
Z93.3,tình trạng lỗ mở đại tràng
Z93.4,tình trạng lỗ mở nhân tạo khác của dạ dày - ruột
Z94.1,tình trạng ghép tim
Z94.2,tình trạng ghép phổi
Z94.3,tình trạng ghép tim và phổi
Z94.4,tình trạng ghép gan
Z94.5,tình trạng ghép da
Z87.4,tiền sử bản thân có các bệnh thuộc hệ sinh dục tiết niệu
Z87.5,"tiền sử bản thân có các biến chứng của thai kỳ , sinh đẻ và sau đẻ"
Z96.2,còn dụng cụ implant tai và thính giác
Z96.3,còn họng nhân tạo
Z96.4,còn dụng cụ cấy ghép nội tiết
Z96.5,còn dụng cụ chân răng và trụ implant
U04,hội chứng suy hô hấp cấp tính nặng ( sars )
U04.9,"hội chứng suy hô hấp cấp tính nặng ( sars ) , không xác định"
U07,tình huống khẩn cấp u07
U07.0,rối loạn liên quan sử dụng thuốc lá điện tử
U07.1,"covid - 19 , xác định có virus"
Z97.5,còn dụng cụ tránh thai ( trong tử cung )
Z97.8,còn các dụng cụ xác định khác
Z98,các tình trạng sau phẫu thuật khác
Z98.0,tình trạng nối tắt ruột và nối ruột
Z95.1,còn mảnh ghép nối thông động mạch chủ - vành ( bypass )
Z95.2,còn van tim nhân tạo
Z95.3,còn van tim ngoại lai
Z95.4,còn van tim thay thế khác
Z95.5,còn dụng cụ implant và vật ghép tạo hình động mạch vành
Z97.1,còn chi giả ( toàn bộ ) ( một phần )
Z97.2,còn dụng cụ phục hình răng ( toàn bộ ) ( một phần )
Z97.3,còn mắt kính và thấu kính tiếp xúc
Z97.4,còn dụng cụ trợ thính bên ngoài
Z96.6,còn dụng cụ chỉnh hình khớp
Z96.7,còn dụng cụ implant xương và gân
Z96.8,còn dụng cụ cấy ghép chức năng xác định khác
Z96.9,"còn dụng cụ cấy ghép chức năng , không xác định"
Z97,còn các dụng cụ khác
Z97.0,còn mắt nhân tạo ( mắt giả )
Z98.1,tình trạng đóng cứng khớp
Z98.2,còn dụng cụ dẫn lưu dịch não tủy
Z98.8,các tình trạng sau phẫu thuật xác định khác
Z99,"tình trạng phụ thuộc vào các thiết bị và dụng cụ , không phân loại nơi khác"
Z99.0,phụ thuộc máy hút
Z99.1,phụ thuộc máy thở
Z99.2,phụ thuộc chạy thận nhân tạo
Z99.3,phụ thuộc vào xe lăn
Z99.4,phụ thuộc vào tim nhân tạo
Z99.8,phụ thuộc vào các thiết bị và dụng cụ khác
Z99.9,phụ thuộc vào thiết bị và dụng cụ không xác định
Z95.8,còn dụng cụ implant và vật ghép của tim và mạch máu khác
Z95.9,"còn dụng cụ implant và vật ghép tim và mạch máu , không xác định"
Z96,còn dụng cụ cấy ghép chức năng khác
Z96.0,còn các dụng cụ cấy ghép tiết niệu sinh dục
Z96.1,còn thể thủy tinh nhân tạo ( iol )
Z87.6,tiền sử bản thân có một số bệnh xuất hiện trong thời kỳ chu sinh
Z87.7,"tiền sử bản thân có các dị tật bẩm sinh , dị tật và bất thường nhiễm sắc thể"
Z87.8,tiền sử bản thân có các tình trạng bệnh xác định khác
Z88,"tiền sử bản thân có có các dị ứng với thuốc , dược phẩm và chất sinh học"
Z88.8,"tiền sử bản thân dị ứng với thuốc , dược phẩm và chất sinh học khác"
Z88.9,"tiền sử bản thân dị ứng với thuốc , dược phẩm và chất sinh học không xác định"
Z89,mất chi mắc phải
Z89.0,"mất nhiều ngón tay mắc phải ( kể cả ngón cái ) , một bên"
Z89.1,mất bàn tay và cổ tay mắc phải
Z90.2,mất ( một phần ) phổi mắc phải
Z90.3,mất một phần dạ dày mắc phải
Z90.4,mất các phần khác của đường tiêu hóa mắc phải
Z90.5,mất thận mắc phải
Z90.6,mất các phần khác của đường tiết niệu mắc phải
U07.2,"covid - 19 , chưa xác định virus"
U08,tiền sử bản thân mắc covid - 19
U08.9,"tiền sử bản thân mắc covid - 19 , không xác định"
U09,tình trạng bệnh lý sau điều trị covid - 19
U09.9,"bệnh lý sau khỏi covid - 19 , không xác định"
U10,hội chứng viêm đa cơ quan liên quan đến covid - 19
U10.9,"hội chứng viêm đa cơ quan liên quan đến covid - 19 , không xác định"
U11,cần tiêm phòng covid - 19
U11.9,"cần tiêm phòng covid - 19 , không xác định"
U12,vắc xin covid - 19 gây tác dụng phụ ( adr ) trong điều trị
U12.9,"vắc xin covid - 19 gây tác dụng phụ ( adr ) trong điều trị , không xác định"
U82,kháng kháng sinh họ betalactam
U82.0,kháng penicillin
U82.1,kháng methicillin
U82.8,kháng kháng sinh họ betalactam khác
U82.9,"kháng kháng sinh họ betalactam , không xác định"
U83,kháng các kháng sinh khác
U83.0,kháng vancomycin
U83.1,kháng các kháng sinh thuộc họ vancomycin khác
U83.2,kháng nhóm quinolon
U83.7,kháng đa kháng sinh
U83.8,"kháng một loại kháng sinh xác định , khác"
U83.9,kháng kháng sinh không xác định
U84,kháng các thuốc kháng sinh khác
U84.0,kháng ( các ) thuốc diệt ký sinh trùng
U84.1,kháng ( các ) thuốc chống nấm
U84.2,kháng ( các ) thuốc kháng virus
U84.3,kháng ( các ) thuốc chống lao
U84.7,kháng đa thuốc kháng vi sinh vật
U84.8,kháng thuốc kháng vi sinh vật xác định khác
U84.9,kháng các thuốc kháng vi sinh vật không xác định
U85,kháng các thuốc kháng ung thư
